Ticker,Stock Name,Sector,Today's Price,Market Cap,Daily Change (%),Weekly Change (%),Monthly Change (%),3-Month Change (%),Yearly Change (%),5-Year Change (%),EPS (Trailing),P/E Ratio,P/B Ratio,Total Revenue (Latest Quarter),Total Revenue (Previous Quarter),Total Revenue % Change,Gross Profit (Latest),Gross Profit (Previous),Gross Profit % Change,Net Profit (Latest),Net Profit (Previous),Net Profit % Change,Annualized EPS (Latest),Annualized EPS (Previous),Annualized EPS % Change,Book Value per Share (Latest),Book Value per Share (Previous),Book Value per Share % Change,Total Assets (Latest),Total Assets (Previous),Total Assets % Change,Total Liabilities (Latest),Total Liabilities (Previous),Total Liabilities % Change,Paid-up Capital (Latest),Paid-up Capital (Previous),Paid-up Capital % Change,Reserves (Latest),Reserves (Previous),Reserves % Change,ROE,D/E Ratio
ACLBSL,Aarambha Chautari Laghubitta Bittiya Sanstha Limited,Microcredit,893.00,3.28 Ar,+1.58%,+1.48%,-0.91%,-6.76%,-7.94%,-25.14%,27.79,32.14,4.94,819953.84,605751.25,+35.36%,474512.62,333973.72,+42.08%,102017.98,93684.51,+8.90%,27.79,34.02,-18.33%,180.9,179.21,+0.95%,5950772.97,6160957.14,-3.41%,5286596.48,5503003.4,-3.93%,367143.41,367143.41,0.00%,297033.08,290810.33,+2.14%,0.1536,7.9596
ADBL,Agriculture Development Bank,Commercial Banks,314.00,43.51 Ar,+1.72%,+4.67%,+4.67%,+1.62%,+11.76%,-11.97%,16.11,19.49,1.34,20974502.04,15446740.24,+35.79%,9121508.26,6634494.24,+37.49%,2630641.84,1393973.95,+88.72%,16.11,10.71,+50.37%,233.99,230.49,+1.52%,420134125.1,399787449.61,+5.09%,381227797.3,361381539.74,+5.49%,19738231.09,19738231.09,0.00%,19168096.67,18667678.78,+2.68%,0.0688,9.7986
AHL,Asian Hydropower Limited,Hydro Power,395.00,1.34 Ar,+4.47%,+10.03%,-3.19%,-17.19%,-35.93%,+20.21%,-17.41,-22.69,5.77,81461.84,51964.86,+56.76%,60172.5,30152.73,+99.56%,-59183.63,-49240.48,+20.19%,-17.41,-19.31,-9.86%,68.43,71.36,-4.10%,1351716.06,1278625.89,+5.72%,1119042.8,1036009.49,+8.01%,340000.0,340000.0,0.00%,-107326.74,-97383.6,+10.21%,-0.2544,4.8095
AHPC,Arun Valley Hydropower Development,Hydro Power,269.50,10.37 Ar,+0.56%,+3.26%,+3.65%,-1.28%,+5.69%,-3.47%,3.41,78.97,2.46,287047.96,229118.16,+25.28%,240411.7,201121.98,+19.54%,137892.44,133685.44,+3.15%,3.41,4.41,-22.64%,109.71,110.71,-0.91%,4720989.53,4773912.25,-1.11%,288450.57,300620.02,-4.05%,4040403.15,4040403.15,0.00%,392135.81,432889.09,-9.41%,0.0311,0.0651
AKJCL,Ankhu Khola Jalvidhyut Company Ltd.,Hydro Power,359.00,7.18 Ar,+1.73%,+5.65%,+2.84%,-5.77%,+107.51%,+80.22%,3.18,112.9,3.83,224292.68,172480.16,+30.04%,188284.16,142440.52,+32.18%,63595.21,38335.96,+65.89%,3.18,2.56,+24.42%,93.69,92.42,+1.37%,2558235.75,2557504.45,+0.03%,684504.47,709032.42,-3.46%,2000000.0,2000000.0,0.00%,-126268.72,-151527.97,-16.67%,0.0339,0.3653
AKPL,Arun Kabeli Power Ltd.,Hydro Power,258.89,10.09 Ar,+1.93%,+1.53%,+3.98%,-2.30%,+8.78%,-13.61%,2.05,126.59,2.54,613304.19,498284.73,+23.08%,536557.72,447270.46,+19.96%,79681.7,143780.05,-44.58%,2.05,4.92,-58.44%,101.77,103.42,-1.59%,7316444.41,7441625.99,-1.68%,3351537.89,3412621.12,-1.79%,3895942.1,3895942.1,0.00%,68964.42,133062.78,-48.17%,0.0201,0.8453
ALBSL,Asha Laghubitta Bittiya Sanstha Ltd,Microcredit,"1,190.00",8.72 Ar,-2.06%,+2.94%,+8.00%,+8.40%,+26.00%,+29.24%,32.63,36.47,6.81,1537326.33,1110273.23,+38.46%,884504.48,622200.83,+42.16%,261939.32,176262.59,+48.61%,32.63,29.28,+11.46%,174.67,163.92,+6.56%,12314836.38,12040384.92,+2.28%,10912766.9,10724603.8,+1.75%,802685.68,802685.68,0.00%,599383.8,513095.44,+16.82%,0.1868,7.7833
ALICL,Asian Life Insurance,Life Insurance,432.90,21.65 Ar,+3.81%,+8.44%,+4.31%,-2.52%,-0.61%,-8.44%,7.89,54.88,3.93,14256928.25,10062267.52,+41.69%,1801939.31,1353167.6,+33.16%,414200.48,347386.59,+19.23%,7.89,9.26,-14.83%,120.13,125.01,-3.91%,62335123.93,60602514.87,+2.86%,56026879.85,54350432.84,+3.08%,5251217.17,5001159.21,+5.00%,526725.18,717318.77,-26.57%,0.0657,8.8815
ANLB,Aatmanirbhar Laghubitta Bittiya Sanstha Limited,Microcredit,"5,005.00",3.92 Ar,-0.60%,+1.52%,-4.21%,-24.20%,-6.27%,+1549.74%,69.71,71.79,13.81,232898.68,165665.49,+40.58%,153659.59,109832.7,+39.90%,62399.54,48469.67,+28.74%,69.71,82.49,-15.49%,362.38,484.74,-25.24%,2182422.96,2085564.09,+4.64%,1858064.83,1705803.54,+8.93%,89507.2,78343.28,+14.25%,234850.93,301417.26,-22.08%,0.1924,5.7284
APHL,Appolo Hydropower Limited,Hydro Power,683.50,3.21 Ar,-1.23%,+0.37%,-8.92%,-14.20%,+98.35%,+98.35%,-4.12,-165.88,6.67,32523.39,4007.92,+711.48%,16718.81,629.57,"+2,555.60%",-19365.85,-5302.21,+265.24%,-4.12,-2.15,+91.75%,102.41,110.55,-7.36%,1570851.32,2992708.62,-47.51%,1089505.35,1172056.82,-7.04%,470000.0,329000.0,+42.86%,11345.98,34705.63,-67.31%,-0.0402,2.2635
API,Api Power,Hydro Power,336.00,20.42 Ar,+0.12%,+0.39%,+1.82%,-1.75%,+35.76%,+42.13%,15.06,22.32,2.81,1766558.36,1304385.66,+35.43%,1527791.42,1130238.0,+35.17%,960605.09,658546.63,+45.87%,15.06,13.76,+9.40%,119.51,115.32,+3.63%,15612787.44,16089667.85,-2.96%,7988559.99,8732286.61,-8.52%,6379724.2,6379724.2,0.00%,1244503.23,977657.04,+27.29%,0.126,1.0478
AVYAN,Aviyan Laghubitta Bittiya Sanstha Limited,Microcredit,"1,064.00",2.66 Ar,+0.85%,-2.47%,+3.96%,+1.34%,+5.00%,+206.10%,57.04,18.65,6.7,518436.39,383655.61,+35.13%,311683.51,226058.78,+37.88%,142608.42,98498.19,+44.78%,57.04,52.53,+8.59%,158.75,157.84,+0.58%,3710635.02,3669983.76,+1.11%,3313759.69,3275378.55,+1.17%,250000.0,250000.0,0.00%,146875.33,144605.21,+1.57%,0.3593,8.3496
BANDIPUR,Bandipur Cablecar and Tourism Limited,Hotels,654.00,18.51 Ar,-0.61%,+2.35%,-4.66%,-19.36%,+108.61%,+108.61%,-1.96,-334.42,7.15,83771.74,60824.94,+37.73%,19737.47,16578.66,+19.05%,-55344.65,-41693.66,+32.74%,-1.96,-1.96,-0.45%,91.41,91.9,-0.52%,3880296.55,3886144.71,-0.15%,1293260.46,1285457.62,+0.61%,2829993.0,2829993.0,0.00%,-242956.9,-229305.91,+5.95%,-0.0214,0.4999
BARUN,Barun Hydropower,Hydro Power,335.00,3.59 Ar,+2.45%,+5.02%,+5.68%,+0.30%,+17.84%,+71.28%,2.08,160.93,3.1,109238.01,75366.95,+44.94%,90330.63,64651.07,+39.72%,23367.22,16953.84,+37.83%,2.08,2.01,+3.37%,108.19,107.72,+0.44%,1490067.88,1492110.72,-0.14%,275626.38,282969.3,-2.59%,1122532.43,1122532.43,0.00%,91909.07,86608.99,+6.12%,0.0192,0.227
BBC,Bishal Bazar,Trading,"4,140.00",166.01 Ar,+0.85%,+2.48%,+0.78%,-2.68%,-9.33%,-23.22%,3.67,1126.56,32.1,,,,,,,,,,,,,,,,,,,,,,,,,,,,,
BEDC,Bhugol Energy Development Company Limited,Hydro Power,311.00,1.69 Ar,+2.98%,+4.05%,-0.80%,-14.91%,-46.10%,+39.46%,-1.7,-183.36,6.72,62444.81,49435.88,+26.31%,57689.31,43175.89,+33.61%,-9227.59,-508.41,"+1,714.99%",-1.7,-0.12,"+1,261.24%",46.28,47.88,-3.35%,816359.85,839538.46,-2.76%,564567.99,579027.43,-2.50%,544053.4,544053.4,0.00%,-292261.54,-283542.36,+3.08%,-0.0367,2.2422
BFC,Best Finance,Finance,464.00,4.13 Ar,-0.02%,+6.91%,-4.33%,-7.94%,+10.53%,+1.31%,7.84,59.21,4.1,465121.73,364635.38,+27.56%,118404.88,103609.61,+14.28%,69778.87,58755.96,+18.76%,7.84,8.8,-10.93%,113.08,112.72,+0.32%,7513636.52,7451218.29,+0.84%,6506744.04,6447509.81,+0.92%,890424.24,890424.24,0.00%,116468.24,113284.24,+2.81%,0.0693,6.4622
BGWT,Bhagawati Hydropower Development Company Limited,Hydro Power,481.00,2.86 Ar,-2.24%,+1.05%,-3.80%,-26.09%,-35.08%,+49.10%,9.01,53.4,4.25,154099.6,129217.98,+19.26%,129160.12,111273.45,+16.07%,61090.05,56770.3,+7.61%,9.01,11.16,-19.29%,113.3,112.67,+0.57%,985754.79,984465.12,+0.13%,217276.59,220306.68,-1.38%,678239.9,678239.9,0.00%,90238.3,85918.54,+5.03%,0.0795,0.2827
BHCL,Bikash Hydropower Company Limited,Hydro Power,544.00,4.95 Ar,-0.58%,+4.41%,-1.45%,+1.30%,+30.77%,+69.31%,10.81,50.32,4.83,190898.91,138139.74,+38.19%,176672.42,129024.14,+36.93%,98272.48,71083.1,+38.25%,10.81,10.43,+3.69%,112.53,109.64,+2.64%,1191612.62,1286599.94,-7.38%,168574.96,289902.24,-41.85%,909101.3,909101.3,0.00%,113936.36,87596.4,+30.07%,0.0961,0.1648
BHDC,Bindhyabasini Hydropower Development Company Limited,Hydro Power,435.50,4.92 Ar,+1.52%,+4.44%,+2.66%,-3.93%,-16.95%,+43.06%,11.79,36.94,3.68,455635.11,353104.81,+29.04%,444964.27,344876.58,+29.02%,139841.02,117655.74,+18.86%,11.79,13.22,-10.86%,118.32,117.43,+0.75%,3193230.87,2916602.47,+9.48%,1789666.98,1523491.11,+17.47%,1186290.0,1186290.0,0.00%,217273.89,206821.36,+5.05%,0.0996,1.2751
BHL,Balephi Hydropower Limited,Hydro Power,217.30,7.94 Ar,+0.09%,+2.74%,+4.67%,+1.07%,+30.12%,+106.07%,7.91,27.48,2.68,1153198.49,878539.64,+31.26%,1050128.23,806182.45,+30.26%,289106.76,235658.82,+22.68%,7.91,8.59,-7.99%,81.22,79.95,+1.60%,8803225.77,8669860.0,+1.54%,5833696.58,5746986.68,+1.51%,3655940.0,3655940.0,0.00%,-686410.81,-733066.68,-6.36%,0.0974,1.9645
BHPL,Barahi Hydropower Public Limited,Hydro Power,470.00,1.18 Ar,+1.97%,+4.44%,-1.88%,-10.05%,-28.80%,+119.93%,-0.3,-1583.13,9.39,28215.46,23794.39,+18.58%,26261.73,22135.8,+18.64%,-742.2,-1098.03,-32.41%,-0.3,-0.59,-49.30%,50.03,50.03,+0.01%,357326.73,371443.0,-3.80%,232244.29,246373.46,-5.73%,250000.0,250000.0,0.00%,-124917.56,-124930.46,-0.01%,-0.006,1.8567
BJHL,Bhujung Hydropower Limited,Hydro Power,658.90,6.59 Ar,+1.46%,+0.29%,-7.72%,-23.38%,+121.78%,+121.78%,-2.6,-253.5,7.41,170084.2,124093.86,+37.06%,131337.17,103377.24,+27.05%,-25992.36,-24428.84,+6.40%,-2.6,-3.26,-20.20%,88.95,88.82,+0.15%,1822133.29,1825403.01,-0.18%,932638.65,937231.49,-0.49%,1000000.0,1000000.0,0.00%,-110505.37,-111828.48,-1.18%,-0.0292,1.0485
BNHC,Buddha Bhumi Nepal Hydropower Company Limited,Hydro Power,281.39,1.13 Ar,+0.57%,+3.72%,+0.50%,-13.42%,+0.14%,+55.60%,1.49,188.72,2.8,185017.46,146421.73,+26.36%,172928.8,139149.85,+24.28%,11953.74,23342.85,-48.79%,1.49,7.53,-80.20%,100.38,81.58,+23.04%,1587996.25,1328961.06,+19.49%,783246.82,991779.96,-21.03%,801690.4,413304.4,+93.97%,3059.04,-76123.33,-104.02%,0.0148,0.9733
BNL,Bottlers Nepal (Balaju),Manufacturing And Processing,"14,831.00",28.90 Ar,+2.85%,+9.74%,-0.46%,-2.00%,-6.13%,+670.61%,450.71,32.91,4.05,12053168.0,7744894.0,+55.63%,3918816.0,2227365.0,+75.94%,878391.0,219949.0,+299.36%,450.71,150.48,+199.52%,3660.87,3297.17,+11.03%,13223117.0,14365992.0,-7.96%,6088480.0,7940177.0,-23.32%,194889.0,194889.0,0.00%,6939748.0,6230926.0,+11.38%,0.1231,0.8534
BNT,Bottlers Nepal (Terai),Manufacturing And Processing,"12,450.00",15.06 Ar,+5.06%,+8.17%,+7.33%,+4.63%,+10.94%,+28.68%,544.86,22.85,3.59,8838064.0,5651476.0,+56.39%,2814131.0,1648168.0,+70.74%,659281.0,277051.0,+137.96%,544.86,305.29,+78.47%,3470.17,3137.85,+10.59%,8157998.0,9517745.0,-14.29%,3959093.0,5720941.0,-30.80%,121000.0,121000.0,0.00%,4077905.0,3675804.0,+10.94%,0.157,0.9429
BOKD86KA,"BOK Debenture 2086 ""KA""",Bond,"1,100.50",0.00,+0.36%,0.00%,+0.36%,-9.12%,-6.18%,+7.89%,,,,,,,,,,,,,,,,,,,,,,,,,,,,,,,,
BPCL,Butwal Power,Hydro Power,698.00,23.80 Ar,+3.76%,+8.72%,+9.40%,+4.02%,-3.21%,+71.22%,9.84,70.94,3.22,801615.0,622704.0,+28.73%,359859.0,315933.0,+13.90%,335442.0,299317.0,+12.07%,9.84,11.71,-15.95%,216.97,214.84,+0.99%,7871053.0,7830268.0,+0.52%,474370.0,506359.0,-6.32%,3409065.0,3409065.0,0.00%,3987618.0,3914844.0,+1.86%,0.0454,0.0641
BUNGAL,Bungal Hydro Limited,Hydro Power,529.90,4.40 Ar,+0.26%,+1.90%,-10.93%,-40.33%,+59.32%,+59.32%,-3.84,-138.0,6.51,282478.45,236641.65,+19.37%,258035.75,225724.45,+14.31%,-31869.77,-4890.0,+551.73%,-3.84,-0.79,+388.80%,81.42,84.68,-3.85%,2975146.25,2994993.73,-0.66%,2299363.58,2292174.78,+0.31%,830000.0,830000.0,0.00%,-154217.33,-127181.06,+21.26%,-0.0472,3.4025
C30MF,Citizens Super 30 Mutual Fund,Mutual Fund,10.00,75.07 Cr,+1.42%,+2.46%,0.00%,-2.34%,+10.13%,+25.56%,,,,,,,,,,,,,,,,,,,,,,,,,,,,,,,,
CBBL,Chhimek Laghubitta Bikas Bank,Microcredit,960.00,30.87 Ar,+0.32%,+1.90%,+2.56%,+5.21%,+18.15%,+16.61%,35.91,26.73,3.82,6717349.51,4910866.13,+36.79%,3008419.12,2203023.14,+36.56%,1298965.54,906476.53,+43.30%,35.91,33.41,+7.47%,251.06,241.93,+3.77%,57662220.7,57174457.85,+0.85%,48580869.96,48423333.1,+0.33%,3617264.1,3617264.1,0.00%,5464086.64,5133860.65,+6.43%,0.143,5.3495
CFCL,Central Finance,Finance,580.00,5.50 Ar,+1.75%,-0.80%,-2.52%,-7.23%,+24.20%,+13.56%,13.44,43.15,4.75,639321.28,481029.84,+32.91%,219534.62,164584.16,+33.39%,127549.16,36938.26,+245.30%,13.44,5.19,+158.98%,122.15,114.62,+6.56%,9938698.52,9947036.36,-0.08%,8779690.09,8859417.86,-0.90%,948875.46,948875.46,0.00%,210132.98,138743.04,+51.45%,0.11,7.5752
CGH,Chandragiri Hills Limited,Hotels,794.00,12.18 Ar,+0.23%,+3.51%,+2.72%,+1.28%,-6.09%,-39.13%,5.12,155.05,7.5,806210.44,482935.97,+66.94%,377705.36,206591.78,+82.83%,82489.86,-9348.49,-982.39%,5.12,-0.77,-761.81%,105.9,100.2,+5.69%,4128613.36,3973672.1,+3.90%,2422779.49,2359712.57,+2.67%,1610795.55,1610795.55,0.00%,95038.33,3163.98,"+2,903.76%",0.0483,1.4203
CHCL,Chilime Hydropower,Hydro Power,369.70,32.47 Ar,+2.98%,+5.00%,-22.98%,-23.62%,-13.27%,+2.48%,7.59,48.7,2.98,1167632.06,823664.77,+41.76%,912434.69,669997.57,+36.18%,720059.19,456995.1,+57.56%,7.59,6.42,+18.17%,123.9,121.0,+2.40%,12186987.59,11918749.91,+2.25%,434753.42,441487.85,-1.53%,9484988.68,9484988.68,0.00%,2267245.51,1992273.37,+13.80%,0.0613,0.037
CHDC,CEDB Holdings Limited,Organized Fund,"2,387.00",24.69 Ar,+0.84%,+6.85%,+8.70%,+8.01%,+6.33%,+206.58%,61.12,39.05,8.88,650675.33,487109.4,+33.58%,646450.52,485493.27,+33.15%,632116.08,473558.98,+33.48%,61.12,61.05,+0.11%,268.77,257.36,+4.43%,2837755.72,2737370.7,+3.67%,58018.71,75660.01,-23.32%,1034237.06,1034237.06,0.00%,1745499.95,1627473.63,+7.25%,0.2274,0.0209
CHL,Chhyangdi Hydropower Ltd.,Hydro Power,268.00,2.07 Ar,-0.63%,+4.28%,+1.94%,-4.29%,+17.03%,-1.72%,1.72,155.75,3.18,176038.94,139439.13,+26.25%,137044.31,113211.18,+21.05%,13317.65,18885.66,-29.48%,1.72,3.25,-47.11%,84.29,85.09,-0.94%,1323949.36,1339147.05,-1.13%,671561.09,680579.26,-1.33%,773955.0,773955.0,0.00%,-121566.73,-115387.21,+5.36%,0.0204,1.0294
CIT,Citizen Investment Trust,Organized Fund,"1,739.00",112.72 Ar,+0.23%,+2.27%,+2.11%,+0.51%,+3.84%,+6.71%,19.84,87.65,6.06,2250080.0,1640775.0,+37.14%,2166548.0,1576186.0,+37.46%,1350310.0,986058.0,+36.94%,19.84,19.32,+2.71%,286.85,286.31,+0.19%,370279496.0,330588135.0,+12.01%,350757367.0,311102142.0,+12.75%,6805798.0,6805798.0,0.00%,12716331.0,12680193.0,+0.28%,0.0692,17.9672
CITY,City Hotel Limited,Hotels,355.10,5.94 Ar,+2.04%,+3.83%,-0.87%,-14.02%,-38.21%,+216.11%,-5.74,-61.82,3.69,531381.19,376023.98,+41.32%,120738.6,82570.44,+46.22%,-173090.73,-138746.75,+24.75%,-5.74,-6.14,-6.44%,96.13,97.28,-1.18%,5611543.89,5638745.48,-0.48%,2714975.51,2707528.39,+0.28%,3013200.0,3013200.0,0.00%,-116631.61,-81982.91,+42.26%,-0.0597,0.9373
CKHL,Chirkhwa Hydropower Limited,Hydro Power,596.00,2.38 Ar,-0.17%,+1.36%,-0.50%,-7.17%,-2.45%,+80.61%,13.25,44.98,5.95,131416.52,101166.26,+29.90%,112794.7,86984.79,+29.67%,53005.44,12903.52,+310.78%,13.25,4.3,+208.09%,100.19,90.17,+11.12%,1186204.23,1165152.16,+1.81%,785425.24,804475.1,-2.37%,400000.0,400000.0,0.00%,778.99,-39322.94,-101.98%,0.1322,1.9597
CLI,Citizen Life Insurance Company Limited,Life Insurance,439.90,22.00 Ar,+1.59%,+6.00%,+0.25%,-2.89%,+10.89%,+33.56%,7.82,56.28,4.0,11185011.27,7569078.66,+47.77%,1350882.95,1085164.22,+24.49%,390804.42,360044.1,+8.54%,7.82,9.6,-18.59%,131.6,131.17,+0.33%,34411807.9,31791080.61,+8.24%,27831687.74,25232775.29,+10.30%,5000000.0,5000000.0,0.00%,498340.49,470963.81,+5.81%,0.0594,4.2297
CORBL,Corporate Development Bank,Development Bank,824.00,4.33 Ar,-1.19%,+0.86%,-19.18%,-52.51%,-53.29%,+111.81%,9.54,86.34,5.9,206681.62,165458.11,+24.91%,73715.39,67729.64,+8.84%,50103.86,48263.02,+3.81%,9.54,12.26,-22.14%,139.73,139.27,+0.33%,3336160.32,3171872.35,+5.18%,2602553.41,2440709.93,+6.63%,525000.0,525000.0,0.00%,208606.91,206162.42,+1.19%,0.0683,3.5476
CREST,Crest Micro Life Insurance Limited,Life Insurance,"1,105.00",8.29 Ar,+0.45%,+2.79%,-4.73%,-12.29%,+9.92%,+232.13%,0.34,3280.34,11.47,487568.59,364247.85,+33.86%,154635.21,140768.42,+9.85%,2526.42,12102.54,-79.12%,0.34,2.15,-84.34%,105.09,111.17,-5.47%,1224711.83,1213688.85,+0.91%,436547.39,379923.62,+14.90%,750000.0,750000.0,0.00%,-27185.04,45630.77,-159.58%,0.0032,0.5539
CSY,Citizens Santulit Yojana,Mutual Fund,8.55,1.07 Ar,+0.47%,+1.42%,-2.29%,-7.57%,-8.26%,-8.26%,,,,,,,,,,,,,,,,,,,,,,,,,,,,,,,,
CYCL,CYC Nepal Laghubitta Bittiya Sanstha Limited,Microcredit,"1,490.00",3.97 Ar,+2.19%,-1.52%,0.00%,+4.56%,-2.93%,+407.12%,110.66,13.47,4.16,869494.13,612195.4,+42.03%,455163.79,302010.29,+50.71%,294812.21,53430.92,+451.76%,110.66,26.74,+313.82%,357.75,269.54,+32.73%,7266015.04,7381634.53,-1.57%,6312882.64,6663519.02,-5.26%,266424.39,266424.39,0.00%,686707.99,451691.12,+52.03%,0.3093,6.6233
CZBIL,Citizen Bank International,Commercial Banks,212.90,31.44 Ar,+2.45%,+6.45%,+6.66%,+7.53%,+13.62%,-25.36%,13.53,15.73,1.33,15011949.88,11273333.93,+33.16%,6293653.95,4678859.98,+34.51%,2098603.03,1306461.35,+60.63%,13.53,11.23,+20.47%,160.51,155.99,+2.90%,268685134.6,248586906.4,+8.08%,243793487.8,224397126.6,+8.64%,15507463.61,15507463.61,0.00%,9384183.24,8682316.22,+8.08%,0.0843,9.7942
DDBL,Deprosc Laghubitta,Microcredit,864.00,16.14 Ar,+1.29%,+3.15%,+2.73%,+3.47%,+17.71%,-6.37%,48.15,17.95,3.81,3687342.44,2700875.2,+36.52%,2185676.22,1584308.54,+37.96%,989443.9,680132.17,+45.48%,48.15,44.13,+9.11%,226.87,212.26,+6.88%,29736626.33,28943198.11,+2.74%,25074267.69,24580959.4,+2.01%,2055114.27,2055114.27,0.00%,2607244.38,2307124.45,+13.01%,0.2122,5.378
DHEL,Daramkhola Hydro Energy Limited,Hydro Power,571.00,5.88 Ar,+1.06%,+2.70%,-4.03%,-8.20%,+29.07%,+29.07%,-9.88,-57.79,4.83,113974.06,86269.35,+32.11%,66336.63,81428.96,-18.53%,-101817.07,-33484.77,+204.07%,-9.88,-4.33,+128.05%,118.14,128.02,-7.72%,2885239.29,3042563.26,-5.17%,1667826.07,1723332.98,-3.22%,1030500.0,1030500.0,0.00%,186913.22,288730.29,-35.26%,-0.0836,1.37
DHPL,Dibyashwori Hydropower Ltd.,Hydro Power,279.50,73.79 Cr,+0.22%,+2.01%,-1.24%,-6.80%,+2.57%,-15.30%,5.51,50.7,33.35,104418.84,73575.81,+41.92%,99202.4,69700.98,+42.33%,14555.04,5784.5,+151.62%,5.51,2.92,+88.72%,8.38,5.06,+65.68%,754291.21,749320.27,+0.66%,732166.99,735966.6,-0.52%,264000.0,264000.0,0.00%,-241875.78,-250646.33,-3.50%,0.6575,33.0935
DLBS,Dhaulagiri Laghubitta Bittiya Sanstha Limited,Microcredit,"1,184.00",1.58 Ar,-5.13%,+20.45%,+5.24%,-5.74%,-15.95%,+558.88%,15.72,75.32,7.86,295205.86,218679.35,+34.99%,151279.58,109749.18,+37.84%,20923.49,18255.5,+14.61%,15.72,18.29,-14.04%,150.57,148.7,+1.26%,2459132.93,2499598.51,-1.62%,2258719.24,2301681.01,-1.87%,133100.0,133100.0,0.00%,67313.68,64817.5,+3.85%,0.1044,11.2703
DOLTI,Dolti Power Company Limited,Hydro Power,309.00,1.66 Ar,+0.98%,+0.98%,-1.28%,-14.88%,-40.85%,+7.63%,0.87,356.38,5.16,102334.15,78041.7,+31.13%,96163.69,67725.5,+41.99%,4768.64,3337.32,+42.89%,0.87,0.83,+4.54%,59.87,58.54,+2.28%,1054550.84,1021663.34,+3.22%,725250.65,707595.73,+2.50%,549986.0,536486.0,+2.52%,-220685.82,-222418.39,-0.78%,0.0145,2.2024
DORDI,Dordi Khola Jal Bidyut Company Limited,Hydro Power,262.89,5.54 Ar,+0.42%,+5.58%,+6.39%,-1.35%,+21.15%,+26.70%,1.42,184.94,2.47,274553.1,205865.31,+33.37%,231428.81,176534.7,+31.10%,29972.81,13121.91,+128.42%,1.42,0.83,+71.31%,106.3,105.5,+0.76%,4284849.38,3732157.23,+14.81%,2043529.13,1507687.87,+35.54%,2108520.8,2108520.8,0.00%,132799.46,115948.56,+14.53%,0.0134,0.9118
EBL,Everest Bank,Commercial Banks,701.00,90.74 Ar,+1.45%,+3.65%,+2.35%,+7.27%,+20.16%,+75.40%,36.95,18.97,2.73,20102585.0,15016560.0,+33.87%,9190459.0,6833470.0,+34.49%,5069936.0,3329316.0,+52.28%,36.95,32.35,+14.21%,256.47,244.27,+5.00%,383758236.0,378693500.0,+1.34%,348566353.0,345176279.0,+0.98%,13721376.0,13721376.0,0.00%,21470507.0,19795848.0,+8.46%,0.1441,9.9047
EBLD86,8.5% Everest Bank Limited Debenture 2086,Bond,"1,091.00",93.48 Cr,+2.96%,-5.46%,+1.96%,-0.82%,+0.46%,+15.92%,,,,,,,,,,,,,,,,,,,,,,,,,,,,,,,,
ECL,Everest Colour Limited,Manufacturing And Processing,"1,353.00",4.06 Ar,-0.15%,+0.75%,-7.96%,+317.72%,+317.72%,+317.72%,7.38,183.42,11.6,173049.77,0.0,0.00%,91665.34,0.0,0.00%,22130.08,0.0,0.00%,7.38,0.0,0.00%,116.63,0.0,0.00%,414972.79,0.0,0.00%,65072.26,0.0,0.00%,300000.0,0.0,0.00%,49900.53,0.0,0.00%,0.0633,0.186
EDBL,Excel Development Bank,Development Bank,583.90,7.30 Ar,+0.74%,+3.00%,+0.14%,+0.86%,-0.70%,-7.60%,24.76,23.58,3.28,1213900.1,850279.46,+42.76%,648818.33,415551.76,+56.13%,309400.75,155717.28,+98.69%,24.76,16.61,+49.02%,177.85,184.0,-3.34%,21329580.33,20206851.22,+5.56%,19106959.95,17907363.19,+6.70%,1249694.47,1249694.47,0.00%,972925.91,1049793.56,-7.32%,0.1392,8.5966
EHPL,Eastern Hydropower Limited,Hydro Power,335.00,2.08 Ar,+0.78%,+6.01%,+0.03%,-14.71%,-36.86%,+40.99%,3.39,98.75,4.39,146820.58,118457.97,+23.94%,126404.28,107884.4,+17.17%,21033.37,29857.25,-29.55%,3.39,6.42,-47.17%,76.3,77.73,-1.83%,1079472.12,1095460.23,-1.46%,606389.17,613553.42,-1.17%,620000.0,620000.0,0.00%,-146917.06,-138093.18,+6.39%,0.0444,1.2818
ENL,Emerging Nepal Limited,Organized Fund,557.00,3.09 Ar,0.00%,-6.21%,-30.29%,-36.31%,-42.86%,+97.31%,2.7,206.12,5.06,22590.92,22539.01,+0.23%,19236.74,20821.88,-7.61%,15013.78,17748.45,-15.41%,2.7,4.26,-36.56%,110.08,110.58,-0.45%,625166.68,626829.57,-0.27%,13538.92,12467.12,+8.60%,555600.0,555600.0,0.00%,56027.75,58762.45,-4.65%,0.0245,0.0221
FMDBL,First Micro Finance Development Bank,Microcredit,761.00,10.23 Ar,+2.19%,+4.66%,0.00%,-1.93%,-1.24%,+20.39%,14.18,53.66,5.54,404702.25,309881.65,+30.60%,227491.72,168563.19,+34.96%,190728.22,113712.97,+67.73%,14.18,11.27,+25.80%,137.26,131.53,+4.35%,5694795.77,5776215.4,-1.41%,3848887.36,4007322.23,-3.95%,1344871.32,1344871.32,0.00%,501037.09,424021.85,+18.16%,0.1033,2.0851
FOWAD,Forward Community Microfinance Bittiya Sanstha Ltd.,Microcredit,913.00,10.92 Ar,+1.44%,+3.88%,-2.25%,-9.33%,-14.48%,-33.84%,52.14,17.51,3.28,2958558.77,2155789.63,+37.24%,1517725.67,1084474.5,+39.95%,623582.58,162835.7,+282.95%,52.14,18.15,+187.21%,278.57,239.61,+16.26%,24073759.87,23141584.64,+4.03%,20742163.36,20276019.66,+2.30%,1195953.71,1195953.71,0.00%,2135642.79,1669611.27,+27.91%,0.1872,6.2259
GBBL,Garima Bikas Bank,Development Bank,455.00,25.85 Ar,+0.44%,+2.71%,+7.18%,+10.98%,+23.43%,+26.07%,28.04,16.22,2.57,7505139.45,5595932.22,+34.12%,3815635.15,2799889.84,+36.28%,1688666.31,1048231.02,+61.10%,28.04,23.21,+20.82%,177.26,167.58,+5.78%,113041649.0,108290878.7,+4.39%,102368406.9,98200421.81,+4.24%,6021348.37,6021348.37,0.00%,4651893.66,4069108.57,+14.32%,0.1582,9.5911
GBBLPO,Garima Bikas Bank Promoter,Development Bank,230.90,2.31 Cr,-2.98%,0.00%,0.00%,-2.98%,+15.45%,+23.75%,28.04,16.22,2.57,,,,,,,,,,,,,,,,,,,,,,,,,,,,,
,,,,,,,,,,,,,,,,,,,,,,,,,,,,,,,,,,,,,,,,,,
GBIME,Global Ime Bank,Commercial Banks,260.89,99.44 Ar,+1.04%,+4.11%,+6.49%,+8.48%,+17.62%,-13.39%,16.34,15.97,1.42,40302472.0,29818037.0,+35.16%,16203053.0,11884412.0,+36.34%,6227157.0,4401177.0,+41.49%,16.34,15.4,+6.12%,183.14,178.53,+2.58%,820770089.0,774887689.0,+5.92%,750963825.0,706840464.0,+6.24%,38115853.0,38115853.0,0.00%,31690411.0,29931373.0,+5.88%,0.0892,10.7578
GBIMEP,Global Ime Bank Promoter,Commercial Banks,100.00,90.00 L,0.00%,-10.00%,-10.00%,-29.19%,-11.76%,-21.10%,16.34,15.97,1.42,,,,,,,,,,,,,,,,,,,,,,,,,,,,,
GBIMESY2,Global IME Sammunat Yojana -2,Mutual Fund,9.16,1.37 Ar,+2.92%,+4.09%,+1.10%,-1.82%,+2.23%,-8.40%,,,,,,,,,,,,,,,,,,,,,,,,,,,,,,,,
GBLBS,Grameen Bikas Laghubitta,Microcredit,678.00,6.66 Ar,+2.88%,+6.77%,-2.87%,-12.18%,-6.38%,-30.89%,26.53,25.56,2.33,2160341.68,1588151.48,+36.03%,1383565.6,1013038.18,+36.58%,266712.68,301588.72,-11.56%,26.53,40.0,-33.67%,290.66,295.18,-1.53%,16359817.44,16298628.01,+0.38%,13437680.6,13330999.73,+0.80%,1005350.0,1005350.0,0.00%,1916786.85,1962278.29,-2.32%,0.0913,4.5986
GCIL,Ghorahi Cement Industry Limited,Manufacturing And Processing,376.30,17.19 Ar,-0.71%,+2.31%,+10.68%,-0.19%,-6.03%,-6.37%,-6.13,-61.37,2.27,4773598.91,3578649.87,+33.39%,1183446.93,953962.82,+24.06%,-308072.29,-158668.17,+94.16%,-6.13,-4.21,+45.62%,165.73,168.7,-1.76%,21397698.38,21954624.94,-2.54%,13070889.82,13478412.25,-3.02%,5024454.27,5024454.27,0.00%,3302354.29,3451758.42,-4.33%,-0.037,1.5697
GFCL,Goodwill Finance,Finance,576.50,5.45 Ar,+0.10%,+2.71%,-2.95%,-8.93%,+4.82%,-11.84%,14.96,38.54,2.73,1026603.37,858862.62,+19.53%,313737.49,312108.36,+0.52%,141529.38,101336.5,+39.66%,14.96,14.28,+4.75%,211.01,207.18,+1.85%,16180145.45,17876964.96,-9.49%,14183752.32,15916833.85,-10.89%,946115.2,946115.2,0.00%,1050277.94,1014015.91,+3.58%,0.0709,7.1047
GHL,Ghalemdi Hydro Limited,Hydro Power,243.30,4.01 Ar,-1.34%,+1.42%,+3.27%,+5.78%,+18.91%,+26.48%,-1.33,-183.5,2.56,136901.28,94471.62,+44.91%,108127.84,70189.43,+54.05%,-21877.1,-26607.57,-17.78%,-1.33,-2.15,-38.33%,95.05,95.07,-0.02%,2270942.24,2262566.76,+0.37%,702606.4,693878.24,+1.26%,1650000.0,1650000.0,0.00%,-81664.16,-81311.48,+0.43%,-0.014,0.448
GIBF1,Global IME Balanced Fund-1,Mutual Fund,11.78,1.21 Ar,-0.42%,+1.55%,+9.07%,+11.03%,+21.82%,+61.63%,,,,,,,,,,,,,,,,,,,,,,,,,,,,,,,,
GILB,Global IME Laghubitta Bittiya Sanstha,Microcredit,"1,138.50",7.05 Ar,+0.31%,+4.40%,+2.96%,+2.36%,+3.28%,-13.12%,61.87,18.4,4.69,1565845.86,1160509.66,+34.93%,1007427.83,733151.15,+37.41%,401105.14,219594.48,+82.66%,61.87,45.16,+36.99%,242.58,214.72,+12.98%,11897057.92,11242759.39,+5.82%,10324439.68,9850762.88,+4.81%,648297.8,648297.8,0.00%,924320.44,743698.71,+24.29%,0.255,6.5651
GLBSL,Gurans Laghubitta Bittiya Sanstha,Microcredit,"1,725.00",2.00 Ar,+1.77%,+5.89%,+1.41%,-1.99%,-0.28%,+87.16%,31.11,55.44,10.18,308002.8,225175.9,+36.78%,184973.85,133490.63,+38.57%,41180.52,40327.58,+2.12%,31.11,40.62,-23.41%,169.51,168.91,+0.36%,2319420.33,2366283.64,-1.98%,2095055.62,2142716.98,-2.22%,132358.05,132358.05,0.00%,92006.66,91208.6,+0.87%,0.1835,9.3377
GLH,GreenLife Hydropower Limited,Hydro Power,273.50,4.92 Ar,+3.60%,+7.25%,+6.84%,+3.60%,+17.89%,-39.22%,2.33,117.48,2.44,0.0,0.0,0.00%,0.0,0.0,0.00%,41905.78,29411.08,+42.48%,2.33,2.18,+6.86%,112.05,111.36,+0.62%,11717957.23,11353838.48,+3.21%,9701006.52,9349382.48,+3.76%,1800000.0,1800000.0,0.00%,216950.71,204456.0,+6.11%,0.0208,4.8097
GMFBS,Ganapati Microfinance Bittiya Sanstha,Microcredit,"1,117.00",1.69 Ar,+0.09%,-3.21%,-3.37%,-11.49%,-30.19%,-9.76%,28.68,38.95,7.07,312290.74,252511.97,+23.67%,174174.41,147974.82,+17.71%,43465.95,61044.93,-28.80%,28.68,53.71,-46.60%,158.0,169.51,-6.79%,2495069.1,2629058.96,-5.10%,2255619.08,2372163.53,-4.91%,151554.53,151554.53,0.00%,87895.49,105340.89,-16.56%,0.1815,9.42
GMFIL,Guheshowori Merchant Bank & Finance,Finance,428.90,4.34 Ar,+0.47%,+3.65%,-3.62%,-10.08%,-5.63%,-5.54%,4.56,94.04,2.72,612954.0,487969.0,+25.61%,210424.0,175104.0,+20.17%,46163.0,45567.0,+1.31%,4.56,6.0,-24.02%,157.55,168.38,-6.43%,10032098.0,10148114.0,-1.14%,8437392.0,8443785.0,-0.08%,1012176.0,1012176.0,0.00%,582528.0,692151.0,-15.84%,0.0289,5.2909
GMLI,Guardian Micro Life Insurance Limited,Life Insurance,"1,030.00",7.72 Ar,+3.00%,+3.84%,-3.74%,-19.46%,-48.28%,+211.08%,2.14,480.75,9.9,560382.29,408768.41,+37.09%,114262.82,71105.5,+60.69%,16068.55,14583.9,+10.18%,2.14,2.59,-17.36%,107.28,107.08,+0.18%,1321499.83,1261272.62,+4.78%,516884.9,458142.34,+12.82%,750000.0,750000.0,0.00%,30187.5,28866.16,+4.58%,0.0199,0.6424
GRDBL,Green Development Bank Ltd.,Development Bank,"1,002.00",5.71 Ar,+0.76%,+6.82%,-4.22%,-6.96%,+13.92%,+197.40%,11.76,85.2,8.16,508432.02,371751.71,+36.77%,246145.88,167005.74,+47.39%,72385.81,35240.1,+105.41%,11.76,7.63,+54.06%,122.83,116.8,+5.17%,7240419.41,6816507.55,+6.22%,6484376.75,6097610.6,+6.34%,615500.0,615500.0,0.00%,140542.66,103396.95,+35.93%,0.0957,8.5767
GSY,Garima Samriddhi Yojana,Mutual Fund,9.19,1.15 Ar,+3.14%,+2.79%,-1.08%,-7.07%,+3.14%,+2.22%,,,,,,,,,,,,,,,,,,,,,,,,,,,,,,,,
GUFL,Gurkhas Finance Ltd.,Finance,510.00,4.43 Ar,+1.59%,+3.03%,-4.90%,-7.61%,+9.56%,-47.43%,25.28,20.18,3.05,695399.62,515893.45,+34.80%,313307.49,218555.93,+43.35%,219401.55,129474.71,+69.46%,25.28,19.89,+27.09%,167.43,157.88,+6.05%,11166023.69,10761757.98,+3.76%,9712782.46,9391404.49,+3.42%,867993.8,867993.8,0.00%,585247.42,502359.69,+16.50%,0.151,6.6835
GVL,Green Ventures Limited,Hydro Power,495.00,17.02 Ar,+0.04%,+2.08%,+5.27%,+2.27%,+1.02%,+82.77%,13.07,37.88,3.98,1488581.24,1295694.95,+14.89%,778942.93,804160.98,-3.14%,449234.2,494414.7,-9.14%,13.07,19.18,-31.85%,124.33,125.77,-1.15%,10776605.07,10814998.96,-0.36%,6502816.68,6491534.56,+0.17%,3437500.0,3437500.0,0.00%,836288.39,885964.4,-5.61%,0.1051,1.5216
H8020,Himalayan 80-20,Mutual Fund,12.52,1.25 Ar,-0.24%,+0.97%,+4.33%,+1.62%,+16.03%,+50.32%,,,,,,,,,,,,,,,,,,,,,,,,,,,,,,,,
HATHY,Hathway Investment Nepal Limited,Organized Fund,499.80,14.15 Ar,-15.00%,-17.93%,-19.24%,-34.67%,-45.67%,+116.08%,0.6,837.76,7.3,142026.31,117040.51,+21.35%,126224.05,109902.61,+14.85%,18918.94,22610.4,-16.33%,0.6,0.95,-37.24%,68.47,67.44,+1.52%,2687317.9,2740139.46,-1.93%,516176.82,601444.96,-14.18%,1585584.0,1585584.0,0.00%,585557.08,553110.5,+5.87%,0.0088,0.2377
HBL,Himalayan Bank,Commercial Banks,198.00,42.88 Ar,+1.85%,+5.32%,+2.64%,+1.02%,+5.88%,-38.60%,6.56,30.2,1.12,22758925.82,17282439.37,+31.69%,8810162.44,6832100.62,+28.95%,1480385.46,762536.32,+94.14%,6.56,4.5,+45.60%,177.48,171.96,+3.21%,417995276.8,406902211.9,+2.73%,377917353.1,368069984.2,+2.68%,22581662.53,22581662.53,0.00%,17496261.13,16250565.09,+7.67%,0.037,9.4296
HDHPC,Himal Dolakha Hydropower Company Limited,Hydro Power,220.50,6.17 Ar,-1.65%,+3.13%,+6.27%,+1.19%,+33.64%,-5.19%,-3.4,-64.84,3.06,69600.8,69604.77,-0.01%,38877.18,14944.97,+160.14%,-95223.76,-91600.36,+3.96%,-3.4,-4.36,-22.03%,71.97,74.09,-2.86%,2454941.0,2321625.24,+5.74%,439672.48,246976.11,+78.02%,2800000.0,2800000.0,0.00%,-784731.48,-725350.87,+8.19%,-0.0472,0.2182
HDL,Himalayan Distillery,Manufacturing And Processing,"1,224.00",37.62 Ar,+0.58%,+2.68%,+3.65%,+6.24%,+13.57%,-20.03%,32.71,37.42,8.65,4429748.29,3136253.71,+41.24%,3183295.92,2234824.83,+42.44%,1206337.74,851305.53,+41.70%,32.71,30.78,+6.28%,141.43,131.8,+7.30%,5773015.76,5830750.56,-0.99%,557110.24,969877.26,-42.56%,3688082.18,3688082.18,0.00%,1527823.34,1172791.13,+30.27%,0.2313,0.1068
HEI,Himalayan Everest Insurance Limited,Non Life Insurance,483.00,12.08 Ar,+0.31%,+5.00%,-7.82%,-12.02%,-12.39%,+22.00%,13.51,35.74,1.64,3008056.27,1934353.65,+55.51%,1344620.29,665633.73,+102.01%,337885.14,110568.88,+205.59%,13.51,5.9,+129.19%,213.94,205.28,+4.22%,10725459.47,11829493.43,-9.33%,5376658.1,6697119.7,-19.72%,2500157.4,2500157.4,0.00%,274792.45,150194.69,+82.96%,0.0631,1.0052
HEIP,Himalayan Everest Insurance Limited Promoter,Non Life Insurance,321.00,85.87 Cr,+5.59%,+3.95%,-5.59%,+1.58%,-8.14%,+44.04%,13.51,35.74,2.26,,,,,,,,,,,,,,,,,,,,,,,,,,,,,
HFIN,Hotel Forest Inn Limited,Hotels,631.00,12.62 Ar,+0.80%,+1.61%,-7.18%,-23.05%,+464.40%,+464.40%,-12.23,-51.6,5.88,196362.29,136829.51,+43.51%,-14642.89,-4766.72,+207.19%,-244568.61,-181089.69,+35.05%,-12.23,-12.07,+1.29%,107.28,110.51,-2.92%,4402572.85,4409939.75,-0.17%,2256938.95,2199704.66,+2.60%,2000000.0,2000000.0,0.00%,145633.9,210235.09,-30.73%,-0.114,1.0519
HHL,Himalayan Hydropower Limited,Hydro Power,340.90,3.73 Ar,+1.82%,+3.93%,+2.40%,-4.72%,+6.87%,+35.93%,7.32,46.56,4.0,329471.8,254538.5,+29.44%,289482.11,225656.38,+28.28%,80177.89,68055.42,+17.81%,7.32,8.29,-11.64%,85.28,84.17,+1.32%,2250737.36,2248631.53,+0.09%,1316922.86,1326939.51,-0.75%,1095000.0,1095000.0,0.00%,-161185.5,-173307.97,-6.99%,0.0858,1.4103
HIDCL,Hydroelectricity Investment and Development Company,Organized Fund,258.89,63.59 Ar,+2.25%,+5.67%,+3.15%,-0.58%,+5.80%,-14.90%,2.73,95.0,2.3,1034371.0,788442.0,+31.19%,1005560.0,771754.0,+30.30%,679337.0,546985.0,+24.20%,2.73,2.93,-6.85%,112.65,112.61,+0.04%,28827359.0,28813334.0,+0.05%,746551.0,742840.0,+0.50%,24928211.0,24928211.0,0.00%,3152596.0,3142283.0,+0.33%,0.0242,0.0266
HIDCLP,Hydorelectricity Investment and Development Company Limited Promoter,Organized Fund,192.60,6.36 Ar,+0.31%,+3.27%,+4.11%,-1.73%,+6.94%,+111.28%,2.73,95.0,2.3,,,,,,,,,,,,,,,,,,,,,,,,,,,,,
HIMSTAR,Him Star Urja Company Limited,Hydro Power,665.00,2.48 Ar,+0.76%,+0.91%,-4.73%,-20.63%,+40.44%,+148.60%,-29.72,-22.38,9.76,144775.3,133213.0,+8.68%,25609.75,35233.01,-27.31%,-110847.11,-70389.04,+57.48%,-29.72,-25.16,+18.11%,68.14,78.98,-13.73%,1324244.35,1290097.53,+2.65%,1070089.39,995484.49,+7.49%,373000.0,373000.0,0.00%,-118845.04,-78386.97,+51.61%,-0.4362,4.2104
HLBSL,Himalayan Laghubitta Bittiya Sanstha Limited,Microcredit,882.00,2.82 Ar,+1.97%,+2.68%,+0.80%,-0.21%,+0.43%,-3.36%,31.26,28.22,4.75,711423.94,522764.65,+36.09%,442191.02,318694.67,+38.75%,106610.03,81054.16,+31.53%,31.26,31.68,-1.35%,185.53,178.01,+4.23%,6146982.71,5750904.52,+6.89%,5514172.67,5143754.31,+7.20%,341086.04,341086.04,0.00%,291724.0,266064.18,+9.64%,0.1685,8.7138
HLI,Himalayan Life Insurance Limited,Life Insurance,317.00,28.98 Ar,+1.64%,+7.82%,+0.48%,-5.37%,-12.43%,-3.32%,3.48,91.21,2.84,24245828.75,17345836.39,+39.78%,2320295.16,1567517.52,+48.02%,317771.31,261444.38,+21.54%,3.48,3.81,-8.84%,93.31,100.45,-7.11%,102936049.2,99735832.7,+3.21%,94404912.85,90551525.26,+4.26%,9143237.31,9143237.31,0.00%,1046444.86,996313.88,+5.03%,0.0373,11.0659
HLICF,HLI Large Cap Fund,Mutual Fund,8.40,4.20 Ar,0.00%,+0.60%,-3.45%,-4.76%,-13.40%,-13.40%,,,,,,,,,,,,,,,,,,,,,,,,,,,,,,,,
HPPL,Himalayan Power Partner Ltd.,Hydro Power,387.00,4.12 Ar,0.00%,+3.20%,+1.84%,+4.31%,+23.67%,-2.19%,12.57,30.79,2.96,768416.37,548403.76,+40.12%,711227.28,508768.64,+39.79%,200874.55,125959.38,+59.48%,12.57,15.76,-20.26%,130.56,127.79,+2.16%,5460023.51,5418238.51,+0.77%,3373553.7,4056703.02,-16.84%,1598125.5,1065417.0,+50.00%,488344.32,296118.49,+64.92%,0.0963,1.6169
HRL,Himalayan Reinsurance Limited,ReInsurance,520.00,56.51 Ar,+0.19%,+3.20%,-10.19%,-17.49%,-40.77%,+66.26%,-21.5,-24.19,4.5,,,,,,,,,,,,,,,,,,,,,,,,,,,,,
HURJA,Himalaya Urja Bikas Company Limited,Hydro Power,264.00,5.23 Ar,-1.08%,+6.88%,+12.05%,+7.76%,+25.71%,+0.96%,7.57,34.87,2.69,486464.91,345875.66,+40.65%,476735.61,338958.15,+40.65%,149917.97,59216.34,+153.17%,7.57,3.99,+89.88%,98.13,93.55,+4.90%,3591062.53,3555590.65,+1.00%,1648083.92,1703355.76,-3.24%,1980000.0,1980000.0,0.00%,-37021.39,-127765.11,-71.02%,0.0771,0.8482
ICFC,ICFC Finance,Finance,606.00,7.17 Ar,+0.50%,+3.27%,+2.05%,-3.33%,-1.95%,-2.11%,22.33,27.14,3.2,1803299.71,1329971.16,+35.59%,645421.02,453174.54,+42.42%,264224.94,103122.02,+156.23%,22.33,11.62,+92.17%,189.32,176.61,+7.20%,26187515.89,25686075.2,+1.95%,23946937.25,23595892.65,+1.49%,1183470.96,1183470.96,0.00%,1057107.68,906711.59,+16.59%,0.1179,10.6878
ICFCD88,9% ICFC Finance Limited Debenture 2088,Bond,"1,129.00",0.00,+0.80%,+0.36%,+1.71%,+1.21%,+2.64%,+2.64%,,,,,,,,,,,,,,,,,,,,,,,,,,,,,,,,
ICFCD89,8% ICFC Finance Limited Debenture 2089,Bond,"1,109.00",0.00,+1.28%,+1.45%,+2.40%,+2.01%,+0.82%,+0.82%,,,,,,,,,,,,,,,,,,,,,,,,,,,,,,,,
IGI,IGI Prudential insurance Limited,Non Life Insurance,408.00,12.36 Ar,+1.49%,+4.88%,-4.67%,-9.53%,-10.82%,-38.50%,0.13,3060.47,1.13,2244482.47,1557453.46,+44.11%,664422.39,426146.07,+55.91%,4038.49,438.07,+821.89%,0.13,0.02,+590.67%,179.53,182.72,-1.74%,14420181.43,14638531.88,-1.49%,8981571.53,9103446.33,-1.34%,3029334.64,3029334.64,0.00%,18440.54,5984.49,+208.14%,0.0007,1.6514
IGIPO,,,241.00,24.10 Cr,+9.05%,0.00%,0.00%,0.00%,0.00%,-9.50%,0.13,3060.77,2.27,,,,,,,,,,,,,,,,,,,,,,,,,,,,,
IHL,Ingwa Hydropower Limited,Hydro Power,338.10,2.03 Ar,+4.26%,+10.49%,+3.08%,-14.60%,-34.98%,+5.36%,-5.24,-64.57,3.73,255419.08,218138.04,+17.09%,185825.44,179338.51,+3.62%,-31418.73,11871.12,-364.67%,-5.24,2.64,-298.50%,90.53,97.73,-7.36%,2359184.24,2418459.42,-2.45%,1816000.75,1832104.8,-0.88%,600000.0,600000.0,0.00%,-56816.51,-13645.37,+316.38%,-0.0579,3.3433
ILBS,Infinity Laghubitta Bittiya Sanstha Limited,Microcredit,"1,065.00",5.30 Ar,+9.81%,+22.41%,+23.77%,+17.16%,-12.32%,+2.28%,36.66,29.05,6.58,806029.62,542769.88,+48.50%,479173.54,289689.2,+65.41%,182365.1,75782.07,+140.64%,36.66,20.31,+80.48%,161.73,140.07,+15.46%,6079442.13,6151216.42,-1.17%,5274952.53,5454476.88,-3.29%,497415.94,497415.94,0.00%,307073.66,199323.6,+54.06%,0.2267,6.5569
ILI,IME Life Insurance Company Limited,Life Insurance,429.90,21.50 Ar,+2.36%,+5.08%,+4.09%,-0.49%,+7.06%,-1.52%,11.68,36.79,3.76,8994827.92,6125743.59,+46.84%,1659523.11,1062367.32,+56.21%,584244.35,367916.11,+58.80%,11.68,9.81,+19.10%,135.66,131.49,+3.17%,26795615.86,24693621.16,+8.51%,20012517.05,18119144.67,+10.45%,5000000.0,5000000.0,0.00%,713355.3,520844.72,+36.96%,0.0861,2.9504
JBBL,Jyoti Bikas Bank,Development Bank,347.00,15.25 Ar,+1.08%,+3.74%,+3.74%,0.00%,+12.30%,-18.89%,22.88,15.16,2.03,5135795.93,3691061.25,+39.14%,2341970.48,1596533.95,+46.69%,1005952.99,629462.4,+59.81%,22.88,19.09,+19.86%,170.97,163.43,+4.61%,77911050.85,76397742.92,+1.98%,70395496.92,69213654.84,+1.71%,4395785.89,4395785.89,0.00%,3119768.05,2788302.2,+11.89%,0.1338,9.3666
JBLB,Jeevan Bikas Laghubitta Bittya Sanstha Ltd,Microcredit,"1,272.00",19.54 Ar,+0.39%,+1.29%,-0.24%,+0.71%,+10.41%,-11.57%,61.8,20.58,4.54,4225066.13,3104575.83,+36.09%,2350833.1,1690345.93,+39.07%,1082224.43,626927.76,+72.62%,61.8,47.73,+29.47%,279.95,255.24,+9.68%,34295921.47,32699882.65,+4.88%,29393356.04,28230019.86,+4.12%,1751235.56,1751235.56,0.00%,3151329.87,2718627.23,+15.92%,0.2208,5.9955
JFL,Janaki Finance,Finance,290.00,2.00 Ar,+0.04%,+3.57%,-24.46%,-29.08%,-27.99%,-45.62%,1.35,214.3,-325.4,355584.06,212806.84,+67.09%,171512.26,70067.5,+144.78%,9343.98,-29089.56,-132.12%,1.35,-5.62,-124.09%,-0.89,-6.46,-86.20%,4436704.63,4598228.68,-3.51%,4442858.24,4642815.83,-4.31%,690472.8,690472.8,0.00%,-696626.41,-735059.94,-5.23%,-1.5169,-721.9922
JHAPA,Jhapa Energy Limited,Hydro Power,"1,064.00",4.05 Ar,+1.04%,+1.33%,+0.38%,-18.65%,+241.90%,+241.90%,3.86,275.99,10.44,104712.11,81683.38,+28.19%,91743.75,72416.68,+26.69%,14657.2,16062.42,-8.75%,3.86,5.63,-31.56%,101.94,102.36,-0.41%,838066.25,845455.62,-0.87%,450487.23,456296.38,-1.27%,380190.0,380190.0,0.00%,7389.02,8969.24,-17.62%,0.0379,1.1623
JOSHI,Joshi Hydropower Development Company Ltd,Hydro Power,269.00,1.65 Ar,-0.37%,+2.71%,-1.47%,-3.58%,+3.07%,+8.26%,-6.54,-41.16,4.14,8851.53,4866.79,+81.88%,-5343.32,-777.5,+587.24%,-40051.46,-33712.54,+18.80%,-6.54,-7.34,-10.90%,64.93,65.96,-1.57%,442391.35,444820.15,-0.55%,44497.77,40587.65,+9.63%,612810.0,612810.0,0.00%,-214916.42,-208577.5,+3.04%,-0.1007,0.1118
JSLBB,Janautthan Samudayic Laghubitta Bikas Bank,Microcredit,988.00,1.68 Ar,+0.85%,+3.02%,+1.86%,-6.88%,-15.13%,-54.28%,10.7,92.3,5.64,281142.77,195483.95,+43.82%,151415.29,97081.63,+55.97%,18206.96,10318.53,+76.45%,10.7,8.09,+32.34%,175.1,170.91,+2.45%,2404469.79,2302740.86,+4.42%,2106643.3,2012029.92,+4.70%,170091.9,170091.9,0.00%,127734.59,120619.04,+5.90%,0.0611,7.0734
KAHL,Kalanga Hydro Limited,Hydro Power,503.00,7.04 Ar,+1.62%,+2.03%,-8.36%,+48.07%,+48.07%,+48.07%,3.75,134.26,4.94,512008.32,409811.93,+24.94%,454801.39,388566.83,+17.05%,52451.82,76442.89,-31.38%,3.75,11.2,-66.55%,101.85,107.33,-5.10%,4282993.22,4300337.9,-0.40%,2857031.45,3323629.79,-14.04%,1400000.0,910000.0,+53.85%,25961.77,66708.11,-61.08%,0.0368,2.0036
KBL,Kumari Bank,Commercial Banks,227.00,59.53 Ar,+4.13%,+5.58%,+7.02%,+7.89%,+26.82%,-17.99%,28.17,8.06,1.33,28459535.79,21578301.42,+31.89%,12013083.6,9302222.93,+29.14%,7387197.91,4178048.41,+76.81%,28.17,21.24,+32.61%,170.8,158.53,+7.74%,490334711.2,474306833.5,+3.38%,445540640.1,432732037.6,+2.96%,26225861.34,26225861.34,0.00%,18568209.82,15348934.58,+20.97%,0.1649,9.9464
KBSH,Kutheli Bukhari Small Hydropower Limited,Hydro Power,847.80,1.14 Ar,+1.52%,+5.58%,-10.08%,-42.91%,-47.23%,+94.79%,7.46,113.66,6.51,33104.64,26918.13,+22.98%,30850.8,24939.99,+23.70%,10999.53,10986.97,+0.11%,7.46,9.93,-24.91%,130.21,130.2,+0.01%,208824.29,212479.92,-1.72%,16817.24,20485.43,-17.91%,147459.68,147459.68,0.00%,44547.38,44534.82,+0.03%,0.0573,0.0876
KDBY,Kumari Dhanabriddhi Yojana,Mutual Fund,10.10,1.24 Ar,-0.10%,+0.10%,-0.33%,-1.92%,+20.77%,+57.37%,,,,,,,,,,,,,,,,,,,,,,,,,,,,,,,,
KDL,Kalinchowk Darshan Limited,Hotels,617.60,3.71 Ar,+0.46%,-0.55%,-19.58%,-24.32%,-32.01%,+364.33%,9.16,67.45,5.66,125872.39,102469.63,+22.84%,82290.29,68539.51,+20.06%,57684.46,49690.53,+16.09%,9.16,10.52,-12.93%,109.21,107.94,+1.18%,771970.06,826641.61,-6.61%,83957.29,146622.78,-42.74%,630000.0,630000.0,0.00%,58012.77,50018.83,+15.98%,0.0839,0.122
KEF,Kumari Equity Fund,Mutual Fund,9.52,95.20 Cr,+1.28%,+4.62%,-5.41%,-5.59%,+19.37%,+47.05%,,,,,,,,,,,,,,,,,,,,,,,,,,,,,,,,
KHPL,Kalinchock Hydropower Limited,Hydro Power,754.00,4.15 Ar,-1.18%,+0.53%,-4.08%,-25.35%,+130.09%,+130.09%,1.1,683.94,7.09,0.0,0.0,0.00%,0.0,0.0,0.00%,6063.36,6063.36,0.00%,1.1,1.95,-43.52%,106.31,106.91,-0.57%,1373925.18,1207169.99,+13.81%,789237.0,764395.18,+3.25%,550000.0,414150.0,+32.80%,34688.18,28624.81,+21.18%,0.0103,1.3498
KKHC,Khanikhola Hydropower Co. Ltd.,Hydro Power,281.00,2.62 Ar,-0.35%,+2.67%,-6.02%,+11.07%,+22.17%,+26.01%,-3.01,-93.43,3.24,101374.22,86572.44,+17.10%,101374.22,86572.44,+17.10%,-28013.59,-14555.21,+92.46%,-3.01,-2.08,+44.35%,86.85,88.57,-1.94%,1462386.0,1485931.46,-1.58%,653395.76,660941.13,-1.14%,931428.6,931428.6,0.00%,-122438.36,-106438.27,+15.03%,-0.0347,0.8077
KMCDB,Kalika Laghubitta Bittiya Sanstha,Microcredit,860.00,3.51 Ar,-0.86%,+6.57%,+9.83%,+2.75%,-4.86%,+16.05%,27.4,31.39,4.81,743476.03,535894.15,+38.74%,470918.78,332339.51,+41.70%,122883.81,14714.35,+735.13%,27.4,4.37,+526.34%,178.73,154.96,+15.34%,5785271.89,5533349.37,+4.55%,4983729.23,4838433.06,+3.00%,448461.54,448461.54,0.00%,353081.13,246454.77,+43.26%,0.1533,6.2177
KPCL,Kalika Power Company,Hydro Power,470.00,4.39 Ar,+0.43%,+3.52%,+2.17%,-2.99%,+0.36%,+32.91%,11.24,41.81,3.75,198583.7,157485.67,+26.10%,173685.07,137181.44,+26.61%,104989.95,89475.51,+17.34%,11.24,12.77,-12.00%,125.18,123.52,+1.34%,1311554.7,1326155.57,-1.10%,142437.85,131333.6,+8.45%,933949.5,933949.5,0.00%,235167.35,219652.92,+7.06%,0.0898,0.1218
KSBBL,Kamana Sewa Bikas Bank Limited,Development Bank,457.30,16.06 Ar,+1.17%,+3.74%,-0.72%,-2.16%,+7.03%,+9.89%,23.15,19.75,2.54,5192758.29,3911201.19,+32.77%,2410802.81,1818349.36,+32.58%,894178.13,588698.72,+51.89%,23.15,20.32,+13.92%,180.07,172.63,+4.31%,75636414.33,73955199.84,+2.27%,68682063.07,67288347.11,+2.07%,4211930.82,4211930.82,0.00%,2742420.45,2454921.92,+11.71%,0.1286,9.8761
KSY,Kumari Sabal Yojana,Mutual Fund,9.00,67.03 Cr,-0.22%,+1.69%,-1.54%,-5.55%,+3.16%,+1.42%,,,,,,,,,,,,,,,,,,,,,,,,,,,,,,,,
LBBL,Lumbini Bikas Bank Ltd.,Development Bank,493.10,17.87 Ar,+1.05%,+2.94%,+2.30%,+1.67%,-1.18%,+15.83%,23.48,21.0,2.31,4598990.83,3460306.88,+32.91%,1997221.86,1451716.6,+37.58%,851015.56,561683.38,+51.51%,23.48,20.67,+13.63%,213.73,205.4,+4.05%,67937610.51,66092768.66,+2.79%,60192852.8,58649696.71,+2.63%,3623678.16,3623678.16,0.00%,4121079.55,3819393.79,+7.90%,0.1099,7.7721
LBBLD89,11% L.B.B.L. Debenture 2089,Bond,"1,285.00",0.00,0.00%,0.00%,+4.39%,+1.98%,+8.07%,+25.37%,,,,,,,,,,,,,,,,,,,,,,,,,,,,,,,,
LBLD88,8.5% Laxmi Bank Debenture 2088,Bond,"1,110.00",0.00,-1.07%,0.00%,-1.13%,+1.98%,+6.21%,+15.50%,,,,,,,,,,,,,,,,,,,,,,,,,,,,,,,,
LEC,Liberty Energy Company Limited,Hydro Power,259.89,5.85 Ar,+3.09%,+3.05%,+16.55%,+18.68%,+33.97%,-9.97%,1.12,231.68,3.69,174518.23,158576.96,+10.05%,153905.99,140239.85,+9.74%,25240.95,10088.94,+150.18%,1.12,0.6,+87.64%,70.39,69.77,+0.89%,5958946.97,5964946.52,-0.10%,4375072.77,4395102.65,-0.46%,2250000.0,2250000.0,0.00%,-666125.8,-680156.13,-2.06%,0.0159,2.7623
LICN,Life Insurance Nepal,Life Insurance,813.00,44.72 Ar,+0.87%,+7.70%,+5.72%,+0.74%,+7.59%,+6.17%,7.38,110.2,5.48,33469910.21,24317459.43,+37.64%,3925372.3,2779212.69,+41.24%,405777.01,320467.34,+26.62%,7.38,7.77,-5.03%,177.87,176.47,+0.79%,159304850.6,155281347.3,+2.59%,149522100.5,145575299.6,+2.71%,5500000.0,5500000.0,0.00%,2656118.65,2579600.88,+2.97%,0.0415,15.2843
LLBS,Laxmi Laghubitta Bittiya Sanstha,Microcredit,871.00,3.85 Ar,+0.69%,-1.02%,+0.11%,-8.32%,-11.84%,-40.16%,24.2,35.99,4.27,867327.83,622229.43,+39.39%,506568.85,352388.42,+43.75%,106886.76,57265.34,+86.65%,24.2,17.29,+39.99%,204.16,192.91,+5.83%,7366455.08,6638390.03,+10.97%,6464754.16,5786399.43,+11.72%,441662.1,441662.1,0.00%,460038.82,410328.5,+12.11%,0.1185,7.1695
LSH12,LS Horizon 12,Mutual Fund,9.05,1.36 Ar,+0.22%,+1.69%,-0.55%,-3.21%,-3.21%,-3.21%,,,,,,,,,,,,,,,,,,,,,,,,,,,,,,,,
LSL,Laxmi Sunrise Bank Limited,Commercial Banks,246.40,59.99 Ar,+3.31%,+8.40%,+12.51%,+12.51%,+24.04%,-1.97%,11.64,21.17,1.39,26402674.0,18911243.0,+39.61%,11588515.0,7876279.0,+47.13%,3117133.0,2038184.0,+52.94%,11.64,10.15,+14.70%,177.02,175.08,+1.11%,511809447.0,490645638.0,+4.31%,464401268.0,443758505.0,+4.65%,26781163.0,26781163.0,0.00%,20627015.0,20105969.0,+2.59%,0.0658,9.7958
LUK,Laxmi Unnati Kosh,Mutual Fund,9.50,62.00 Cr,+1.60%,+0.11%,-4.90%,-5.00%,+3.71%,+37.57%,,,,,,,,,,,,,,,,,,,,,,,,,,,,,,,,
LVF2,Laxmi Value Fund 2,Mutual Fund,9.15,73.20 Cr,+0.99%,+0.55%,-5.18%,-9.76%,+1.67%,+9.09%,,,,,,,,,,,,,,,,,,,,,,,,,,,,,,,,
MABEL,Mabilung Energy Limited,Hydro Power,603.79,2.33 Ar,+1.55%,+0.63%,-0.85%,-14.48%,+72.81%,+72.81%,-1.16,-519.39,5.91,84493.96,57587.35,+46.72%,74766.61,49153.94,+52.11%,-4485.25,-8447.32,-46.90%,-1.16,-2.92,-60.18%,102.22,101.19,+1.01%,1249742.38,1238974.2,+0.87%,855345.69,848539.66,+0.80%,385824.0,385824.0,0.00%,8572.69,4610.54,+85.94%,-0.0113,2.1687
MAKAR,Makar Jitumaya Suri Hydropower Limited,Hydro Power,419.00,3.18 Ar,+0.22%,+4.23%,+2.92%,-14.14%,-24.09%,+64.31%,10.3,40.7,3.66,392099.57,323952.01,+21.04%,365370.96,313686.3,+16.48%,78243.93,87117.47,-10.19%,10.3,15.28,-32.64%,114.62,115.79,-1.01%,2671316.09,2719034.23,-1.75%,1800215.25,1839059.84,-2.11%,760000.0,760000.0,0.00%,111100.84,119974.39,-7.40%,0.0899,2.0666
MANDU,Mandu Hydropower Limited,Hydro Power,715.20,9.75 Ar,+2.01%,+4.42%,-2.32%,-3.35%,+2.09%,+101.23%,23.36,30.62,4.39,794934.7,575660.81,+38.09%,733506.24,542904.07,+35.11%,318551.2,248265.54,+28.31%,23.36,24.27,-3.77%,162.88,159.45,+2.15%,5237811.91,5294473.5,-1.07%,3016703.59,3120167.54,-3.32%,1363637.0,1363637.0,0.00%,857471.32,810668.96,+5.77%,0.1434,1.3582
MATRI,Matribhumi Lagubitta Bittiya Sanstha Limited,Microcredit,739.00,4.64 Ar,-2.64%,+1.93%,-7.17%,-16.50%,-23.89%,-32.19%,45.13,16.38,5.08,1517898.42,991472.86,+53.10%,754473.53,415633.6,+81.52%,283569.49,71230.48,+298.10%,45.13,15.11,+198.58%,145.42,132.3,+9.92%,12199645.38,12798184.9,-4.68%,11285868.83,11966883.74,-5.69%,628357.34,628357.34,0.00%,285419.21,202943.83,+40.64%,0.3103,12.3508
MBJC,Madhya Bhotekoshi Jalavidyut Company Limited,Hydro Power,301.00,18.06 Ar,+1.35%,+5.61%,+14.19%,+6.55%,+5.80%,+173.64%,2.83,106.5,3.13,2144669.86,1429765.01,+50.00%,1924680.09,1301119.82,+47.92%,169583.86,76741.65,+120.98%,2.83,1.71,+65.74%,96.25,94.7,+1.63%,22221943.74,22375225.49,-0.69%,16447201.89,16693326.54,-1.47%,6000000.0,6000000.0,0.00%,-225258.13,-318100.35,-29.19%,0.0294,2.8481
MBL,Machhapuchhre Bank,Commercial Banks,260.80,30.31 Ar,+1.52%,+3.90%,+5.33%,+5.16%,+15.91%,-4.84%,14.01,18.61,1.67,13720570.13,10134678.6,+35.38%,6074927.54,4398350.26,+38.12%,2114120.76,1658659.81,+27.46%,14.01,18.3,-23.41%,156.01,168.05,-7.17%,256391750.9,249301924.8,+2.84%,232855876.6,225990940.7,+3.04%,15086211.56,15086211.56,0.00%,8449662.65,8224772.52,+2.73%,0.0898,9.8937
MBLEF,MBL Equity Fund,Mutual Fund,9.27,1.13 Ar,+0.65%,+0.65%,-6.55%,-1.68%,+13.53%,+9.67%,,,,,,,,,,,,,,,,,,,,,,,,,,,,,,,,
MCHL,Menchhiyam Hydropower Limited,Hydro Power,277.70,1.51 Ar,-0.11%,+5.99%,-0.79%,-13.22%,-39.56%,+8.82%,-1.03,-269.42,-10.85,133051.09,103750.05,+28.24%,130163.56,101349.98,+28.43%,-5592.56,3770.52,-248.32%,-1.03,0.93,-211.24%,-25.6,-23.87,+7.23%,1331662.84,1360716.27,-2.14%,1470547.62,1490237.97,-1.32%,542583.3,542583.3,0.00%,-681468.08,-672105.0,+1.39%,0.0402,-10.5883
MDB,Miteri Development Bank,Development Bank,567.00,6.90 Ar,-0.26%,+2.90%,-2.07%,-4.71%,+0.28%,+35.03%,11.6,48.87,3.96,674168.89,493752.13,+36.54%,307429.52,221577.27,+38.75%,141215.83,96218.8,+46.77%,11.6,10.54,+10.07%,143.2,139.36,+2.75%,10725647.49,10381607.5,+3.31%,8982818.87,8685441.07,+3.42%,1217100.0,1217100.0,0.00%,525728.62,479066.43,+9.74%,0.081,5.1542
MEHL,Manakamana Engineering Hydropower Limited,Hydro Power,262.89,2.10 Ar,-0.42%,+7.75%,-7.07%,-26.23%,-32.59%,+16.84%,1.73,151.57,4.07,145562.11,105612.3,+37.83%,120429.64,88925.38,+35.43%,13876.19,7403.65,+87.42%,1.73,1.23,+40.57%,64.67,63.61,+1.66%,1274413.33,1267844.26,+0.52%,757086.59,758965.79,-0.25%,800000.0,800000.0,0.00%,-282673.26,-291121.54,-2.90%,0.0268,1.4635
MEL,Modi Energy Limited,Hydro Power,216.00,6.26 Ar,-0.37%,+4.35%,+4.85%,-9.21%,-25.26%,-11.11%,-2.77,-78.01,3.71,469204.0,347219.0,+35.13%,409008.0,303072.0,+34.95%,-80299.0,-67668.0,+18.67%,-2.77,-3.11,-11.00%,58.19,58.62,-0.74%,5299516.0,5362154.0,-1.17%,3612101.0,3662108.0,-1.37%,2900000.0,2900000.0,0.00%,-1212584.0,-1199953.0,+1.05%,-0.0476,2.1406
MEN,Mountain Energy Nepal Limited,Hydro Power,646.20,16.82 Ar,-0.45%,+0.97%,+4.29%,+9.53%,+33.68%,-12.24%,25.52,25.32,4.29,1533543.69,1079737.87,+42.03%,1309983.84,915858.37,+43.03%,797043.76,527633.11,+51.06%,25.52,22.52,+13.30%,150.78,142.24,+6.00%,7517540.45,7341283.78,+2.40%,2878046.66,2975675.88,-3.28%,3123258.85,3123258.85,0.00%,1585941.17,1319224.63,+20.22%,0.1693,0.6203
MEPDL,Mount Everest Power Development Limited,Hydro Power,693.90,5.97 Ar,+0.01%,+8.93%,+15.04%,+101.13%,+101.13%,+101.13%,10.09,68.77,6.23,336953.72,260576.49,+29.31%,291498.82,222582.14,+30.96%,86778.36,65299.49,+32.89%,10.09,14.46,-30.23%,111.38,112.69,-1.16%,2277952.2,2281101.56,-0.14%,1320073.38,1602701.61,-17.63%,860000.0,602000.0,+42.86%,97878.82,76399.96,+28.11%,0.0906,1.3781
MERO,Mero Microfinance Bittiya Sanstha Ltd.,Microcredit,612.00,8.68 Ar,+0.16%,-0.97%,-6.85%,-14.17%,-20.91%,-35.16%,8.47,72.27,4.08,2023360.07,1443262.78,+40.19%,1204431.74,832311.5,+44.71%,125871.61,148575.61,-15.28%,8.47,13.33,-36.46%,149.87,151.87,-1.32%,20713571.83,18307439.54,+13.14%,18485946.26,16050098.74,+15.18%,1486402.5,1486402.5,0.00%,741223.07,770938.31,-3.85%,0.0565,8.2985
MFIL,Manjushree Financial Institution,Finance,760.00,10.27 Ar,-0.65%,+4.40%,+1.60%,-1.04%,+25.29%,+11.59%,27.85,27.29,3.93,2098685.87,1585582.01,+32.36%,924547.61,684772.75,+35.02%,376384.66,218910.21,+71.94%,27.85,21.6,+28.95%,193.63,182.2,+6.27%,28384631.2,27398821.73,+3.60%,25767647.12,24936292.04,+3.33%,1351552.85,1351552.85,0.00%,1265431.23,1110976.84,+13.90%,0.1438,9.8463
MHCL,Molung Hydropower Company Limited,Hydro Power,299.00,2.40 Ar,+2.05%,+6.79%,-1.97%,-13.08%,-28.77%,+92.78%,7.19,41.58,3.43,176528.31,148618.05,+18.78%,160659.96,138284.74,+16.18%,57710.06,62615.13,-7.83%,7.19,10.4,-30.88%,87.28,87.89,-0.70%,1137402.64,1136803.34,+0.05%,436990.73,431486.37,+1.28%,802500.0,802500.0,0.00%,-102088.1,-97183.03,+5.05%,0.0824,0.6239
MHL,Mandakini Hydropower Limited,Hydro Power,470.00,3.04 Ar,+1.29%,+3.30%,+0.86%,-4.49%,+4.07%,+101.00%,8.76,53.65,4.06,121708.66,93685.3,+29.91%,108770.7,83443.7,+30.35%,56658.89,41086.51,+37.90%,8.76,8.47,+3.43%,115.85,113.44,+2.12%,1150075.96,1034956.76,+11.12%,400814.08,301267.26,+33.04%,646767.0,646767.0,0.00%,102494.8,86922.42,+17.92%,0.0756,0.5349
MHNL,Mountain Hydro Nepal Limited,Hydro Power,265.50,3.32 Ar,-0.93%,+5.78%,+9.76%,+2.59%,+12.83%,-42.90%,12.78,20.78,3.79,454569.94,288943.13,+57.32%,270947.54,151625.54,+78.70%,159720.24,76743.93,+108.12%,12.78,8.19,+56.09%,70.11,36.73,+90.89%,3952949.62,3527608.57,+12.06%,3076567.88,3068516.28,+0.26%,1250000.0,1250000.0,0.00%,-373618.26,-790907.71,-52.76%,0.1823,3.5105
MKCL,Muktinath Krishi Company Limited,Trading,879.00,6.15 Ar,-1.79%,-2.00%,-10.76%,-25.63%,-33.86%,+383.00%,-3.49,-252.19,8.47,,,,,,,,,,,,,,,,,,,,,,,,,,,,,
MKHC,Maya Khola Hydropower Company Limited,Hydro Power,263.50,2.63 Ar,+0.96%,+2.73%,-0.57%,-17.27%,-28.98%,-9.76%,1.58,166.25,4.27,379439.0,296962.0,+27.77%,379439.0,296962.0,+27.77%,15850.0,29251.0,-45.81%,1.59,3.9,-59.36%,61.77,63.15,-2.18%,3110508.0,3123067.0,-0.40%,2492789.0,2491551.0,+0.05%,1000000.0,1000000.0,0.00%,-382281.0,-368485.0,+3.74%,0.0256,4.0355
MKHL,Mai Khola Hydropower Limited,Hydro Power,511.90,2.01 Ar,+0.08%,+1.37%,+2.67%,+1.37%,-33.79%,+69.78%,13.83,37.01,4.48,37631.9,24914.25,+51.05%,-77307.33,21246.34,-463.86%,54236.54,11538.45,+370.05%,13.83,3.92,+252.54%,114.34,103.9,+10.04%,990144.06,751235.22,+31.80%,541762.47,343765.83,+57.60%,392156.8,392156.8,0.00%,56224.79,15312.59,+267.18%,0.121,1.2083
MKJC,Mailung Khola Jal Vidhyut Company Limited,Hydro Power,320.00,1.20 Ar,+8.84%,+14.29%,-27.59%,-34.02%,-42.13%,+75.44%,0.46,695.01,3.14,97118.71,79260.12,+22.53%,84936.5,71508.21,+18.78%,1732.66,11556.27,-85.01%,0.46,4.09,-88.76%,101.97,104.59,-2.50%,741603.03,771674.59,-3.90%,357851.83,378099.78,-5.36%,376319.8,376319.8,0.00%,7431.4,17255.01,-56.93%,0.0045,0.9325
MLBBL,Mithila Laghubitta Bikas Bank,Microcredit,993.00,2.22 Ar,+2.90%,+5.75%,-4.15%,-15.13%,-21.67%,+9.85%,20.07,49.47,5.91,430921.95,321636.34,+33.98%,245647.67,183796.36,+33.65%,51357.08,73597.29,-30.22%,20.07,38.36,-47.66%,167.93,199.67,-15.90%,3814178.38,3520025.12,+8.36%,3384546.5,3009177.52,+12.47%,255843.62,255843.62,0.00%,173788.26,255003.97,-31.85%,0.1195,7.8778
MLBL,Mahalaxmi Bikas Bank Limited,Development Bank,364.50,15.66 Ar,+0.86%,+2.70%,+5.53%,+1.93%,+9.01%,-3.23%,13.96,26.1,2.2,4337979.32,3304003.14,+31.29%,2148750.76,1632402.8,+31.63%,629951.63,459964.15,+36.96%,13.96,13.59,+2.72%,165.42,162.01,+2.11%,65057015.42,62858591.91,+3.50%,57594372.08,55549988.59,+3.68%,4511281.07,4511281.07,0.00%,2951362.28,2797322.25,+5.51%,0.0844,7.7177
MLBS,Manushi Laghubitta Bittiya Sanstha Limited,Microcredit,"1,020.00",1.12 Ar,-1.46%,+2.00%,-5.56%,-17.14%,-30.54%,+156.60%,24.66,41.36,9.89,215845.64,161459.16,+33.68%,105064.81,79853.88,+31.57%,26970.39,13174.85,+104.71%,24.66,16.06,+53.53%,103.1,141.2,-26.99%,1796542.6,1685267.29,+6.60%,1683782.35,1530827.99,+9.99%,109375.0,109375.0,0.00%,3385.24,45064.3,-92.49%,0.2392,14.9324
MLBSL,Mahila Lagubitta Bittiya Sanstha Limited,Microcredit,"1,133.00",2.46 Ar,+0.71%,+5.30%,-5.43%,-35.07%,-44.27%,-43.79%,37.91,29.88,7.62,838150.53,538363.17,+55.68%,500576.66,284131.29,+76.18%,82487.58,55061.51,+49.81%,37.91,33.74,+12.36%,148.7,243.39,-38.90%,5499813.35,5777980.71,-4.81%,5176294.28,5248461.1,-1.38%,217562.5,217562.5,0.00%,105956.57,311957.1,-66.03%,0.2549,16.0
MMF1,Mega Mutual Fund -1,Mutual Fund,8.77,1.10 Ar,-2.23%,-1.90%,-1.35%,-8.35%,+0.34%,+1.84%,,,,,,,,,,,,,,,,,,,,,,,,,,,,,,,,
MMKJL,Mathillo Mailun Khola Jalvidhyut Limited,Hydro Power,364.50,3.65 Ar,+1.25%,+3.85%,-19.89%,-26.06%,-35.49%,+40.41%,11.13,32.75,3.62,431136.03,327496.7,+31.65%,381881.0,290062.01,+31.65%,111282.99,84612.86,+31.52%,11.13,11.28,-1.36%,100.57,97.94,+2.69%,3115892.43,3105351.68,+0.34%,2110177.19,2125970.63,-0.74%,1000000.0,1000000.0,0.00%,5715.24,-20618.95,-127.72%,0.1107,2.0982
MNBBL,Muktinath Bikas Bank,Development Bank,336.00,23.68 Ar,+0.30%,+1.11%,-6.93%,-9.56%,-9.49%,-15.25%,18.98,17.7,2.08,9696562.0,7248453.0,+33.77%,4743849.0,3445804.0,+37.67%,1518362.0,942598.0,+61.08%,18.98,15.71,+20.81%,161.82,155.09,+4.34%,141062321.0,134847588.0,+4.61%,128115904.0,122439593.0,+4.64%,8000389.0,8000389.0,0.00%,4946027.0,4407606.0,+12.22%,0.1173,9.8959
MNMF1,Muktinath Mutual Fund 1,Mutual Fund,9.13,1.14 Ar,+0.22%,+1.44%,-1.16%,-6.31%,+5.89%,+3.03%,,,,,,,,,,,,,,,,,,,,,,,,,,,,,,,,
MPFL,Multipurpose Finance,Finance,598.00,3.65 Ar,-0.13%,+11.36%,-3.86%,-2.45%,+13.90%,+85.37%,8.91,67.14,4.91,263972.65,187559.5,+40.74%,84124.05,53155.81,+58.26%,54347.92,5323.77,+920.85%,8.91,1.16,+665.63%,121.76,119.31,+2.05%,4568216.61,4430762.97,+3.10%,3825262.99,3702751.66,+3.31%,610200.0,610200.0,0.00%,132753.62,117811.31,+12.68%,0.0732,5.1487
MSHL,Mid Solu Hydropower Limited,Hydro Power,527.00,3.94 Ar,-0.77%,+3.33%,-10.07%,-22.50%,-30.84%,+83.81%,14.55,36.23,4.46,283659.87,199973.84,+41.85%,253940.26,178437.4,+42.31%,125192.69,102817.49,+21.76%,14.55,18.32,-20.59%,118.26,133.87,-11.66%,2234618.75,2223039.99,+0.52%,1216760.54,1221133.21,-0.36%,860660.0,748400.0,+15.00%,157198.21,253506.79,-37.99%,0.123,1.1954
MSLB,Mahuli Samudayik Laghubitta Sanstha Ltd.,Microcredit,"1,209.90",4.48 Ar,-0.17%,+3.22%,-2.02%,-1.15%,-12.84%,+2.03%,49.88,24.26,5.31,842394.56,615680.73,+36.82%,497435.44,365055.99,+36.26%,193278.21,122811.2,+57.38%,49.88,42.26,+18.03%,227.91,210.37,+8.34%,6662324.39,6463020.49,+3.08%,5779193.03,5647858.28,+2.33%,387494.87,387494.87,0.00%,495636.49,427667.34,+15.89%,0.2189,6.544
NABBC,Narayani Development Bank,Development Bank,805.00,2.11 Ar,+1.51%,+15.00%,+0.36%,-3.94%,+19.14%,+181.76%,-10.25,-78.56,27.32,22877.32,16332.21,+40.07%,-2799.04,-2454.69,+14.03%,-53796.88,-49781.51,+8.07%,-10.25,-12.64,-18.95%,29.47,32.98,-10.63%,773549.27,687581.8,+12.50%,618830.03,514461.29,+20.29%,524993.06,524993.06,0.00%,-370273.82,-351872.55,+5.23%,-0.3478,3.9997
NABIL,Nabil Bank,Commercial Banks,562.90,152.30 Ar,+0.52%,+1.97%,+2.35%,+5.81%,+19.42%,-30.74%,29.22,19.26,2.28,37955399.0,28443665.0,+33.44%,17009288.0,12459400.0,+36.52%,7905796.0,6764648.0,+16.87%,29.22,33.34,-12.35%,247.28,243.3,+1.63%,734731624.0,718429049.0,+2.27%,662825060.0,647598207.0,+2.35%,32056997.0,32056997.0,0.00%,39849568.0,38773846.0,+2.77%,0.1182,9.2179
NADEP,Nadep Laghubitta Bittiya Sanstha Ltd.,Microcredit,694.00,3.37 Ar,-1.27%,+2.06%,-2.80%,-7.34%,-7.59%,-10.95%,29.52,23.51,3.61,838681.74,588746.25,+42.45%,487144.06,324713.61,+50.02%,143399.1,65105.98,+120.25%,29.52,17.87,+65.19%,192.29,162.87,+18.06%,7331805.92,7002629.91,+4.70%,6397756.19,6211458.26,+3.00%,485760.0,485760.0,0.00%,448289.73,305411.65,+46.78%,0.1535,6.8495
NBF2,Nabil Balanced Fund 2,Mutual Fund,9.31,1.04 Ar,+0.11%,-4.22%,-5.10%,-8.73%,-2.62%,+12.96%,,,,,,,,,,,,,,,,,,,,,,,,,,,,,,,,
NBF3,Nabil Balanced Fund-3,Mutual Fund,9.68,1.21 Ar,-0.10%,+0.83%,+1.04%,-2.71%,+5.56%,+9.98%,,,,,,,,,,,,,,,,,,,,,,,,,,,,,,,,
NBL,Nepal Bank,Commercial Banks,296.50,43.57 Ar,+2.77%,+6.65%,+7.98%,+11.59%,+28.91%,-24.36%,30.63,9.68,1.03,21953771.9,16197586.1,+35.54%,10033060.54,7313205.86,+37.19%,4500199.27,2792981.92,+61.13%,30.63,25.34,+20.84%,287.7,272.79,+5.46%,484453696.1,450762877.5,+7.47%,442179588.6,410678693.3,+7.67%,14694022.93,14694022.93,0.00%,27580084.58,25390161.22,+8.63%,0.1065,10.4598
NESDO,NESDO Sambridha Laghubitta Bittiye Sanstha Limited,Microcredit,"1,351.00",3.94 Ar,0.00%,+1.66%,-4.32%,-11.41%,-5.40%,+94.63%,47.03,28.73,4.74,527579.88,385835.33,+36.74%,295381.2,213694.41,+38.23%,137014.11,142216.07,-3.66%,47.03,65.09,-27.74%,285.09,287.49,-0.83%,4123384.82,4193832.81,-1.68%,3292800.55,3356262.3,-1.89%,291337.5,291337.5,0.00%,539246.77,546233.0,-1.28%,0.165,3.9644
NFS,Nepal Finance,Finance,504.00,4.23 Ar,-0.79%,+4.35%,-10.00%,-15.29%,-16.69%,+40.46%,-8.95,-56.34,4.09,337469.63,247365.06,+36.43%,84066.81,58104.54,+44.68%,-69616.36,-78625.21,-11.46%,-8.95,-13.52,-33.81%,123.18,122.4,+0.64%,5669020.72,5639436.09,+0.52%,4710473.61,4690053.83,+0.44%,778146.75,775646.75,+0.32%,180400.36,173735.52,+3.84%,-0.0727,4.9142
NGPL,Ngadi Group Power Ltd.,Hydro Power,410.00,15.18 Ar,+0.24%,+3.17%,+0.02%,-3.30%,+18.06%,+98.99%,1.27,323.53,2.96,138054.46,105632.08,+30.69%,118576.55,93204.6,+27.22%,49150.18,40469.24,+21.45%,1.27,1.39,-8.91%,138.35,151.88,-8.91%,6441420.7,7014584.89,-8.17%,1075721.33,1123876.47,-4.28%,3878429.97,3878429.97,0.00%,1487269.4,2012278.44,-26.09%,0.0092,0.2005
NHDL,Nepal Hydro Developers Ltd.,Hydro Power,639.50,2.48 Ar,-0.08%,+1.69%,+0.27%,+0.87%,+6.82%,+59.40%,14.0,45.69,5.12,112907.0,94214.0,+19.84%,96176.0,81907.0,+17.42%,59220.0,53167.0,+11.38%,14.0,16.75,-16.46%,124.92,123.6,+1.06%,616329.0,631302.0,-2.37%,87767.0,108311.0,-18.97%,423134.0,423134.0,0.00%,105427.0,99858.0,+5.58%,0.1121,0.166
NHPC,National Hydro Power,Hydro Power,272.89,6.73 Ar,+2.98%,+3.14%,+4.20%,-2.88%,+52.80%,+3.60%,-0.93,-293.64,2.86,137268.28,135537.34,+1.28%,64453.24,83517.33,-22.83%,-22929.16,19250.98,-219.11%,-0.93,1.04,-189.33%,95.46,97.14,-1.72%,3483288.15,3411425.99,+2.11%,1128015.95,1014900.99,+11.15%,2467162.92,2467162.92,0.00%,-111890.71,-70637.92,+58.40%,-0.0097,0.4789
NIBLGF,NIBL Growth Fund,Mutual Fund,8.90,1.17 Ar,+1.95%,+4.71%,+3.01%,-6.32%,+3.37%,+16.44%,,,,,,,,,,,,,,,,,,,,,,,,,,,,,,,,
NIBLSTF,NIBL Stable Fund,Mutual Fund,8.36,94.47 Cr,-0.48%,-0.48%,-0.24%,-10.40%,-6.90%,-7.11%,,,,,,,,,,,,,,,,,,,,,,,,,,,,,,,,
NIBSF2,NIBL Samriddhi Fund -2,Mutual Fund,8.53,1.28 Ar,-0.93%,+1.67%,-2.95%,-6.15%,-3.28%,-5.84%,,,,,,,,,,,,,,,,,,,,,,,,,,,,,,,,
NICA,NIC Asia Bank,Commercial Banks,328.40,48.99 Ar,+1.05%,+6.49%,+4.25%,-1.41%,+4.59%,-51.49%,1.22,269.61,1.91,22732145.62,17487944.03,+29.99%,7845055.51,6308251.64,+24.36%,181702.47,140324.17,+29.49%,1.22,1.25,-2.89%,172.32,172.97,-0.38%,393878938.8,386282218.8,+1.97%,368173393.3,360478716.1,+2.13%,14917566.92,14917566.92,0.00%,10787978.58,10885935.79,-0.90%,0.0071,14.3227
NICAD2091,7% NIC ASIA Debenture 2091,Bond,"1,055.20",0.00,-2.48%,-2.48%,-0.64%,+0.50%,+0.50%,+0.50%,,,,,,,,,,,,,,,,,,,,,,,,,,,,,,,,
,,,,,,,,,,,,,,,,,,,,,,,,,,,,,,,,,,,,,,,,,,
NICFC,NIC Asia Flexi CAP Fund,Mutual Fund,8.90,90.78 Cr,+1.14%,+2.30%,-1.87%,-5.22%,-2.20%,+7.56%,,,,,,,,,,,,,,,,,,,,,,,,,,,,,,,,
NICGF2,NIC ASIA Growth Fund-2,Mutual Fund,8.69,78.73 Cr,+1.52%,0.00%,-3.33%,-8.42%,+0.35%,-3.33%,,,,,,,,,,,,,,,,,,,,,,,,,,,,,,,,
NICL,Nepal Insurance,Non Life Insurance,466.90,11.90 Ar,+1.28%,+7.33%,-6.23%,-12.07%,-13.90%,+11.69%,5.0,93.29,2.31,1557185.43,1086327.13,+43.34%,653144.17,490475.27,+33.17%,127550.26,106017.18,+20.31%,5.0,5.55,-9.77%,176.85,173.04,+2.20%,7669079.6,7533282.76,+1.80%,3161859.34,3123179.03,+1.24%,2548575.01,2548575.01,0.00%,57350.73,45805.26,+25.21%,0.0283,0.7015
NICLBSL,NIC ASIA Laghubitta Bittiya Sanstha Limited,Microcredit,523.00,9.10 Ar,+0.02%,+2.65%,-4.21%,-8.25%,-3.51%,-58.43%,7.01,74.56,4.85,2482128.17,1658454.33,+49.67%,1402290.19,854070.94,+64.19%,122010.75,106916.0,+14.12%,7.01,8.2,-14.41%,107.77,127.35,-15.37%,23927205.12,23373315.17,+2.37%,22052573.19,21158161.66,+4.23%,1739440.0,1739440.0,0.00%,135191.92,475713.51,-71.58%,0.065,11.7637
NICSF,NIC Asia Select Fund 30,Mutual Fund,8.51,1.06 Ar,-1.96%,+3.78%,0.00%,-8.49%,-4.06%,+11.40%,,,,,,,,,,,,,,,,,,,,,,,,,,,,,,,,
NIFRA,Nepal Infrastructure Bank Limited,Development Bank,256.00,55.30 Ar,+2.40%,+4.92%,+4.58%,-0.19%,+3.01%,-19.31%,4.57,56.0,2.18,2424011.0,1806987.0,+34.15%,1446678.0,1081269.0,+33.79%,987396.0,643310.0,+53.49%,4.57,3.97,+15.12%,117.22,115.84,+1.19%,41847044.0,41222146.0,+1.52%,16528308.0,16201643.0,+2.02%,21600000.0,21600000.0,0.00%,3718738.0,3420503.0,+8.72%,0.039,0.6528
NIFRAGED,Nifra Green Energy Debenture 6% - 2088/89,Bond,"1,040.00",5.20 Ar,+1.42%,+2.86%,+2.97%,+0.08%,+4.00%,+3.90%,,,,,,,,,,,,,,,,,,,,,,,,,,,,,,,,
NIL,Neco Insurance,Non Life Insurance,535.50,14.41 Ar,+0.11%,+3.98%,-10.53%,-16.33%,-11.30%,-24.21%,10.4,51.49,1.82,2525950.82,1683448.01,+50.05%,1151945.17,714963.84,+61.12%,288321.88,163956.17,+75.85%,10.4,7.89,+31.89%,226.33,223.11,+1.45%,12158069.83,12327679.02,-1.38%,5883449.87,6142517.07,-4.22%,2772278.3,2772278.3,0.00%,365027.79,370002.08,-1.34%,0.046,0.9377
NIMB,Nepal Investment Bank,Commercial Banks,195.80,66.82 Ar,+2.03%,+5.33%,+4.71%,+0.31%,+1.45%,-43.08%,8.05,24.32,0.99,31450071.0,23725140.0,+32.56%,12988685.0,9579558.0,+35.59%,2747216.0,3146768.0,-12.70%,8.05,12.29,-34.52%,197.71,199.72,-1.01%,613344229.0,616006748.0,-0.43%,545869720.0,547844806.0,-0.36%,34128595.0,34128595.0,0.00%,33345915.0,34033347.0,-2.02%,0.0407,8.09
NIMBPO,Nepal Investment Mega Bank Promoter,Commercial Banks,147.00,26.91 Ar,+2.08%,+7.38%,+7.22%,+0.62%,-11.18%,-60.10%,8.05,24.32,0.99,,,,,,,,,,,,,,,,,,,,,,,,,,,,,
NLG,Nlg Insurance,Non Life Insurance,530.00,13.60 Ar,-1.30%,+2.61%,-5.34%,-13.40%,-22.10%,+28.44%,2.17,244.58,2.15,1835970.32,1305418.84,+40.64%,658899.63,488135.12,+34.98%,57812.13,34810.19,+66.08%,2.17,1.74,+24.56%,166.37,170.93,-2.67%,9058789.95,9801164.08,-7.57%,4620449.49,5241115.49,-11.84%,2667833.41,2667833.41,0.00%,11700.48,17057.41,-31.41%,0.013,1.041
NLIC,Nepal Life Insurance,Life Insurance,735.00,66.36 Ar,+0.81%,+5.23%,+1.80%,-3.16%,+10.83%,-35.55%,4.91,149.7,6.78,74457240.27,52366736.68,+42.18%,7087357.8,4747672.76,+49.28%,465450.35,454894.36,+2.32%,4.91,6.4,-23.26%,126.07,126.33,-0.20%,292098602.3,293806885.0,-0.58%,280146657.9,281830926.2,-0.60%,9480201.37,9480201.37,0.00%,799089.55,783333.52,+2.01%,0.0389,23.4394
NLICL,National Life Insurance,Life Insurance,582.00,31.85 Ar,+0.54%,+4.30%,+2.46%,+0.34%,+11.60%,+3.37%,6.51,89.38,5.36,31602301.2,21121104.69,+49.62%,3093544.82,2254307.25,+37.23%,370616.53,416629.89,-11.04%,6.51,9.76,-33.28%,127.75,130.39,-2.03%,116934116.7,113426400.7,+3.09%,109663216.1,105664789.8,+3.78%,5691649.33,5691649.33,0.00%,489868.7,524930.0,-6.68%,0.051,15.0825
NMB,NMB Bank,Commercial Banks,257.89,47.37 Ar,+2.54%,+6.57%,+7.91%,+6.18%,+15.53%,-20.93%,20.81,12.39,1.42,21041592.0,15984078.0,+31.64%,9426239.0,7378022.0,+27.76%,4013673.0,2687786.0,+49.33%,20.81,18.58,+12.00%,181.8,175.79,+3.42%,397381305.0,375401623.0,+5.85%,359321535.0,338500303.0,+6.15%,22285041.0,22285041.0,0.00%,15774730.0,14616280.0,+7.93%,0.1145,9.441
NMBHF2,NMB Hybrid Fund L- II,Mutual Fund,8.86,1.21 Ar,+0.11%,-0.56%,-6.44%,-4.81%,+5.73%,+0.35%,,,,,,,,,,,,,,,,,,,,,,,,,,,,,,,,
NMBMF,NMB Microfinance,Microcredit,615.00,4.44 Ar,+2.07%,+6.94%,+3.27%,-3.20%,-7.35%,-37.38%,20.43,30.1,4.08,1034684.57,725320.69,+42.65%,643488.2,444206.74,+44.86%,147401.96,87013.31,+69.40%,20.43,16.08,+27.05%,150.76,142.44,+5.84%,10059136.26,8800616.07,+14.30%,8971477.44,7772979.23,+15.42%,721449.15,721449.15,0.00%,366209.67,306187.69,+19.60%,0.1355,8.2484
,,,,,,,,,,,,,,,,,,,,,,,,,,,,,,,,,,,,,,,,,,
NMFBS,National Microfinance Bittiya Sanstha Ltd.,Microcredit,"1,190.00",15.85 Ar,+0.93%,+5.78%,+5.45%,+5.87%,+5.21%,-2.57%,58.59,20.31,4.26,3575242.0,2537532.0,+40.89%,2064295.0,1364659.0,+51.27%,891304.0,588661.0,+51.41%,58.59,51.59,+13.56%,279.32,259.51,+7.63%,34745676.0,31587115.0,+10.00%,30496274.0,27639083.0,+10.34%,1521363.0,1521363.0,0.00%,2728039.0,2426669.0,+12.42%,0.2098,7.1766
NMIC,Nepal Micro Insurance Company Limited,Non Life Insurance,845.00,6.34 Ar,+1.00%,+5.93%,-4.74%,-16.75%,-21.76%,+154.14%,5.68,148.73,6.14,199253.26,99255.14,+100.75%,138934.08,60736.62,+128.75%,42610.31,25512.39,+67.02%,5.68,4.54,+25.27%,106.36,100.17,+6.18%,1188157.42,1292292.92,-8.06%,390469.19,541034.64,-27.83%,750000.0,750000.0,0.00%,20659.9,-1922.59,"-1,174.59%",0.0534,0.4895
NMLBBL,Nerude Mirmire Laghubitta Bittiya Sanstha Limited,Microcredit,506.00,7.07 Ar,+1.26%,+1.81%,+1.20%,-12.27%,-17.55%,-40.97%,16.88,29.98,2.71,2485092.19,1782447.92,+39.42%,1294362.5,898298.57,+44.09%,235901.43,43833.1,+438.18%,16.88,4.18,+303.63%,186.59,180.1,+3.60%,20959402.87,21014686.11,-0.26%,18351273.84,18497283.26,-0.79%,1397764.27,1397764.27,0.00%,1210364.75,1119638.58,+8.10%,0.0905,7.0362
NRIC,Nepal Reinsurance Company Limited,ReInsurance,832.90,111.79 Ar,-0.49%,+4.50%,-7.97%,-14.49%,-43.29%,-16.07%,-58.02,-14.36,7.63,,,,,,,,,,,,,,,,,,,,,,,,,,,,,
NRM,Nepal Republic Media Limited,Media,292.50,2.83 Ar,-0.85%,+3.36%,-3.47%,-12.69%,-31.18%,+6.21%,-3.18,-92.12,3.42,,,,,,,,,,,,,,,,,,,,,,,,,,,,,
NRN,NRN Infrastructure and Development Limited,Organized Fund,"1,450.00",18.62 Ar,-0.34%,+0.76%,+5.61%,+3.65%,+10.09%,+215.49%,-4.32,-335.6,8.57,48628.97,27788.28,+75.00%,41300.97,22072.27,+87.12%,-77689.18,-74072.84,+4.88%,-4.32,-5.49,-21.34%,169.23,172.44,-1.86%,3329929.58,3487139.68,-4.51%,287035.35,386486.58,-25.73%,1798121.2,1798121.2,0.00%,1244773.04,1302531.9,-4.43%,-0.0255,0.0943
NSIF2,NMB Sulav Investment Fund - 2,Mutual Fund,10.00,1.22 Ar,-2.53%,-0.89%,-0.83%,+0.91%,+9.85%,+23.46%,,,,,,,,,,,,,,,,,,,,,,,,,,,,,,,,
NSY,Nepal Life Samriddhi Lagani Yojana,Mutual Fund,9.25,1.85 Ar,0.00%,-0.86%,+0.43%,-2.63%,-8.87%,-8.87%,,,,,,,,,,,,,,,,,,,,,,,,,,,,,,,,
NTC,Nepal Doorsanchar Company,Telecom,892.00,160.56 Ar,0.00%,+0.90%,+0.68%,+5.06%,+14.06%,+19.16%,46.47,19.2,1.62,28854894.0,19227266.0,+50.07%,24330301.0,16299173.0,+49.27%,6272997.0,4164508.0,+50.63%,46.47,46.27,+0.42%,550.88,539.51,+2.11%,135328493.0,134987055.0,+0.25%,36169529.0,37875189.0,-4.50%,18000000.0,18000000.0,0.00%,81158964.0,79111867.0,+2.59%,0.0844,0.3648
NUBL,Nirdhan Utthan Bank,Microcredit,600.00,15.67 Ar,+2.39%,+5.26%,+0.02%,-6.98%,-14.63%,-33.29%,12.8,46.89,2.71,3678963.16,2707896.64,+35.86%,1884586.71,1394568.11,+35.14%,350980.63,155021.71,+126.41%,12.8,7.54,+69.80%,221.18,214.43,+3.15%,30551428.78,29480039.29,+3.63%,24485185.1,23599035.56,+3.76%,2742683.74,2742683.74,0.00%,3323559.95,3138320.0,+5.90%,0.0579,4.0363
NWCL,Nepal Warehousing Company Limited,Trading,616.00,4.24 Ar,+0.98%,+5.50%,-8.27%,-20.03%,-19.83%,+168.29%,-6.54,-94.25,5.99,,,,,,,,,,,,,,,,,,,,,,,,,,,,,
NYADI,Nyadi Hydropower Limited,Hydro Power,367.80,5.52 Ar,+1.88%,+4.52%,+1.71%,-7.36%,-4.47%,+18.45%,2.45,150.04,5.88,652012.0,609770.0,+6.93%,352840.0,388185.0,-9.11%,40446.0,147778.0,-72.63%,2.45,11.94,-79.47%,62.55,69.05,-9.42%,5525604.0,5715321.0,-3.32%,4493537.0,4575923.0,-1.80%,1650000.0,1650000.0,0.00%,-617933.0,-510602.0,+21.02%,0.0392,4.3539
OHL,Oriental Hotels,Hotels,654.00,7.75 Ar,+0.32%,+5.65%,+0.31%,-6.56%,-6.57%,+35.64%,-4.01,-163.27,2.0,1028164.49,740756.76,+38.80%,217795.4,158537.31,+37.38%,-47447.15,-29351.36,+61.65%,-4.01,-3.3,+21.24%,326.64,328.17,-0.47%,6086173.8,6026554.95,+0.99%,2217081.13,2139366.58,+3.63%,1184494.96,1184494.96,0.00%,2684597.71,2702693.41,-0.67%,-0.0123,0.573
OMPL,Om Megashree Pharmaceuticals Limited,Manufacturing And Processing,904.50,5.43 Ar,-0.28%,+6.04%,+0.50%,-20.17%,-19.33%,+204.55%,-6.29,-143.73,9.23,211601.22,140229.71,+50.90%,129459.48,87305.77,+48.28%,-37757.02,-40969.93,-7.84%,-6.29,-9.1,-30.88%,98.04,97.5,+0.55%,1536027.3,1530153.41,+0.38%,947788.44,945127.47,+0.28%,600000.0,600000.0,0.00%,-11761.14,-14974.06,-21.46%,-0.0642,1.6112
PBD88,10% Prime Debenture 2088,Bond,"1,200.00",2.09 Ar,0.00%,+1.69%,+2.13%,-0.08%,+4.35%,+22.45%,,,,,,,,,,,,,,,,,,,,,,,,,,,,,,,,
PBD93,6.25% Prime Bank Debenture 2093,Bond,"1,048.00",0.00,+0.67%,+2.14%,+2.14%,+2.14%,+2.14%,+2.14%,,,,,,,,,,,,,,,,,,,,,,,,,,,,,,,,
PCBL,Prime Commercial Bank,Commercial Banks,259.00,50.25 Ar,+2.86%,+7.47%,+7.78%,+9.61%,+19.73%,-23.79%,19.63,13.2,1.47,21618585.43,16298745.7,+32.64%,9212693.62,6841242.73,+34.66%,4112568.8,3089335.32,+33.12%,19.63,19.66,-0.16%,175.8,171.28,+2.64%,336067949.3,325394310.6,+3.28%,299229555.9,289503307.0,+3.36%,20954781.77,20954781.77,0.00%,15883611.59,14936221.84,+6.34%,0.1117,8.1228
PCIL,Palpa Cement Industries Limited,Manufacturing And Processing,621.79,23.32 Ar,-0.37%,+2.40%,-0.03%,-15.97%,+88.42%,+88.42%,1.07,583.04,4.81,4784071.92,3415397.88,+40.07%,791598.34,591154.39,+33.91%,39992.67,57311.54,-30.22%,1.07,2.04,-47.66%,129.15,129.58,-0.33%,10315081.0,10991929.8,-6.16%,5471824.43,6132689.48,-10.78%,3750000.0,3750000.0,0.00%,1093256.57,1109240.32,-1.44%,0.0083,1.1298
PFL,Pokhara Finance,Finance,370.00,7.04 Ar,-1.31%,-0.80%,-0.80%,-1.04%,-3.90%,-32.15%,13.37,27.67,5.29,549439.41,431165.34,+27.43%,176435.6,138917.36,+27.01%,254299.52,73077.48,+247.99%,13.37,9.0,+48.59%,70.01,63.41,+10.41%,12079719.34,8139422.65,+48.41%,10748589.64,7453024.18,+44.22%,1901468.01,1082556.61,+75.65%,-570338.3,-396158.14,+43.97%,0.191,8.0748
PHCL,Peoples Hydropower Company Limited,Hydro Power,322.50,10.32 Ar,-0.15%,+5.74%,+8.22%,+3.00%,-13.63%,+19.44%,2.23,144.5,3.15,1156058.78,829478.87,+39.37%,703820.32,492799.51,+42.82%,71416.57,3818.73,"+1,770.17%",2.23,0.16,"+1,302.63%",102.24,100.23,+2.01%,11516943.16,11474659.39,+0.37%,8245142.31,8267206.38,-0.27%,3200000.0,3200000.0,0.00%,71800.85,7453.01,+863.38%,0.0218,2.5201
PMHPL,Panchakanya Mai Hydropower,Hydro Power,311.00,3.42 Ar,+0.97%,+2.71%,+0.39%,-6.33%,-5.76%,-6.61%,6.07,51.22,3.73,347144.36,291624.73,+19.04%,295875.8,254426.7,+16.29%,66795.76,82255.25,-18.79%,6.07,9.97,-39.10%,83.39,84.8,-1.66%,2484348.93,2515477.79,-1.24%,1567031.27,1582700.63,-0.99%,1100000.0,1100000.0,0.00%,-182682.34,-167222.85,+9.24%,0.0728,1.7083
PMLI,Prabhu Mahalaxmi Life Insurance Limited,Life Insurance,431.80,22.04 Ar,+2.06%,+6.46%,+0.58%,-6.94%,-0.21%,-6.16%,7.08,61.02,4.0,7474220.66,5057929.88,+47.77%,1292577.74,727730.7,+77.62%,375593.04,275070.86,+36.54%,7.08,6.91,+2.41%,116.58,115.6,+0.84%,25758666.25,24092278.16,+6.92%,19571029.74,17956413.8,+8.99%,5307793.92,5307793.92,0.00%,428240.52,332145.55,+28.93%,0.0607,3.1629
PPCL,Panchthar Power Company Ltd.,Hydro Power,347.50,3.34 Ar,+1.02%,+3.82%,+4.07%,-5.05%,+12.50%,-19.95%,8.85,39.27,3.52,377816.87,289281.17,+30.61%,338965.86,253691.2,+33.61%,85163.28,60193.88,+41.48%,8.85,8.34,+6.11%,98.65,96.06,+2.70%,2877749.22,2865238.85,+0.44%,1928241.17,1940700.21,-0.64%,962500.0,962500.0,0.00%,-12991.95,-37961.36,-65.78%,0.0897,2.0308
PPL,Peoples Power Limited,Hydro Power,327.00,3.10 Ar,+0.03%,+3.15%,+3.15%,-5.79%,+11.49%,+60.45%,-2.29,-142.58,3.19,89890.0,53598.0,+67.71%,75808.0,23876.0,+217.51%,-21763.0,-18040.0,+20.64%,-2.29,-2.53,-9.52%,102.59,102.98,-0.38%,974853.0,980756.0,-0.60%,1410.0,3589.0,-60.71%,948900.0,948900.0,0.00%,24545.0,28268.0,-13.17%,-0.0223,0.0014
PRIN,Prabhu Insurance,Non Life Insurance,602.90,10.26 Ar,+0.48%,+1.82%,-8.65%,-14.84%,-9.33%,+20.32%,13.33,45.23,2.13,1008333.2,744488.18,+35.44%,725459.09,560086.85,+29.53%,246443.35,211555.53,+16.49%,13.33,16.58,-19.62%,193.0,209.55,-7.90%,7437160.11,7678897.48,-3.15%,3868676.79,4114601.89,-5.98%,1848939.09,1700955.92,+8.70%,104151.54,249124.55,-58.19%,0.0691,1.0841
PROFL,Progressive Finance,Finance,388.20,3.32 Ar,+0.05%,+4.64%,-5.06%,-13.13%,-15.18%,-1.49%,5.92,65.62,4.63,541990.32,403602.17,+34.29%,193683.59,140944.24,+37.42%,50169.59,-24743.25,-302.76%,5.92,-3.89,-252.07%,83.84,75.05,+11.71%,8899819.29,8642470.12,+2.98%,8188757.49,8005929.68,+2.28%,848106.0,848106.0,0.00%,-137044.2,-211565.55,-35.22%,0.0706,11.5162
PRSF,Prabhu Smart Fund,Mutual Fund,11.85,1.19 Ar,+0.42%,+1.98%,+1.19%,+1.19%,+21.05%,+55.60%,,,,,,,,,,,,,,,,,,,,,,,,,,,,,,,,
PRVU,Prabhu Bank,Commercial Banks,189.10,44.52 Ar,+1.39%,+4.19%,+4.02%,-2.17%,+0.59%,-43.15%,-1.02,-184.54,1.34,21976924.0,16819667.0,+30.66%,9265782.0,7181924.0,+29.02%,-241244.0,851523.0,-128.33%,-1.02,4.82,-121.25%,140.92,146.26,-3.65%,412087634.0,401941268.0,+2.52%,378911634.0,367507981.0,+3.10%,23542490.0,23542490.0,0.00%,9633511.0,10890798.0,-11.54%,-0.0072,11.4213
PSF,Prabhu Select Fund,Mutual Fund,11.00,1.38 Ar,+0.18%,+1.57%,+0.74%,-0.43%,+17.47%,+71.13%,,,,,,,,,,,,,,,,,,,,,,,,,,,,,,,,
PURE,Pure Energy Limited,Hydro Power,808.00,6.46 Ar,+2.41%,+5.76%,-2.06%,-9.42%,+13.01%,+153.93%,3.16,255.48,7.8,247616.83,176991.3,+39.90%,233447.73,166658.17,+40.08%,25301.75,11712.93,+116.02%,3.16,1.95,+62.01%,103.64,101.94,+1.67%,2345425.5,2370587.02,-1.06%,1516285.85,1555036.19,-2.49%,800000.0,800000.0,0.00%,29139.65,15550.83,+87.38%,0.0305,1.8287
RADHI,Radhi Bidhyut Company,Hydro Power,712.00,13.09 Ar,+1.28%,+2.89%,0.00%,-3.52%,+0.42%,+149.39%,19.75,36.05,4.18,137615.55,109625.7,+25.53%,101704.87,82113.99,+23.86%,363251.02,323942.44,+12.13%,19.75,23.49,-15.90%,170.14,176.26,-3.47%,3604241.27,3841886.62,-6.19%,475329.01,600419.63,-20.83%,1838979.32,1838979.32,0.00%,1289932.95,1402487.67,-8.03%,0.1161,0.1519
RAWA,Rawa Energy Development Limited,Hydro Power,426.00,1.19 Ar,+0.95%,+4.67%,+0.57%,-11.80%,-43.08%,+55.36%,11.17,38.15,4.93,104782.96,80893.57,+29.53%,89983.61,70702.54,+27.27%,31262.96,26811.95,+16.60%,11.17,12.77,-12.55%,86.32,84.73,+1.88%,652219.49,655252.27,-0.46%,410512.7,417996.49,-1.79%,280000.0,280000.0,0.00%,-38293.21,-42744.22,-10.41%,0.1294,1.6984
RBBF40,RBB Focus 40,Mutual Fund,9.00,1.13 Ar,+1.12%,0.00%,-0.55%,-5.46%,-4.56%,-4.56%,,,,,,,,,,,,,,,,,,,,,,,,,,,,,,,,
RBCL,Rastriya Beema,Non Life Insurance,"13,675.00",36.46 Ar,+0.15%,+0.40%,-2.32%,-7.54%,-8.82%,-23.94%,129.18,105.86,5.27,912090.91,739468.46,+23.34%,729925.21,542844.44,+34.46%,344437.91,288953.4,+19.20%,129.18,144.49,-10.60%,6407.05,6524.1,-1.79%,24814700.71,25421466.6,-2.39%,7731005.48,8025657.65,-3.67%,266639.06,266639.06,0.00%,2595584.48,2602479.76,-0.26%,0.0202,0.4525
RFPL,River Falls Power Limited,Hydro Power,341.80,2.39 Ar,+0.83%,+2.18%,+2.55%,-5.06%,+8.51%,+75.19%,2.71,126.11,2.85,264331.18,201739.78,+31.03%,226908.72,182628.38,+24.25%,37945.5,18656.34,+103.39%,2.71,1.78,+52.54%,119.78,118.41,+1.16%,2839149.67,2848256.67,-0.32%,1162190.38,1190539.43,-2.38%,1400000.0,1400000.0,0.00%,276959.29,257717.23,+7.47%,0.0226,0.693
RHGCL,Rapti Hydro And General Construction Limited,Hydro Power,272.89,3.34 Ar,-0.08%,+4.52%,+7.15%,-3.23%,+9.16%,+29.31%,-2.16,-126.6,2.92,83970.77,75932.67,+10.59%,60663.68,60942.65,-0.46%,-26419.39,263.83,"-10,113.75%",-2.16,0.03,"-7,610.32%",93.56,95.74,-2.28%,1769468.88,1796497.51,-1.50%,617799.38,618076.5,-0.04%,1225587.6,1225587.6,0.00%,-78952.42,-52215.03,+51.21%,-0.0231,0.5364
RHPL,Rasuwagadhi Hydropower Company Limited,Hydro Power,176.00,12.04 Ar,+2.50%,+3.65%,-30.19%,-34.67%,-36.80%,-54.05%,-21.13,-8.33,2.63,1266672.0,777725.0,+62.87%,956167.0,578552.0,+65.27%,-1445890.0,-1239653.0,+16.64%,-21.13,-24.16,-12.52%,67.01,70.04,-4.32%,23554436.0,23492441.0,+0.26%,18969392.0,18700575.0,+1.44%,6842100.0,6842100.0,0.00%,-2257058.0,-2050234.0,+10.09%,-0.3153,4.1372
RIDI,Ridi Power Company Limited,Hydro Power,347.00,8.06 Ar,+0.29%,-1.14%,-3.50%,+0.87%,+66.03%,-14.38%,2.02,172.04,3.4,364781.69,298312.29,+22.28%,293318.85,260822.07,+12.46%,46862.65,74171.95,-36.82%,2.02,4.26,-52.61%,102.03,103.2,-1.14%,1101608.42,1120250.97,-1.66%,1469452.99,1492165.47,-1.52%,2323351.8,2323351.8,0.00%,47062.02,74371.27,-36.72%,0.0198,-3.9948
RLEL,Ridge Line Energy Limited,Hydro Power,764.90,9.06 Ar,-1.05%,+0.78%,-16.86%,-15.48%,+131.79%,+131.79%,12.24,62.51,5.92,337237.71,236787.9,+42.42%,306273.32,214629.17,+42.70%,144992.24,93909.25,+54.40%,12.24,10.57,+15.80%,129.2,125.06,+3.32%,2667659.51,2675015.71,-0.27%,1136583.15,1193068.27,-4.73%,1185000.0,1185000.0,0.00%,346076.36,296947.43,+16.54%,0.0947,0.7423
RLFL,Reliance Finance,Finance,427.00,4.79 Ar,-1.04%,+1.91%,-3.37%,-7.15%,-1.61%,-8.03%,4.51,94.66,3.66,784609.0,597327.0,+31.35%,283456.0,223334.0,+26.92%,50587.0,37901.0,+33.47%,4.51,4.51,+0.10%,116.78,115.8,+0.84%,12524051.0,11504147.0,+8.87%,11214440.0,10205485.0,+9.89%,1121452.0,1121452.0,0.00%,188159.0,177210.0,+6.18%,0.0386,8.5632
RMF1,RBB Mutual Fund 1,Mutual Fund,9.42,1.18 Ar,-0.84%,-2.79%,-2.89%,-6.27%,+3.18%,+18.92%,,,,,,,,,,,,,,,,,,,,,,,,,,,,,,,,
RMF2,RBB Mutual Fund 2,Mutual Fund,10.17,86.05 Cr,+4.31%,+4.31%,+0.69%,-1.26%,+13.00%,+26.24%,,,,,,,,,,,,,,,,,,,,,,,,,,,,,,,,
RNLI,Reliable Nepal Life Insurance Limited,Life Insurance,443.90,23.07 Ar,+2.52%,+3.26%,+4.20%,-3.23%,+7.33%,+19.77%,11.21,39.6,3.84,7868951.57,5514498.89,+42.70%,1624143.53,1084193.9,+49.80%,582602.87,470417.33,+23.85%,11.21,12.07,-7.11%,148.49,146.17,+1.59%,26755295.92,24399824.83,+9.65%,19038635.31,16803889.91,+13.30%,5196800.0,5196800.0,0.00%,813439.03,683021.34,+19.09%,0.0755,2.4672
RSDC,RSDC Laghubitta Bittiya Sanstha Ltd.,Microcredit,632.60,6.54 Ar,+0.73%,+1.22%,-0.06%,-4.15%,+1.22%,+6.53%,13.37,47.32,4.83,413915.29,329782.34,+25.51%,191542.5,147622.42,+29.75%,138238.25,65647.5,+110.58%,13.37,8.46,+57.93%,131.07,124.07,+5.64%,5668451.27,5977534.2,-5.17%,4313131.78,4694545.93,-8.12%,1034064.42,1034064.42,0.00%,321255.07,248923.86,+29.06%,0.102,3.1824
RSML,Reliance Spinning Mills Limited,Manufacturing And Processing,"2,757.00",52.38 Ar,+0.44%,-5.90%,+1.17%,-17.70%,+735.45%,+735.45%,21.0,131.28,5.48,10486323.91,7482022.63,+40.15%,1411887.71,970187.08,+45.53%,399029.67,266892.12,+49.51%,21.0,18.73,+12.13%,503.32,497.37,+1.20%,13993458.85,14008628.89,-0.11%,4430361.64,4558562.25,-2.81%,1900000.0,1900000.0,0.00%,7663097.2,7550066.61,+1.50%,0.0417,0.4633
RSY,Reliable Samriddhi Yojana,Mutual Fund,9.57,1.15 Ar,0.00%,+1.38%,-1.58%,+1.12%,+15.60%,+13.94%,,,,,,,,,,,,,,,,,,,,,,,,,,,,,,,,
RSY2,Reliable Samriddhi Yojana -2,Mutual Fund,9.00,1.13 Ar,-1.10%,-0.55%,+0.90%,-0.33%,-0.33%,-0.33%,,,,,,,,,,,,,,,,,,,,,,,,,,,,,,,,
RURU,Ru Ru Jalbidhyut Pariyojana Limited,Hydro Power,595.50,3.38 Ar,-0.08%,+2.32%,-1.57%,-7.67%,+1.58%,-18.85%,10.4,57.25,4.62,138735.79,118014.62,+17.56%,92156.69,83215.16,+10.75%,64909.12,62031.67,+4.64%,10.4,13.25,-21.52%,128.84,128.34,+0.39%,1038362.87,1057013.69,-1.76%,234361.9,256133.05,-8.50%,624054.42,624054.42,0.00%,179946.55,176826.21,+1.76%,0.0807,0.2915
SABBL,Salapa Bikas Bank Limited,Development Bank,897.00,4.69 Ar,-0.33%,-0.29%,-5.18%,-15.77%,+171.82%,+171.82%,1.46,615.75,8.66,139536.92,112831.19,+23.67%,63436.31,55749.76,+13.79%,7609.91,-3189.36,-338.60%,1.46,-0.81,-278.97%,103.52,103.75,-0.22%,2186522.56,2065226.98,+5.87%,1645740.75,1523245.86,+8.04%,522388.0,522388.0,0.00%,18393.81,19593.12,-6.12%,0.0141,3.0433
SADBL,Shangrila Development Bank,Development Bank,420.60,14.96 Ar,-0.07%,+2.34%,+4.11%,+2.59%,+12.43%,+32.42%,23.83,17.65,2.48,4774523.36,3401489.13,+40.37%,2420107.94,1617555.56,+49.62%,889937.94,484531.08,+83.67%,23.83,17.3,+37.75%,169.5,158.79,+6.74%,66042519.31,64156981.16,+2.94%,59713434.85,58227665.24,+2.55%,3734068.51,3734068.51,0.00%,2595015.96,2195247.41,+18.21%,0.1406,9.4348
SAEF2,Sanima Equity Fund-2,Mutual Fund,9.26,1.16 Ar,+1.76%,+2.89%,+2.09%,-2.53%,-2.53%,-2.53%,,,,,,,,,,,,,,,,,,,,,,,,,,,,,,,,
SAGAR,Sagar Distillery Limited,Manufacturing And Processing,"1,633.90",11.86 Ar,+2.76%,+4.81%,+4.07%,-1.93%,+364.97%,+364.97%,-7.89,-207.13,13.62,208169.27,98336.28,+111.69%,97482.71,64274.16,+51.67%,-57269.66,-35357.2,+61.97%,-7.89,-6.49,+21.48%,119.96,127.08,-5.60%,1538116.19,1476786.82,+4.15%,667185.06,554211.79,+20.38%,726000.0,726000.0,0.00%,144931.14,196575.03,-26.27%,-0.0658,0.7661
SAGF,Sanima Growth Fund,Mutual Fund,9.50,63.89 Cr,0.00%,+1.06%,+0.55%,-2.21%,+7.26%,+24.98%,,,,,,,,,,,,,,,,,,,,,,,,,,,,,,,,
SAHAS,Sahas Urja Limited,Hydro Power,693.40,26.21 Ar,+0.22%,+0.35%,+1.29%,+4.43%,+42.44%,+103.76%,29.72,23.33,3.84,2844534.71,2333888.93,+21.88%,2616251.76,2184467.24,+19.77%,1359156.44,1182718.34,+14.92%,29.72,34.48,-13.81%,180.58,176.74,+2.17%,18461051.75,18536828.26,-0.41%,10201471.66,10452948.89,-2.41%,4573800.0,4573800.0,0.00%,3685780.09,3510079.37,+5.01%,0.1646,1.2351
SAIL,Shreenagar Agritech Industries Limited,Manufacturing And Processing,"1,000.00",16.31 Ar,+0.19%,-0.87%,-2.44%,-2.25%,+201.39%,+201.39%,1.09,914.67,9.24,1835716.95,1360773.0,+34.90%,251275.34,177759.94,+41.36%,17834.22,20058.68,-11.09%,1.09,1.64,-33.32%,108.23,110.9,-2.41%,3055124.97,2993609.2,+2.05%,1289662.14,1184544.48,+8.87%,1631250.0,1631250.0,0.00%,134212.82,177814.71,-24.52%,0.0101,0.7305
SALICO,Sagarmatha Lumbini Insurance Co. Limited,Non Life Insurance,545.00,14.29 Ar,+0.93%,+3.75%,-6.66%,-11.76%,-11.03%,-36.29%,11.94,45.65,1.63,3222729.13,2081389.18,+54.84%,1221930.55,726397.43,+68.22%,313096.83,133213.73,+135.03%,11.94,6.77,+76.27%,232.72,233.64,-0.40%,12596174.23,14912080.64,-15.53%,6492883.76,8784550.93,-26.09%,2622638.2,2622638.2,0.00%,347904.21,188190.97,+84.87%,0.0513,1.0638
SAND2085,10% Sanima Bank Limited Debenture,Bond,"1,100.00",2.20 Ar,0.00%,-3.93%,-4.34%,-7.49%,0.00%,+6.28%,,,,,,,,,,,,,,,,,,,,,,,,,,,,,,,,
SANIMA,Sanima Bank,Commercial Banks,370.00,50.25 Ar,+1.56%,+2.68%,+2.96%,+5.56%,+11.45%,+21.43%,22.78,16.24,2.09,16603839.91,12414344.73,+33.75%,6991583.5,5160016.18,+35.50%,3550144.53,2350202.92,+51.06%,22.78,20.11,+13.29%,177.07,169.34,+4.56%,291212798.4,274189150.39,+6.21%,263622542.6,247802903.62,+6.38%,15581525.41,15581525.41,0.00%,12008730.41,10804721.36,+11.14%,0.1286,9.5549
SANVI,Sanvi Energy Limited,Hydro Power,580.00,5.10 Ar,+0.35%,0.00%,-3.30%,-14.82%,+6.62%,+46.87%,-7.72,-75.16,5.46,125505.15,104973.78,+19.56%,120679.47,100558.73,+20.01%,-67907.26,-56079.94,+21.09%,-7.72,-8.5,-9.18%,106.21,107.55,-1.25%,2775793.17,2745446.33,+1.11%,1841152.27,1798978.12,+2.34%,880000.0,880000.0,0.00%,54640.89,66468.21,-17.79%,-0.0727,1.9699
SAPDBL,Saptakoshi Development Bank Ltd,Development Bank,626.00,5.22 Ar,-2.17%,-1.42%,-14.25%,-22.43%,-10.49%,+58.68%,18.04,34.71,7.22,551870.51,388336.17,+42.11%,233425.94,153645.22,+51.93%,150473.89,59024.77,+154.93%,18.04,9.43,+91.20%,86.71,72.9,+18.94%,10113056.75,9498006.83,+6.48%,9389561.2,8889737.72,+5.62%,834338.43,834338.43,0.00%,-110842.88,-226069.32,-50.97%,0.208,12.978
SAPIL,Sarvottam Paints Industries Limited,Manufacturing And Processing,"1,387.00",4.72 Ar,-0.20%,+1.24%,+164.39%,+302.03%,+302.03%,+302.03%,5.04,274.93,12.37,211591.57,0.0,0.00%,71902.3,0.0,0.00%,17152.86,0.0,0.00%,5.04,0.0,0.00%,112.1,0.0,0.00%,511556.02,0.0,0.00%,97824.57,0.0,0.00%,340000.0,0.0,0.00%,41124.09,0.0,0.00%,0.045,0.2364
SARBTM,Sarbottam Cement Limited,Manufacturing And Processing,814.90,40.55 Ar,+1.23%,+2.57%,+4.19%,-2.06%,+7.37%,+55.45%,21.2,38.44,4.08,10435478.17,7195913.37,+45.02%,2500341.23,1947195.32,+28.41%,1107429.39,905813.24,+22.26%,21.2,23.12,-8.31%,199.82,195.96,+1.97%,16600292.64,16550710.06,+0.30%,6161399.16,6313432.73,-2.41%,5224275.0,5224275.0,0.00%,5214618.48,5013002.33,+4.02%,0.1061,0.5902
SBCF,Sunrise Bluechip Fund,Mutual Fund,9.30,1.16 Ar,0.00%,-0.32%,-7.00%,-6.53%,+3.33%,+14.73%,,,,,,,,,,,,,,,,,,,,,,,,,,,,,,,,
SBI,Nepal Sbi Bank,Commercial Banks,406.50,44.31 Ar,+0.62%,+0.54%,-0.12%,+3.33%,+13.53%,+45.83%,18.04,22.54,2.09,14481046.05,10811896.3,+33.94%,5334310.56,3869415.72,+37.86%,2044330.74,1461785.73,+39.85%,18.04,17.19,+4.89%,194.73,189.57,+2.72%,248357523.0,254744083.2,-2.51%,226284634.5,233255976.0,-2.99%,11335124.39,11335124.39,0.00%,10737764.07,10152982.77,+5.76%,0.0926,10.2517
SBID89,9% Nepal SBI Bank Rinpatra 2089,Bond,"1,141.00",0.00,-0.09%,-0.09%,-1.64%,+0.25%,+5.65%,+14.10%,,,,,,,,,,,,,,,,,,,,,,,,,,,,,,,,
SBL,Siddhartha Bank,Commercial Banks,447.90,63.11 Ar,+0.20%,+6.90%,+9.65%,+13.68%,+31.15%,+30.34%,23.79,18.83,1.98,21054091.97,15459263.84,+36.19%,9051188.76,6528874.45,+38.63%,3519409.8,2014855.23,+74.67%,23.79,18.16,+31.01%,225.9,216.73,+4.23%,389732817.3,366484968.2,+6.34%,352812618.4,330921551.1,+6.62%,18294479.2,18294479.2,0.00%,18625719.67,17268937.88,+7.86%,0.1053,9.5561
SCB,Standard Chartered Bank,Commercial Banks,657.00,65.98 Ar,+0.31%,+1.39%,+1.08%,+1.26%,+11.33%,+66.02%,28.38,23.15,2.91,7423825.0,5496601.0,+35.06%,3943296.0,2914742.0,+35.29%,2850211.0,2081621.0,+36.92%,28.38,27.64,+2.69%,225.77,218.59,+3.29%,180062722.0,175457305.0,+2.62%,157389727.0,153505870.0,+2.53%,10042368.0,10042368.0,0.00%,12630627.0,11909065.0,+6.06%,0.1257,6.9417
SEF,Siddhartha Equity Fund,Mutual Fund,9.61,1.44 Ar,-0.62%,+0.10%,+1.16%,-7.68%,+6.78%,+25.40%,,,,,,,,,,,,,,,,,,,,,,,,,,,,,,,,
SEF2,Siddhartha Equity Fund 2,Mutual Fund,9.10,1.14 Ar,0.00%,+2.59%,+0.78%,-3.70%,-3.70%,-3.70%,,,,,,,,,,,,,,,,,,,,,,,,,,,,,,,,
SFEF,Sunrise Focused Equity Fund,Mutual Fund,9.01,90.10 Cr,-0.99%,-0.99%,-3.86%,-6.72%,+4.68%,+11.24%,,,,,,,,,,,,,,,,,,,,,,,,,,,,,,,,
SFMF,Sunrise First Mutual Fund,Mutual Fund,8.96,77.06 Cr,-2.50%,0.00%,-11.29%,-18.62%,-7.34%,+32.87%,,,,,,,,,,,,,,,,,,,,,,,,,,,,,,,,
SGHC,Swet-Ganga Hydropower & Construction Limited,Hydro Power,306.00,4.87 Ar,+0.33%,+3.38%,+1.32%,-13.56%,-7.16%,+3.41%,11.13,27.49,3.66,847095.44,676602.13,+25.20%,759293.87,616992.99,+23.06%,177349.25,177523.61,-0.10%,11.13,14.86,-25.07%,83.65,83.67,-0.03%,6133171.4,6180067.15,-0.76%,4800697.28,4847136.77,-0.96%,1593000.0,1593000.0,0.00%,-260525.88,-260069.62,+0.18%,0.1331,3.6028
SGHL,Sanigad Hydro Limited,Hydro Power,500.00,14.25 Ar,+1.01%,+0.79%,-6.02%,+45.31%,+45.31%,+45.31%,9.33,53.6,4.47,1110581.05,824320.17,+34.73%,1052289.22,824320.17,+27.66%,265881.02,182122.63,+45.99%,9.33,12.17,-23.36%,111.8,113.71,-1.68%,8490773.1,8436495.55,+0.64%,5309359.1,6167895.29,-13.92%,2850000.0,1995000.0,+42.86%,336414.0,273600.24,+22.96%,0.0835,1.6689
SGIC,Sanima GIC Insurance Limited,Non Life Insurance,398.80,8.57 Ar,+0.96%,+4.81%,-10.72%,-17.07%,-18.55%,-28.92%,5.76,69.23,1.33,1420279.64,904522.81,+57.02%,671663.05,417434.31,+60.90%,130039.88,51364.04,+153.17%,5.76,3.19,+80.83%,147.33,153.04,-3.73%,8801176.78,8886073.29,-0.96%,5475153.7,5595725.55,-2.15%,2257500.0,2150000.0,+5.00%,98755.62,192758.0,-48.77%,0.0391,1.6462
SHEL,Singati Hydro Energy Limited,Hydro Power,311.00,9.02 Ar,+1.63%,+3.74%,+4.29%,+1.04%,+18.75%,+18.83%,6.78,45.87,2.83,702206.15,578684.44,+21.35%,685247.78,566696.5,+20.92%,206462.19,204713.1,+0.85%,6.78,8.96,-24.36%,109.81,109.82,-0.01%,6405186.63,6457411.73,-0.81%,3061443.38,3113247.57,-1.66%,3045000.0,3045000.0,0.00%,298743.25,299164.16,-0.14%,0.0617,0.9156
SHINE,Shine Resunga Development Bank,Development Bank,430.00,20.97 Ar,0.00%,+1.90%,+4.50%,+5.68%,+16.24%,+40.13%,23.52,18.28,2.7,6009961.83,4472969.44,+34.36%,2826703.2,2060002.35,+37.22%,1181279.44,788404.48,+49.83%,23.52,20.93,+12.37%,159.49,153.05,+4.20%,87704410.23,84576334.32,+3.70%,79695117.7,76889974.44,+3.65%,5021972.73,5021972.73,0.00%,2987319.8,2664387.15,+12.12%,0.1475,9.9503
SHINED,Shine Resunga Debenture,Bond,"1,101.00",0.00,0.00%,0.00%,+1.01%,+0.09%,+0.09%,+0.09%,,,,,,,,,,,,,,,,,,,,,,,,,,,,,,,,
SHIVM,Shivam Cements Ltd,Manufacturing And Processing,688.00,37.54 Ar,+0.36%,+3.77%,+10.17%,+6.32%,+34.71%,-37.28%,14.03,49.05,3.64,7055871.09,5080969.48,+38.87%,1730724.8,1269924.17,+36.29%,784474.15,619192.41,+26.69%,14.03,14.76,-4.98%,188.76,185.31,+1.86%,13072154.55,13088712.09,-0.13%,2514588.67,2723805.95,-7.68%,5593228.71,5593228.71,0.00%,4964337.17,4771677.43,+4.04%,0.0743,0.2382
SHL,Soaltee Hotel,Hotels,516.50,52.78 Ar,+0.29%,+2.22%,+2.70%,+4.39%,+21.61%,+205.65%,6.48,79.75,18.11,3148091.7,2249778.82,+39.93%,1101437.08,815168.9,+35.12%,761106.09,550732.62,+38.20%,6.48,6.25,+3.65%,28.52,26.73,+6.70%,3991535.92,3839072.93,+3.97%,639814.09,697724.58,-8.30%,1175152.54,1175152.54,0.00%,2176569.29,1966195.81,+10.70%,0.2272,0.1909
SHLB,Shrijanshil Laghubitta Bittiya Sanstha Limited,Microcredit,"1,356.50",1.48 Ar,+2.75%,+7.23%,-3.11%,-5.93%,-22.26%,+36.11%,30.81,44.03,4.7,374288.31,265103.71,+41.19%,190763.56,126979.92,+50.23%,33700.43,16380.24,+105.74%,30.81,19.97,+54.30%,288.38,272.78,+5.72%,3160498.66,3018316.3,+4.71%,2845081.52,2719964.61,+4.60%,109375.0,109375.0,0.00%,206042.14,188976.69,+9.03%,0.1068,9.0201
SHPC,Sanima Mai Hydropower,Hydro Power,536.90,20.07 Ar,+1.11%,+3.71%,+8.93%,+6.57%,+7.38%,+49.39%,7.85,68.39,3.9,512739.99,311275.48,+64.72%,416136.49,235167.7,+76.95%,293450.42,135481.53,+116.60%,7.85,4.83,+62.45%,137.5,133.39,+3.08%,5454505.27,5418007.9,+0.67%,314794.01,431851.28,-27.11%,3737993.71,3737993.71,0.00%,1401717.55,1248162.9,+12.30%,0.0571,0.0612
SICL,Shikhar Insurance,Non Life Insurance,577.90,16.89 Ar,+1.21%,+5.07%,-4.95%,-7.39%,-6.32%,-41.98%,4.19,137.78,1.59,2957474.86,1945567.22,+52.01%,1274165.46,754082.72,+68.97%,130089.12,70575.61,+84.33%,4.19,3.03,+38.24%,191.95,189.6,+1.24%,15257874.19,15421870.9,-1.06%,9304418.8,9541274.33,-2.48%,3101567.8,3101567.8,0.00%,79866.55,53680.61,+48.78%,0.0218,1.5629
SIFC,Shree Investment Finance,Finance,484.40,4.84 Ar,+0.08%,+3.06%,-3.87%,-12.55%,-3.91%,+10.54%,4.62,104.81,3.46,705713.3,531898.04,+32.68%,228277.65,166005.04,+37.51%,46216.28,25360.88,+82.23%,4.62,3.38,+36.67%,139.82,139.08,+0.53%,10446716.96,10435093.8,+0.11%,9048503.04,9044250.37,+0.05%,1000000.0,1000000.0,0.00%,398213.92,390843.42,+1.89%,0.033,6.4715
SIGS2,Siddhartha Investment Growth Scheme 2,Mutual Fund,9.50,1.14 Ar,-1.14%,-0.52%,-2.75%,-7.41%,+13.02%,+37.15%,,,,,,,,,,,,,,,,,,,,,,,,,,,,,,,,
SIGS3,Siddhartha Investment Growth Scheme 3,Mutual Fund,10.33,83.24 Cr,+0.88%,+1.97%,+4.35%,+2.36%,+22.50%,+65.21%,,,,,,,,,,,,,,,,,,,,,,,,,,,,,,,,
SIKLES,Sikles Hydropower Limited,Hydro Power,587.00,4.99 Ar,+0.17%,+3.89%,+6.03%,+0.53%,+3.82%,+118.32%,14.07,41.72,5.14,338841.24,259509.79,+30.57%,298544.25,235666.68,+26.68%,137533.06,119491.51,+15.10%,14.07,16.3,-13.68%,114.13,112.28,+1.64%,2030304.14,2039447.19,-0.45%,914706.32,941890.93,-2.89%,977500.0,977500.0,0.00%,138097.81,120056.27,+15.03%,0.1233,0.8199
SINDU,Sindhu Bikash Bank,Development Bank,425.00,2.37 Ar,-0.93%,+7.87%,-37.04%,-41.78%,-31.23%,-5.97%,0.18,2365.53,4.39,391633.36,293380.01,+33.49%,143564.83,100719.27,+42.54%,1001.55,-33073.69,-103.03%,0.18,-7.91,-102.27%,96.87,91.3,+6.11%,6135068.74,6208492.65,-1.18%,5595037.27,5699553.32,-1.83%,557456.07,557456.07,0.00%,-17424.6,-48516.74,-64.09%,0.0019,10.3606
SIPD,Shikhar Power Development Limited,Hydro Power,580.00,5.68 Ar,-1.36%,-4.59%,-10.04%,-19.44%,+85.48%,+85.48%,-7.73,-75.0,6.19,35674.54,25487.33,+39.97%,27223.46,23271.72,+16.98%,-75784.4,-48664.51,+55.73%,-7.73,-6.62,+16.80%,93.72,96.58,-2.97%,1591075.81,1619186.25,-1.74%,672640.42,672679.32,-0.01%,980000.0,980000.0,0.00%,-61564.61,-33493.07,+83.81%,-0.0825,0.7324
SJCL,Sanjen Jalavidhyut Company Limited,Hydro Power,250.00,9.13 Ar,+3.31%,+7.71%,-6.26%,-12.46%,-10.01%,-35.33%,2.25,111.31,2.98,1641567.15,1191213.08,+37.81%,1403500.2,1031857.46,+36.02%,81978.42,21538.65,+280.61%,2.25,0.79,+185.46%,83.76,82.1,+2.02%,12720270.83,12685024.0,+0.28%,9663079.72,9688272.73,-0.26%,3650000.0,3650000.0,0.00%,-592808.9,-653248.72,-9.25%,0.0269,3.1608
SJLIC,SuryaJyoti Life Insurance Company Limited,Life Insurance,420.80,21.09 Ar,+0.67%,+3.65%,+3.39%,-1.22%,+8.96%,-26.13%,7.59,55.47,3.75,17099064.74,11597095.5,+47.44%,2214302.61,1439448.93,+53.83%,380219.38,330332.7,+15.10%,7.59,8.79,-13.67%,122.68,125.49,-2.24%,60956907.83,56130941.81,+8.60%,54808321.76,49841684.98,+9.96%,5011947.8,5011947.8,0.00%,609241.87,534025.02,+14.08%,0.0619,8.914
SKBBL,Sana Kisan Bikas Bank,Microcredit,766.00,33.03 Ar,-0.26%,+1.10%,+1.73%,+0.82%,+7.74%,+7.96%,13.26,57.79,3.45,2088375.42,1572681.95,+32.79%,1273970.4,964977.45,+32.02%,653145.93,483277.43,+35.15%,13.26,13.08,+1.36%,221.76,218.4,+1.54%,41996243.7,40644376.51,+3.33%,31069528.19,29883277.23,+3.97%,4927170.08,4927170.08,0.00%,5999545.43,5833929.2,+2.84%,0.0598,2.8434
SKHEL,Suryakunda Hydro Electric Limited,Hydro Power,855.00,5.90 Ar,0.00%,+3.01%,-10.46%,-23.52%,+173.43%,+173.43%,-4.81,-177.66,9.46,228147.94,171683.76,+32.89%,201548.83,152905.16,+31.81%,-33191.18,-22608.47,+46.81%,-4.81,-4.37,+10.11%,90.38,91.92,-1.67%,2457998.96,2437335.99,+0.85%,1834658.71,1803399.5,+1.73%,689674.4,689674.4,0.00%,-66334.15,-55737.91,+19.01%,-0.0532,2.9433
SKHL,Super Khudi Hydropower Limited,Hydro Power,752.00,11.66 Ar,0.00%,+2.17%,-9.40%,-20.21%,+127.88%,+127.88%,19.1,39.38,5.18,0.0,0.0,0.00%,0.0,0.0,0.00%,295976.51,181775.16,+62.83%,19.1,15.64,+22.12%,145.29,138.19,+5.14%,6397469.23,5536003.34,+15.56%,4145499.14,3394052.75,+22.14%,1550000.0,1550000.0,0.00%,701970.09,591950.58,+18.59%,0.1315,1.8408
SLBBL,Swarojgar Laghu Bitta Bikas Bank,Microcredit,825.00,6.47 Ar,+1.98%,+4.32%,+2.10%,+0.87%,+10.01%,+14.65%,34.8,23.7,4.82,1413215.93,1023814.32,+38.03%,758698.11,538381.84,+40.92%,311723.77,210230.76,+48.28%,34.8,31.3,+11.21%,171.23,160.03,+7.00%,11863808.16,11408646.11,+3.99%,10330212.3,9975367.56,+3.56%,895633.63,895633.63,0.00%,637962.23,537644.92,+18.66%,0.2032,6.7359
SLBSL,Samudayik Laghubitta Bittiya Sanstha Limited,Microcredit,913.00,1.56 Ar,+1.44%,+4.94%,-0.54%,-23.60%,-37.89%,-21.44%,26.66,34.25,7.06,297850.87,230505.24,+29.22%,162949.25,129853.59,+25.49%,45534.2,50835.59,-10.43%,26.66,39.68,-32.82%,129.29,136.91,-5.57%,2230846.39,2372574.65,-5.97%,2010018.5,2138731.6,-6.02%,170805.0,170805.0,0.00%,50022.9,63038.06,-20.65%,0.2062,9.1022
SLCF,Sanima Large Cap Fund,Mutual Fund,9.25,1.11 Ar,+0.65%,+2.78%,-5.80%,-9.31%,+2.32%,+10.26%,,,,,,,,,,,,,,,,,,,,,,,,,,,,,,,,
SMATA,Samata Gharelu Laghubitta Bittiya Sanstha Limited,Microcredit,711.60,4.48 Ar,+0.08%,+2.54%,+0.23%,-6.74%,-21.74%,-17.96%,18.04,39.44,4.9,814820.63,592750.76,+37.46%,471860.1,341320.02,+38.25%,119170.18,82307.53,+44.79%,18.04,16.62,+8.59%,145.11,139.56,+3.98%,7373423.65,7136080.91,+3.33%,6414954.13,6214270.37,+3.23%,660504.14,660504.14,0.00%,297965.38,261306.4,+14.03%,0.1243,6.6929
SMB,Support Microfinance Bittiya Sanstha Ltd.,Microcredit,"1,845.00",2.26 Ar,+1.65%,+5.91%,+7.09%,+5.37%,-4.00%,+50.57%,56.82,32.47,8.99,307760.87,225702.88,+36.36%,184945.86,134079.81,+37.94%,76184.95,46784.43,+62.84%,56.82,46.53,+22.13%,205.13,183.37,+11.87%,2353888.54,2309946.02,+1.90%,2078864.21,2064092.25,+0.72%,134075.58,134075.58,0.00%,140948.75,111778.2,+26.10%,0.277,7.5588
SMFBS,Swabhimaan Laghubitta Bittiya Sanstha Ltd,Microcredit,"1,430.00",2.19 Ar,+2.14%,+2.22%,-1.85%,-3.77%,-13.14%,+1.60%,33.77,42.34,7.24,419557.35,312868.45,+34.10%,237367.98,175447.84,+35.29%,51819.35,43690.18,+18.61%,33.77,37.96,-11.05%,197.5,215.59,-8.39%,3250683.93,3361080.06,-3.28%,2947625.84,3030260.39,-2.73%,153445.51,153445.51,0.00%,149612.58,177374.16,-15.65%,0.171,9.7263
SMH,Super Mai Hydropower Limited,Hydro Power,522.00,2.79 Ar,+0.69%,+3.98%,+3.37%,-8.42%,-23.86%,+56.85%,9.42,55.42,3.99,138409.18,93826.04,+47.52%,119462.93,80918.62,+47.63%,37792.06,27270.74,+38.58%,9.42,10.19,-7.61%,130.95,128.99,+1.52%,1364771.69,1343849.89,+1.56%,664172.72,653772.25,+1.59%,535000.0,535000.0,0.00%,165598.97,155077.65,+6.78%,0.0719,0.948
SMHL,Super Madi Hydropower Limited,Hydro Power,470.90,10.38 Ar,+0.73%,+1.93%,+9.50%,+10.03%,-35.12%,+82.80%,18.4,25.59,3.94,1330432.29,936435.75,+42.07%,1299931.55,885282.91,+46.84%,425993.1,244182.51,+74.46%,18.4,14.06,+30.84%,119.5,111.65,+7.03%,9613485.99,9647551.38,-0.35%,6846803.75,7062679.68,-3.06%,2315250.0,2315250.0,0.00%,451432.24,269621.7,+67.43%,0.154,2.4747
SMJC,Sagarmatha Jalabidhyut Company Limited,Hydro Power,425.00,4.99 Ar,+1.21%,+4.94%,-0.93%,-6.41%,-19.28%,+30.99%,3.78,112.33,3.88,223447.15,173249.34,+28.97%,177073.93,151608.94,+16.80%,44387.81,26829.35,+65.44%,3.78,3.05,+24.08%,109.59,108.09,+1.38%,2586660.14,2461554.34,+5.08%,1300958.9,1193411.58,+9.01%,1173200.0,1173200.0,0.00%,112501.23,94942.77,+18.49%,0.0345,1.0119
SMPDA,Sampada Laghubitta Bittiya Sanstha Limited,Microcredit,755.00,5.29 Ar,+0.67%,+3.00%,+2.72%,-8.17%,-13.46%,-35.24%,32.52,23.22,4.34,1422209.52,1009153.77,+40.93%,847098.48,571152.66,+48.31%,227902.85,132475.74,+72.03%,32.52,25.2,+29.03%,173.92,160.04,+8.67%,10830454.43,10965801.95,-1.23%,9611539.94,9844118.18,-2.36%,700858.35,700858.35,0.00%,518056.14,420825.43,+23.10%,0.187,7.8853
SNLI,Sun Nepal Life Insurance Company Limited,Life Insurance,419.00,21.08 Ar,+2.70%,+6.92%,+2.72%,-5.65%,+5.99%,+41.77%,7.92,52.88,3.92,6079830.16,4168670.89,+45.85%,1375901.0,994102.52,+38.41%,418599.55,340023.15,+23.11%,7.92,8.58,-7.67%,142.88,141.38,+1.06%,20907531.44,19623988.16,+6.54%,13359695.13,12155219.38,+9.91%,5282793.6,5282793.6,0.00%,368423.98,306409.62,+20.24%,0.0554,1.77
SNORL,Snow Rivers Limited,Hydro Power,"1,057.00",9.91 Ar,+13.66%,+18.90%,+15.65%,+207.71%,+207.71%,+207.71%,11.93,88.62,9.43,377510.89,249500.79,+51.31%,341183.78,221428.37,+54.08%,111818.24,50026.43,+123.52%,11.93,8.89,+34.11%,112.09,107.16,+4.60%,3015430.19,2931580.22,+2.86%,1964569.99,2127848.76,-7.67%,937500.0,750000.0,+25.00%,113360.21,53731.46,+110.98%,0.1064,1.8695
SOHL,Solu Hydropower Limited,Hydro Power,665.00,66.50 Ar,-0.89%,+1.68%,-3.31%,+3.76%,+101.52%,+101.52%,11.14,59.7,4.82,2629245.89,2112492.26,+24.46%,1380251.75,1056881.39,+30.60%,1113879.58,858102.79,+29.81%,11.14,11.44,-2.64%,138.04,135.49,+1.89%,25953095.76,33297901.92,-22.06%,12148708.04,19749290.99,-38.49%,10000000.0,10000000.0,0.00%,3804387.72,3548610.93,+7.21%,0.0807,0.8801
SONA,Sonapur Minerals And Oil Limited,Manufacturing And Processing,405.00,12.45 Ar,+0.50%,+3.40%,+0.97%,-5.66%,-4.03%,+28.57%,10.96,36.94,2.02,4419490.8,3043812.17,+45.20%,1280339.82,881394.75,+45.26%,337147.95,226134.71,+49.09%,10.96,9.81,+11.82%,200.81,197.22,+1.82%,15352901.37,14497461.3,+5.90%,9177750.16,8432695.81,+8.84%,3075050.0,3075050.0,0.00%,3100100.91,2989715.49,+3.69%,0.0546,1.4862
SOPL,Sopan Pharmaceuticals Limited,Manufacturing And Processing,754.00,12.94 Ar,0.00%,+1.89%,-3.70%,-18.90%,+147.94%,+147.94%,,,,,,,,,,,,,,,,,,,,,,,,,,,,,,,,
SPC,Samling Power Company Limited,Hydro Power,408.10,2.04 Ar,+0.52%,+4.64%,-0.27%,-10.31%,-14.84%,+27.33%,3.97,102.8,3.71,235192.15,153109.33,+53.61%,208896.33,132998.2,+57.07%,19848.57,-1298.44,"-1,628.64%",3.97,-0.35,"-1,246.48%",109.88,106.74,+2.94%,2129734.25,2141774.6,-0.56%,1580334.84,1608085.73,-1.73%,500000.0,500000.0,0.00%,49399.42,33688.88,+46.63%,0.0361,2.8765
SPDL,Synergy Power Development Ltd.,Hydro Power,362.00,4.38 Ar,-0.28%,+4.93%,-0.69%,-6.46%,+10.01%,+9.13%,6.05,59.85,3.32,230469.11,162269.05,+42.03%,213627.76,152521.47,+40.06%,80495.39,53236.54,+51.20%,6.05,5.33,+13.40%,109.19,107.18,+1.88%,1795359.64,1762872.73,+1.84%,342254.64,336525.0,+1.70%,1330848.75,1330848.75,0.00%,122256.25,95498.98,+28.02%,0.0554,0.2355
SPHL,Sayapatri Hydropower Limited,Hydro Power,513.90,1.54 Ar,-0.39%,-0.41%,-1.93%,-14.31%,+1.34%,+139.92%,1.0,513.1,5.6,50249.14,46523.37,+8.01%,44156.17,42354.42,+4.25%,3004.66,11372.97,-73.58%,1.0,5.05,-80.19%,91.84,94.63,-2.95%,508548.89,517094.16,-1.65%,233015.3,233192.26,-0.08%,300000.0,300000.0,0.00%,-24466.41,-16098.1,+51.98%,0.0109,0.8457
SPIL,Siddhartha Premier Insurance Limited,Non Life Insurance,635.00,17.82 Ar,0.00%,+10.05%,-6.75%,-11.36%,-17.18%,-12.06%,11.65,54.52,1.34,3092178.32,1922225.74,+60.86%,1311430.26,568230.87,+130.79%,326852.23,40134.37,+714.39%,11.65,1.91,+510.80%,260.26,250.06,+4.08%,20314929.94,21357020.33,-4.88%,13010473.81,14339072.81,-9.27%,2806549.9,2806549.9,0.00%,548278.56,332788.43,+64.75%,0.0448,1.7812
SPL,Shuvam Power Limited,Hydro Power,612.20,1.22 Ar,-1.10%,-4.19%,-5.82%,-12.42%,-29.79%,+110.02%,5.29,115.75,6.05,20486.45,15701.77,+30.47%,16532.23,12897.86,+28.18%,10578.04,12233.32,-13.53%,5.29,8.16,-35.15%,101.23,101.11,+0.11%,237494.83,240306.75,-1.17%,35043.79,38083.95,-7.98%,200000.0,200000.0,0.00%,2451.04,2222.8,+10.27%,0.0523,0.1731
SRLI,Sanima Reliance Life Insurance Limited,Life Insurance,376.00,18.86 Ar,+1.35%,+5.32%,+2.59%,-3.59%,+5.95%,-23.87%,7.65,49.12,3.51,9499907.64,6557629.81,+44.87%,1400687.32,976018.97,+43.51%,383865.02,340858.58,+12.62%,7.65,9.06,-15.54%,112.62,111.65,+0.86%,32268660.68,30077097.11,+7.29%,26621028.92,24477877.05,+8.76%,5014924.06,5014924.06,0.00%,359883.81,322871.84,+11.46%,0.0679,4.7137
SSHL,Shiva Shree Hydropower Ltd,Hydro Power,212.10,3.13 Ar,-0.42%,-0.09%,+6.05%,+1.73%,+33.82%,-13.25%,-4.03,-52.58,4.01,375129.34,320610.66,+17.00%,363091.89,312874.56,+16.05%,-119110.37,-68890.55,+72.90%,-4.03,-3.11,+29.67%,52.89,54.59,-3.12%,4917861.5,4953418.78,-0.72%,3356177.72,3341515.19,+0.44%,2952800.0,2952800.0,0.00%,-1391116.22,-1340896.41,+3.75%,-0.0762,2.1491
STC,Salt Trading Corporation,Trading,"5,650.00",18.12 Ar,+0.89%,+4.63%,+9.33%,+7.19%,+27.57%,+28.84%,38.83,145.51,11.13,,,,,,,,,,,,,,,,,,,,,,,,,,,,,
SWASTIK,Swastik Laghubitta Bittiya Sanstha Limited,Microcredit,"1,845.00",1.07 Ar,+0.27%,+1.54%,-7.29%,-17.26%,+352.87%,+352.87%,21.11,87.4,12.58,93412.14,72913.39,+28.11%,52587.21,42129.68,+24.82%,12191.29,9240.49,+31.93%,21.11,21.33,-1.05%,146.61,158.94,-7.76%,855649.04,757323.68,+12.98%,770981.09,665536.56,+15.84%,57750.0,57750.0,0.00%,26917.95,34037.12,-20.92%,0.144,9.1059
SWBBL,Swabalamban Bikas Bank,Microcredit,709.50,11.75 Ar,+0.77%,+3.64%,+5.14%,-3.34%,-0.82%,-15.86%,35.41,20.03,2.93,3656323.85,2569172.06,+42.32%,2071206.13,1411465.93,+46.74%,619756.39,322725.55,+92.04%,35.41,24.59,+44.03%,241.91,226.59,+6.76%,28092868.49,26606639.95,+5.59%,23859358.75,22641328.6,+5.38%,1750000.0,1750000.0,0.00%,2483509.75,2215311.35,+12.11%,0.1464,5.6358
SWMF,Suryodaya Womi Laghubitta Bittiya Sanstha Limited,Microcredit,605.50,6.70 Ar,+1.59%,+3.50%,-0.08%,-7.56%,-14.98%,-31.84%,19.69,30.75,3.9,1745722.05,1206743.43,+44.66%,1011181.45,660545.98,+53.08%,217849.11,189376.76,+15.03%,19.69,22.82,-13.72%,155.26,152.82,+1.59%,13210267.62,13037997.22,+1.32%,11492651.77,11347319.34,+1.28%,1106286.3,1106286.3,0.00%,611329.55,584391.58,+4.61%,0.1268,6.691
SYPNL,SY Panel Nepal Limited,Manufacturing And Processing,"1,311.00",17.15 Ar,-0.30%,0.00%,+1.63%,-8.96%,+272.76%,+272.76%,5.16,254.01,11.73,815901.29,532575.49,+53.20%,295611.36,179652.52,+64.55%,67516.49,30219.74,+123.42%,5.16,3.08,+67.56%,111.78,108.94,+2.61%,1734566.35,1716943.48,+1.03%,272282.01,291410.93,-6.56%,1308136.1,1308136.1,0.00%,154148.24,116896.18,+31.87%,0.0462,0.1862
TAMOR,Sanima Middle Tamor Hydropower Limited,Hydro Power,547.90,18.26 Ar,+2.80%,+10.24%,+20.42%,+21.51%,+17.05%,+68.84%,18.73,29.25,4.25,2025176.1,1311728.6,+54.39%,1772759.9,1134531.53,+56.25%,624291.37,251016.36,+148.71%,18.73,10.04,+86.53%,128.83,117.67,+9.49%,14339356.98,14056020.73,+2.02%,10046000.26,10134633.34,-0.87%,3332497.0,3332497.0,0.00%,960859.72,588890.38,+63.16%,0.1454,2.3399
TPC,Terhathum Power Company Limited,Hydro Power,370.00,2.96 Ar,-0.27%,+3.44%,+3.04%,+1.18%,+18.97%,+106.01%,11.17,33.13,3.57,182612.26,130443.86,+39.99%,124604.16,89377.58,+39.41%,89339.14,62947.97,+41.93%,11.17,10.49,+6.44%,103.64,100.45,+3.17%,1176004.35,1198513.28,-1.88%,346909.94,394916.64,-12.16%,800000.0,800000.0,0.00%,29094.41,3596.63,+708.93%,0.1078,0.4184
TPKHL,Taksar Pikhuwa Khola Hydropower Limited,Hydro Power,524.00,6.29 Ar,+3.84%,+5.01%,-6.43%,+51.88%,+51.88%,+51.88%,2.96,176.75,5.12,250247.77,193768.84,+29.15%,233612.87,170423.5,+37.08%,35575.68,30345.11,+17.24%,2.96,5.21,-43.07%,102.44,104.03,-1.53%,2086644.42,2038232.19,+2.38%,857316.71,1229983.12,-30.30%,1200000.0,776933.2,+54.45%,29327.7,31315.87,-6.35%,0.0289,0.6974
TRH,Taragaon Regency Hotel,Hotels,803.20,15.76 Ar,+0.25%,+3.51%,+0.53%,+4.31%,-9.85%,+140.96%,-35.97,-22.33,6.77,416221.93,235174.53,+76.98%,77984.81,-68473.32,-213.89%,-705788.59,-144831.73,+387.32%,-35.97,-9.84,+265.49%,118.71,147.3,-19.41%,3601445.93,4102545.77,-12.21%,1272296.16,1212439.14,+4.94%,1962120.16,1962120.16,0.00%,367029.61,927986.46,-60.45%,-0.303,0.5462
TSHL,Three Star Hydropower Limited,Hydro Power,361.00,1.78 Ar,-0.28%,+3.88%,0.00%,-31.77%,-53.29%,+28.70%,-6.4,-56.4,5.87,135868.57,98028.85,+38.60%,119131.66,54602.21,+118.18%,-31523.66,-33911.15,-7.04%,-6.4,-9.18,-30.28%,61.47,60.99,+0.79%,1414217.91,1348289.69,+4.89%,1111464.54,1047923.79,+6.06%,492500.0,492500.0,0.00%,-189746.63,-192134.11,-1.24%,-0.1041,3.6712
TTL,Trade Tower Limited,Trading,695.50,5.67 Ar,-0.93%,+1.83%,-1.35%,-12.41%,+0.45%,+72.71%,0.91,768.34,6.61,,,,,,,,,,,,,,,,,,,,,,,,,,,,,
TVCL,Trishuli Jal Vidhyut Company Limited,Hydro Power,312.00,5.78 Ar,+0.68%,+10.64%,-32.34%,-38.34%,-30.43%,+5.83%,-7.36,-42.4,4.1,0.0,0.0,0.00%,0.0,0.0,0.00%,-131655.36,-94033.04,+40.01%,-7.36,-7.01,+5.01%,76.12,78.22,-2.69%,8355917.38,7763608.88,+7.63%,6994040.21,6364109.39,+9.90%,1789162.77,1789162.77,0.00%,-427285.6,-389663.28,+9.66%,-0.0967,5.1356
UAIL,United Ajod Insurance Limited,Non Life Insurance,382.00,8.82 Ar,+1.06%,+2.19%,-10.52%,-15.27%,-7.11%,-15.04%,2.73,139.85,1.45,1805210.21,1262868.41,+42.95%,743980.46,371348.1,+100.35%,63099.83,-69790.49,-190.41%,2.73,-4.03,-167.81%,188.01,174.73,+7.60%,9053967.9,7822137.16,+15.75%,4710849.31,3785778.19,+24.44%,2310000.0,2310000.0,0.00%,143910.18,54977.97,+161.76%,0.0145,1.0847
UHEWA,Upper Hewakhola Hydropower Company Limited,Hydro Power,600.00,3.00 Ar,-1.30%,+1.39%,-1.30%,-5.51%,+24.86%,+382.45%,18.91,31.74,5.0,261670.88,191556.86,+36.60%,252990.59,187332.96,+35.05%,108703.99,80728.39,+34.65%,18.91,18.72,+0.99%,119.99,114.97,+4.36%,1608019.71,1573815.51,+2.17%,918094.25,912730.87,+0.59%,575000.0,575000.0,0.00%,114925.46,86084.63,+33.50%,0.1576,1.3307
ULBSL,Upakar Laghubitta Bittiya Sanstha Limited,Microcredit,"2,535.00",2.69 Ar,-0.12%,-8.26%,-3.43%,-10.68%,-29.41%,+225.73%,52.93,47.9,8.3,379140.0,275187.0,+37.78%,215388.0,151509.0,+42.16%,56182.0,30652.02,+83.29%,52.93,38.5,+37.47%,305.54,276.96,+10.32%,2882694.2,3297432.14,-12.58%,2558369.41,3003444.68,-14.82%,106148.2,106148.2,0.00%,218176.59,187839.27,+16.15%,0.1732,7.8883
ULHC,Upper Lohore Khola Hydropower Company Limited,Hydro Power,328.00,1.67 Ar,+3.14%,+1.52%,-3.81%,-22.46%,-24.94%,+24.24%,-5.69,-57.62,3.71,69820.76,56219.68,+24.19%,53212.4,42369.78,+25.59%,-29018.59,-4127.97,+602.97%,-5.69,-1.08,+427.23%,88.51,93.5,-5.34%,1189910.0,1214930.15,-2.06%,738700.01,682509.45,+8.23%,509804.0,509804.0,0.00%,-58594.01,-33128.39,+76.87%,-0.0643,1.6372
UMHL,United Modi Hydropower,Hydro Power,565.00,6.95 Ar,+2.73%,+3.69%,-6.22%,-7.07%,+11.60%,+30.93%,5.74,98.45,5.33,282985.0,215298.0,+31.44%,267858.0,201008.0,+33.26%,75562.0,50245.0,+50.39%,5.74,5.44,+5.41%,105.98,111.68,-5.10%,2210594.0,2177697.0,+1.51%,815584.0,803471.0,+1.51%,1316635.0,1230500.0,+7.00%,78735.0,143728.0,-45.22%,0.0542,0.5846
UMRH,United IDI Mardi RB Hydropower Limited,Hydro Power,520.90,2.40 Ar,+1.54%,+1.17%,+0.17%,-2.65%,-5.00%,+0.13%,11.53,45.19,4.65,180288.54,159856.26,+12.78%,157112.38,140587.04,+11.75%,55777.8,69508.4,-19.75%,11.53,19.15,-39.82%,112.0,114.84,-2.47%,1404031.95,1431564.61,-1.92%,862097.82,875899.88,-1.58%,483865.2,483865.2,0.00%,58068.94,71799.54,-19.12%,0.1029,1.5908
UNHPL,Union Hydropower Limited,Hydro Power,361.20,2.71 Ar,-1.01%,+3.08%,-1.20%,-10.99%,-15.01%,-8.79%,4.36,82.9,3.44,81315.96,63512.38,+28.03%,79389.37,62016.98,+28.01%,32678.58,29457.2,+10.94%,4.36,5.24,-16.80%,105.02,104.59,+0.41%,790772.42,787686.24,+0.39%,3153.08,3288.28,-4.11%,750000.0,750000.0,0.00%,37619.34,34397.96,+9.37%,0.0415,0.004
UNL,Unilever Nepal,Manufacturing And Processing,"47,999.00",44.19 Ar,-1.03%,+2.13%,+3.22%,+2.13%,+5.88%,+208.46%,1712.27,28.03,8.67,8036200.0,5762300.0,+39.46%,4118200.0,2999500.0,+37.30%,1577000.0,1186100.0,+32.96%,1712.27,1717.12,-0.28%,5537.13,5114.98,+8.25%,7729400.0,7297100.0,+5.92%,2629900.0,2586400.0,+1.68%,92100.0,92100.0,0.00%,5007600.0,4618800.0,+8.42%,0.3092,0.5157
UNLB,Unique Nepal Laghubitta Bittiya Sanstha Limited,Microcredit,"1,250.00",1.86 Ar,-0.95%,+1.96%,-0.94%,-8.68%,-36.48%,+26.34%,34.39,36.35,5.05,510745.66,376116.13,+35.79%,261372.0,191525.95,+36.47%,51097.79,13533.87,+277.55%,34.39,12.15,+183.17%,247.59,222.36,+11.34%,3873077.76,3756779.46,+3.10%,3505222.28,3426404.87,+2.30%,148575.0,148575.0,0.00%,219280.49,181799.59,+20.62%,0.1389,9.5288
UPCL,Universal Power Company Ltd,Hydro Power,345.00,7.87 Ar,+0.58%,+3.67%,+0.17%,-4.19%,-1.45%,-3.19%,1.13,306.55,3.15,239675.99,178563.99,+34.22%,184591.51,140207.22,+31.66%,27968.11,20506.23,+36.39%,1.13,1.1,+2.29%,109.67,114.95,-4.59%,4245653.64,4407679.28,-3.68%,1520221.61,1551003.58,-1.98%,2485123.62,2485123.62,0.00%,240308.41,371552.09,-35.32%,0.0103,0.5578
UPPER,Upper Tamakoshi Hydropower Ltd,Hydro Power,197.70,41.87 Ar,-0.75%,+4.11%,+3.78%,-1.00%,+16.91%,-48.52%,4.37,45.22,4.44,10668812.79,7718105.75,+38.23%,10409836.54,7529543.63,+38.25%,925934.77,286757.55,+222.90%,4.37,1.81,+142.17%,44.48,46.69,-4.74%,80943425.81,81320181.88,-0.46%,71522351.83,71430706.4,+0.13%,21180000.0,21180000.0,0.00%,-11758926.02,-11290524.53,+4.15%,0.0982,7.5917
USHEC,Upper Solu Hydro Electric Company Limited,Hydro Power,502.00,6.78 Ar,-0.20%,+1.41%,+0.40%,+1.11%,+10.82%,+40.62%,15.46,32.46,4.22,738286.14,623873.44,+18.34%,635997.24,549336.8,+15.78%,208763.01,206841.8,+0.93%,15.46,20.43,-24.30%,119.02,118.95,+0.06%,4810204.56,4847388.14,-0.77%,3203449.22,3241585.09,-1.18%,1350000.0,1350000.0,0.00%,256755.35,255803.05,+0.37%,0.1299,1.9937
USHL,Upper Syange Hydropower Limited,Hydro Power,514.90,1.13 Ar,+0.06%,-0.96%,-4.65%,-13.32%,-29.92%,+84.62%,0.87,594.18,5.14,65534.33,55301.0,+18.50%,62356.86,53024.6,+17.60%,1906.44,8585.48,-77.79%,0.87,5.2,-83.35%,100.1,95.74,+4.56%,608492.41,595614.96,+2.16%,388274.56,384993.73,+0.85%,220000.0,220000.0,0.00%,217.85,-9378.77,-102.32%,0.0087,1.7631
USLB,Unnati Sahakarya Laghubitta Bittiya Sanstha Limited,Microcredit,"1,061.00",2.62 Ar,-0.84%,+4.84%,-3.98%,-15.05%,-38.66%,-26.28%,28.02,37.87,5.93,546659.36,396858.76,+37.75%,311350.8,221785.78,+40.38%,69161.09,44325.54,+56.03%,28.02,23.94,+17.02%,178.87,168.81,+5.96%,4410752.86,4296551.49,+2.66%,3969194.99,3880021.06,+2.30%,246865.74,246865.74,0.00%,194692.14,169856.58,+14.62%,0.1567,8.9891
VLBS,Vijaya Laghubitta Bittiya Sanstha,Microcredit,636.00,4.74 Ar,+1.27%,+4.26%,-4.07%,-13.11%,-21.61%,-41.72%,24.78,25.67,3.66,1348655.39,776365.04,+73.71%,742451.39,320671.53,+131.53%,196159.56,-26796.15,-832.04%,24.78,-4.51,-649.03%,173.82,158.39,+9.74%,11773047.99,11977210.9,-1.70%,10396872.24,10723180.34,-3.04%,791722.06,791722.06,0.00%,584453.69,462308.5,+26.42%,0.1426,7.5549
VLUCL,Vision Lumbini Urja Company Limited,Hydro Power,388.10,7.42 Ar,-0.23%,+2.67%,-2.24%,-18.64%,-26.44%,-3.41%,4.73,82.06,2.82,582327.54,389315.49,+49.58%,528206.59,356472.09,+48.18%,90455.71,-100566.89,-189.95%,4.73,-7.01,-167.46%,137.71,127.73,+7.82%,6683226.33,6490381.55,+2.97%,4049456.58,4047634.4,+0.05%,1912500.0,1912500.0,0.00%,721269.75,530247.16,+36.03%,0.0343,1.5375
YMHL,Yambaling Hydropower Limited,Hydro Power,589.40,4.13 Ar,+6.20%,+6.18%,-7.47%,+70.84%,+70.84%,+70.84%,-16.04,-36.75,6.31,180118.75,148767.45,+21.07%,142611.8,134210.72,+6.26%,-112279.3,-84564.96,+32.77%,-16.04,-26.85,-40.25%,93.47,99.71,-6.25%,1861868.21,1870463.04,-0.46%,1215811.44,1459938.94,-16.72%,700000.0,420000.0,+66.67%,-45683.28,-1215.96,"+3,656.98%",-0.1716,1.8819
