Ticker,3-Month Change (%),5-Year Change (%),Annualized EPS % Change,Annualized EPS (Latest),Annualized EPS (Previous),Book Value per Share % Change,Book Value per Share (Latest),Book Value per Share (Previous),Daily Change (%),EPS (Trailing),Gross Profit % Change,Gross Profit (Latest),Gross Profit (Previous),Market Cap,Monthly Change (%),Net Profit % Change,Net Profit (Latest),Net Profit (Previous),P/B Ratio,P/E Ratio,Paid-up Capital % Change,Paid-up Capital (Latest),Paid-up Capital (Previous),Reserves % Change,Reserves (Latest),Reserves (Previous),Sector,Stock Name,Ticker (Page),Today's Price,Total Assets % Change,Total Assets (Latest),Total Assets (Previous),Total Liabilities % Change,Total Liabilities (Latest),Total Liabilities (Previous),Total Revenue % Change,Total Revenue (Latest Quarter),Total Revenue (Previous Quarter),Weekly Change (%),Yearly Change (%),Scrape Status,Dividend Scrape Status,Dividend Records,Latest Dividend FY,Latest Bonus %,Latest Cash %,Latest Total Dividend %,Latest Dividend Book Close (BS),Latest Cash Dividend per Share (Rs),Cash Dividend Yield (%),Avg Total Dividend % (5Y),Avg Cash % (5Y),Avg Bonus % (5Y),"Avg Cash Yield % (5Y avg, on current price)",Years Dividend Paid (last 5),Latest Right Share,Latest Right Book Close (BS),Right Share Count,Dividend History (All),Right Share History (All),Div Y1 FY,Div Y1 Bonus %,Div Y1 Cash %,Div Y1 Total %,Div Y2 FY,Div Y2 Bonus %,Div Y2 Cash %,Div Y2 Total %,Div Y3 FY,Div Y3 Bonus %,Div Y3 Cash %,Div Y3 Total %,Div Y4 FY,Div Y4 Bonus %,Div Y4 Cash %,Div Y4 Total %,Div Y5 FY,Div Y5 Bonus %,Div Y5 Cash %,Div Y5 Total %,Scraped At,ROE,D/E Ratio
ACLBSL,-7.33%,-22.79%,-18.33%,27.79,34.02,+0.95%,180.9,179.21,+0.23%,27.79,+42.08%,474512.62,333973.72,3.20 Ar,-1.90%,+8.90%,102017.98,93684.51,4.82,31.38,0.00%,367143.41,367143.41,+2.14%,297033.08,290810.33,Microcredit,Aarambha Chautari Laghubitta Bittiya Sanstha Limited,ACLBSL,872.00,-3.41%,5950772.97,6160957.14,-3.93%,5286596.48,5503003.4,+35.36%,819953.84,605751.25,-0.57%,-13.50%,ok,skipped,0,,,,,,,,,,,,,,,0,,,,,,,,,,,,,,,,,,,,,,,2026-10-02 03:43,0.1536,7.9596
ADBL,+1.64%,-11.36%,+50.37%,16.11,10.71,+1.52%,233.99,230.49,+0.81%,16.11,+37.49%,9121508.26,6634494.24,42.95 Ar,+4.38%,+88.72%,2630641.84,1393973.95,1.32,19.24,0.00%,19738231.09,19738231.09,+2.68%,19168096.67,18667678.78,Commercial Banks,Agriculture Development Bank,ADBL,310.00,+5.09%,420134125.1,399787449.61,+5.49%,381227797.3,361381539.74,+35.79%,20974502.04,15446740.24,-0.96%,+4.00%,ok,skipped,0,,,,,,,,,,,,,,,0,,,,,,,,,,,,,,,,,,,,,,,2026-10-02 03:43,0.0688,9.7986
AHL,NaN%,NaN%,,,,,,,,,,,,NaN,NaN%,,,,,,,,,,,,,,,NaN,,,,,,,,,,NaN%,NaN%,ok,skipped,0,,,,,,,,,,,,,,,0,,,,,,,,,,,,,,,,,,,,,,,2026-10-02 03:43,,
AHPC,+0.42%,+16.24%,-22.64%,3.41,4.41,-0.91%,109.71,110.71,+0.43%,3.41,+19.54%,240411.7,201121.98,9.81 Ar,+8.29%,+3.15%,137892.44,133685.44,2.32,74.72,0.00%,4040403.15,4040403.15,-9.41%,392135.81,432889.09,,,AHPC,255.00,-1.11%,4720989.53,4773912.25,-4.05%,288450.57,300620.02,+25.28%,287047.96,229118.16,+0.42%,-2.19%,ok,skipped,0,,,,,,,,,,,,,,,0,,,,,,,,,,,,,,,,,,,,,,,2026-10-02 03:43,0.0311,0.0651
AKJCL,-3.36%,+96.06%,+24.42%,3.18,2.56,+1.37%,93.69,92.42,+1.06%,3.18,+32.18%,188284.16,142440.52,7.07 Ar,+3.24%,+65.89%,63595.21,38335.96,3.78,111.23,0.00%,2000000.0,2000000.0,-16.67%,-126268.72,-151527.97,Hydro Power,Ankhu Khola Jalvidhyut Company Ltd.,AKJCL,353.70,+0.03%,2558235.75,2557504.45,-3.46%,684504.47,709032.42,+30.04%,224292.68,172480.16,-1.20%,+83.36%,ok,skipped,0,,,,,,,,,,,,,,,0,,,,,,,,,,,,,,,,,,,,,,,2026-10-02 03:43,0.0339,0.3653
AKPL,-2.40%,-4.72%,-58.44%,2.05,4.92,-1.59%,101.77,103.42,+0.44%,2.05,+19.96%,536557.72,447270.46,9.81 Ar,+3.84%,-44.58%,79681.7,143780.05,2.47,123.11,0.00%,3895942.1,3895942.1,-48.17%,68964.42,133062.78,Hydro Power,Arun Kabeli Power Ltd.,AKPL,251.80,-1.68%,7316444.41,7441625.99,-1.79%,3351537.89,3412621.12,+23.08%,613304.19,498284.73,-0.47%,-0.43%,ok,skipped,0,,,,,,,,,,,,,,,0,,,,,,,,,,,,,,,,,,,,,,,2026-10-02 03:43,0.0201,0.8453
ALBSL,+10.12%,+37.55%,+11.46%,32.63,29.28,+6.56%,174.67,163.92,-0.25%,32.63,+42.16%,884504.48,622200.83,8.69 Ar,+6.85%,+48.61%,261939.32,176262.59,6.79,36.34,0.00%,802685.68,802685.68,+16.82%,599383.8,513095.44,Microcredit,Asha Laghubitta Bittiya Sanstha Ltd,ALBSL,"1,186.00",+2.28%,12314836.38,12040384.92,+1.75%,10912766.9,10724603.8,+38.46%,1537326.33,1110273.23,+0.99%,+25.17%,ok,skipped,0,,,,,,,,,,,,,,,0,,,,,,,,,,,,,,,,,,,,,,,2026-10-02 03:43,0.1868,7.7833
ALICL,-3.62%,-7.75%,-14.83%,7.89,9.26,-3.91%,120.13,125.01,-0.38%,7.89,+33.16%,1801939.31,1353167.6,21.15 Ar,+7.09%,+19.23%,414200.48,347386.59,3.84,53.63,+5.00%,5251217.17,5001159.21,-26.57%,526725.18,717318.77,Life Insurance,Asian Life Insurance,ALICL,423.00,+2.86%,62335123.93,60602514.87,+3.08%,56026879.85,54350432.84,+41.69%,14256928.25,10062267.52,-2.26%,-3.63%,ok,skipped,0,,,,,,,,,,,,,,,0,,,,,,,,,,,,,,,,,,,,,,,2026-10-02 03:43,0.0657,8.8815
ANLB,-18.84%,+1521.63%,-15.49%,69.71,82.49,-25.24%,362.38,484.74,-0.31%,69.71,+39.90%,153659.59,109832.7,3.85 Ar,+1.25%,+28.74%,62399.54,48469.67,13.58,70.57,+14.25%,89507.2,78343.28,-22.08%,234850.93,301417.26,Microcredit,Aatmanirbhar Laghubitta Bittiya Sanstha Limited,ANLB,"4,919.70",+4.64%,2182422.96,2085564.09,+8.93%,1858064.83,1705803.54,+40.58%,232898.68,165665.49,-1.35%,-9.42%,ok,skipped,0,,,,,,,,,,,,,,,0,,,,,,,,,,,,,,,,,,,,,,,2026-10-02 03:43,0.1924,5.7284
APHL,-30.41%,+79.34%,+91.75%,-4.12,-2.15,-7.36%,102.41,110.55,+0.15%,-4.12,"+2,555.60%",16718.81,629.57,2.90 Ar,-8.97%,+265.24%,-19365.85,-5302.21,6.03,-149.99,+42.86%,470000.0,329000.0,-67.31%,11345.98,34705.63,Hydro Power,Appolo Hydropower Limited,APHL,618.00,-47.51%,1570851.32,2992708.62,-7.04%,1089505.35,1172056.82,+711.48%,32523.39,4007.92,-7.90%,+79.34%,ok,skipped,0,,,,,,,,,,,,,,,0,,,,,,,,,,,,,,,,,,,,,,,2026-10-02 03:43,-0.0402,2.2635
API,+1.85%,+48.30%,+9.40%,15.06,13.76,+3.63%,119.51,115.32,+1.79%,15.06,+35.17%,1527791.42,1130238.0,20.72 Ar,+4.73%,+45.87%,960605.09,658546.63,2.85,22.65,0.00%,6379724.2,6379724.2,+27.29%,1244503.23,977657.04,Hydro Power,Api Power,API,341.00,-2.96%,15612787.44,16089667.85,-8.52%,7988559.99,8732286.61,+35.43%,1766558.36,1304385.66,+1.85%,+25.52%,ok,skipped,0,,,,,,,,,,,,,,,0,,,,,,,,,,,,,,,,,,,,,,,2026-10-02 03:43,0.126,1.0478
AVYAN,-0.85%,+199.19%,+8.59%,57.04,52.53,+0.58%,158.75,157.84,+0.17%,57.04,+37.88%,311683.51,226058.78,2.60 Ar,+5.36%,+44.78%,142608.42,98498.19,6.55,18.23,0.00%,250000.0,250000.0,+1.57%,146875.33,144605.21,Microcredit,Aviyan Laghubitta Bittiya Sanstha Limited,AVYAN,"1,040.00",+1.11%,3710635.02,3669983.76,+1.17%,3313759.69,3275378.55,+35.13%,518436.39,383655.61,-1.89%,+4.10%,ok,skipped,0,,,,,,,,,,,,,,,0,,,,,,,,,,,,,,,,,,,,,,,2026-10-02 03:43,0.3593,8.3496
BANDIPUR,-17.92%,+98.72%,-0.45%,-1.96,-1.96,-0.52%,91.41,91.9,+0.16%,-1.96,+19.05%,19737.47,16578.66,17.63 Ar,-2.96%,+32.74%,-55344.65,-41693.66,6.82,-318.56,0.00%,2829993.0,2829993.0,+5.95%,-242956.9,-229305.91,Hotels,Bandipur Cablecar and Tourism Limited,BANDIPUR,623.00,-0.15%,3880296.55,3886144.71,+0.61%,1293260.46,1285457.62,+37.73%,83771.74,60824.94,-2.66%,+98.72%,ok,skipped,0,,,,,,,,,,,,,,,0,,,,,,,,,,,,,,,,,,,,,,,2026-10-02 03:43,-0.0214,0.4999
BARUN,+3.12%,+91.69%,+3.37%,2.08,2.01,+0.44%,108.19,107.72,+1.22%,2.08,+39.72%,90330.63,64651.07,3.55 Ar,+7.82%,+37.83%,23367.22,16953.84,3.06,159.01,0.00%,1122532.43,1122532.43,+6.12%,91909.07,86608.99,Hydro Power,Barun Hydropower,BARUN,331.00,-0.14%,1490067.88,1492110.72,-2.59%,275626.38,282969.3,+44.94%,109238.01,75366.95,+1.53%,+6.27%,ok,skipped,0,,,,,,,,,,,,,,,0,,,,,,,,,,,,,,,,,,,,,,,2026-10-02 03:43,0.0192,0.227
BBC,-6.03%,-20.18%,,,,,,,-1.03%,3.67,,,,161.24 Ar,+0.45%,,,,31.18,1094.18,,,,,,,Trading,Bishal Bazar,BBC,"4,021.00",,,,,,,,,,-1.70%,-18.07%,ok,skipped,0,,,,,,,,,,,,,,,0,,,,,,,,,,,,,,,,,,,,,,,2026-10-02 03:43,,
BEDC,-11.38%,+34.08%,"+1,261.24%",-1.7,-0.12,-3.35%,46.28,47.88,+0.20%,-1.7,+33.61%,57689.31,43175.89,1.63 Ar,+6.07%,"+1,714.99%",-9227.59,-508.41,6.46,-176.29,0.00%,544053.4,544053.4,+3.08%,-292261.54,-283542.36,Hydro Power,Bhugol Energy Development Company Limited,BEDC,299.00,-2.76%,816359.85,839538.46,-2.50%,564567.99,579027.43,+26.31%,62444.81,49435.88,-3.20%,-53.54%,ok,skipped,0,,,,,,,,,,,,,,,0,,,,,,,,,,,,,,,,,,,,,,,2026-10-02 03:43,-0.0367,2.2422
BFC,-10.89%,+14.50%,-10.93%,7.84,8.8,+0.32%,113.08,112.72,+1.58%,7.84,+14.28%,118404.88,103609.61,4.01 Ar,-0.66%,+18.76%,69778.87,58755.96,3.98,57.42,0.00%,890424.24,890424.24,+2.81%,116468.24,113284.24,Finance,Best Finance,BFC,450.00,+0.84%,7513636.52,7451218.29,+0.92%,6506744.04,6447509.81,+27.56%,465121.73,364635.38,+0.67%,-2.13%,ok,skipped,0,,,,,,,,,,,,,,,0,,,,,,,,,,,,,,,,,,,,,,,2026-10-02 03:43,0.0693,6.4622
BGWT,-18.76%,+50.34%,-19.29%,9.01,11.16,+0.57%,113.3,112.67,+1.25%,9.01,+16.07%,129160.12,111273.45,2.89 Ar,+3.85%,+7.61%,61090.05,56770.3,4.28,53.85,0.00%,678239.9,678239.9,+5.03%,90238.3,85918.54,Hydro Power,Bhagawati Hydropower Development Company Limited,BGWT,485.00,+0.13%,985754.79,984465.12,-1.38%,217276.59,220306.68,+19.26%,154099.6,129217.98,-1.42%,-42.19%,ok,skipped,0,,,,,,,,,,,,,,,0,,,,,,,,,,,,,,,,,,,,,,,2026-10-02 03:43,0.0795,0.2827
BHCL,+4.36%,+77.34%,+3.69%,10.81,10.43,+2.64%,112.53,109.64,-0.04%,10.81,+36.93%,176672.42,129024.14,5.18 Ar,+4.74%,+38.25%,98272.48,71083.1,5.06,52.71,0.00%,909101.3,909101.3,+30.07%,113936.36,87596.4,Hydro Power,Bikash Hydropower Company Limited,BHCL,569.79,-7.38%,1191612.62,1286599.94,-41.85%,168574.96,289902.24,+38.19%,190898.91,138139.74,-0.87%,+28.07%,ok,skipped,0,,,,,,,,,,,,,,,0,,,,,,,,,,,,,,,,,,,,,,,2026-10-02 03:43,0.0961,0.1648
BHDC,-3.54%,+40.43%,-10.86%,11.79,13.22,+0.75%,118.32,117.43,+0.54%,11.79,+29.02%,444964.27,344876.58,4.83 Ar,+4.34%,+18.86%,139841.02,117655.74,3.61,36.27,0.00%,1186290.0,1186290.0,+5.05%,217273.89,206821.36,Hydro Power,Bindhyabasini Hydropower Development Company Limited,BHDC,427.50,+9.48%,3193230.87,2916602.47,+17.47%,1789666.98,1523491.11,+29.04%,455635.11,353104.81,-1.36%,-22.03%,ok,skipped,0,,,,,,,,,,,,,,,0,,,,,,,,,,,,,,,,,,,,,,,2026-10-02 03:43,0.0996,1.2751
BHL,+1.80%,+103.60%,-7.99%,7.91,8.59,+1.60%,81.22,79.95,+2.14%,7.91,+30.26%,1050128.23,806182.45,7.85 Ar,+8.98%,+22.68%,289106.76,235658.82,2.64,27.15,0.00%,3655940.0,3655940.0,-6.36%,-686410.81,-733066.68,Hydro Power,Balephi Hydropower Limited,BHL,214.70,+1.54%,8803225.77,8669860.0,+1.51%,5833696.58,5746986.68,+31.26%,1153198.49,878539.64,+1.18%,+13.60%,ok,skipped,0,,,,,,,,,,,,,,,0,,,,,,,,,,,,,,,,,,,,,,,2026-10-02 03:43,0.0974,1.9645
BHPL,-12.42%,+104.91%,-49.30%,-0.3,-0.59,+0.01%,50.03,50.03,+0.21%,-0.3,+18.64%,26261.73,22135.8,1.09 Ar,+0.67%,-32.41%,-742.2,-1098.03,8.75,-1475.01,0.00%,250000.0,250000.0,-0.01%,-124917.56,-124930.46,Hydro Power,Barahi Hydropower Public Limited,BHPL,437.90,-3.80%,357326.73,371443.0,-5.73%,232244.29,246373.46,+18.58%,28215.46,23794.39,-2.15%,-39.42%,ok,skipped,0,,,,,,,,,,,,,,,0,,,,,,,,,,,,,,,,,,,,,,,2026-10-02 03:43,-0.006,1.8567
BJHL,-35.00%,+96.90%,-20.20%,-2.6,-3.26,+0.15%,88.95,88.82,-2.34%,-2.6,+27.05%,131337.17,103377.24,5.85 Ar,-9.99%,+6.40%,-25992.36,-24428.84,6.58,-225.07,0.00%,1000000.0,1000000.0,-1.18%,-110505.37,-111828.48,Hydro Power,Bhujung Hydropower Limited,BJHL,585.00,-0.18%,1822133.29,1825403.01,-0.49%,932638.65,937231.49,+37.06%,170084.2,124093.86,-9.02%,+96.90%,ok,skipped,0,,,,,,,,,,,,,,,0,,,,,,,,,,,,,,,,,,,,,,,2026-10-02 03:43,-0.0292,1.0485
BNHC,-12.88%,+51.51%,-80.20%,1.49,7.53,+23.04%,100.38,81.58,-0.22%,1.49,+24.28%,172928.8,139149.85,1.10 Ar,+7.49%,-48.79%,11953.74,23342.85,2.73,183.76,+93.97%,801690.4,413304.4,-104.02%,3059.04,-76123.33,Hydro Power,Buddha Bhumi Nepal Hydropower Company Limited,BNHC,274.00,+19.49%,1587996.25,1328961.06,-21.03%,783246.82,991779.96,+26.36%,185017.46,146421.73,-1.62%,-5.91%,ok,skipped,0,,,,,,,,,,,,,,,0,,,,,,,,,,,,,,,,,,,,,,,2026-10-02 03:43,0.0148,0.9733
BNL,+1.64%,+632.63%,+199.52%,450.71,150.48,+11.03%,3660.87,3297.17,0.00%,450.71,+75.94%,3918816.0,2227365.0,0.00,-4.73%,+299.36%,878391.0,219949.0,3.85,31.28,0.00%,194889.0,194889.0,+11.38%,6939748.0,6230926.0,Manufacturing And Processing,Bottlers Nepal (Balaju),BNL,"14,100.00",-7.96%,13223117.0,14365992.0,-23.32%,6088480.0,7940177.0,+55.63%,12053168.0,7744894.0,0.00%,-8.44%,ok,skipped,0,,,,,,,,,,,,,,,0,,,,,,,,,,,,,,,,,,,,,,,2026-10-02 03:43,0.1231,0.8534
BNT,+2.59%,+21.81%,+78.47%,544.86,305.29,+10.59%,3470.17,3137.85,0.00%,544.86,+70.74%,2814131.0,1648168.0,14.40 Ar,+2.15%,+137.96%,659281.0,277051.0,3.43,21.84,0.00%,121000.0,121000.0,+10.94%,4077905.0,3675804.0,Manufacturing And Processing,Bottlers Nepal (Terai),BNT,"11,900.00",-14.29%,8157998.0,9517745.0,-30.80%,3959093.0,5720941.0,+56.39%,8838064.0,5651476.0,-0.84%,+5.03%,ok,skipped,0,,,,,,,,,,,,,,,0,,,,,,,,,,,,,,,,,,,,,,,2026-10-02 03:44,0.157,0.9429
BPCL,+1.93%,+71.43%,-15.95%,9.84,11.71,+0.99%,216.97,214.84,-0.74%,9.84,+13.90%,359859.0,315933.0,22.33 Ar,+2.34%,+12.07%,335442.0,299317.0,3.02,66.57,0.00%,3409065.0,3409065.0,+1.86%,3987618.0,3914844.0,Hydro Power,Butwal Power,BPCL,655.00,+0.52%,7871053.0,7830268.0,-6.32%,474370.0,506359.0,+28.73%,801615.0,622704.0,-3.11%,-8.53%,ok,skipped,0,,,,,,,,,,,,,,,0,,,,,,,,,,,,,,,,,,,,,,,2026-10-02 03:44,0.0454,0.0641
BUNGAL,-23.66%,+46.21%,+388.80%,-3.84,-0.79,-3.85%,81.42,84.68,-2.80%,-3.84,+14.31%,258035.75,225724.45,4.04 Ar,-5.92%,+551.73%,-31869.77,-4890.0,5.97,-126.65,0.00%,830000.0,830000.0,+21.26%,-154217.33,-127181.06,Hydro Power,Bungal Hydro Limited,BUNGAL,486.30,-0.66%,2975146.25,2994993.73,+0.31%,2299363.58,2292174.78,+19.37%,282478.45,236641.65,-5.39%,+46.21%,ok,skipped,0,,,,,,,,,,,,,,,0,,,,,,,,,,,,,,,,,,,,,,,2026-10-02 03:44,-0.0472,3.4025
C30MF,-2.60%,+25.35%,,,,,,,+2.93%,,,,,71.24 Cr,+0.33%,,,,,,,,,,,,Mutual Fund,Citizens Super 30 Mutual Fund,C30MF,9.49,,,,,,,,,,-2.67%,+7.00%,ok,skipped,0,,,,,,,,,,,,,,,0,,,,,,,,,,,,,,,,,,,,,,,2026-10-02 03:44,,
CBBL,+4.23%,+21.40%,+7.47%,35.91,33.41,+3.77%,251.06,241.93,+0.16%,35.91,+36.56%,3008419.12,2203023.14,30.50 Ar,+2.10%,+43.30%,1298965.54,906476.53,3.78,26.41,0.00%,3617264.1,3617264.1,+6.43%,5464086.64,5133860.65,Microcredit,Chhimek Laghubitta Bikas Bank,CBBL,948.50,+0.85%,57662220.7,57174457.85,+0.33%,48580869.96,48423333.1,+36.79%,6717349.51,4910866.13,-0.87%,+6.91%,ok,skipped,0,,,,,,,,,,,,,,,0,,,,,,,,,,,,,,,,,,,,,,,2026-10-02 03:44,0.143,5.3495
CBLD88,-0.16%,+26.80%,,,,,,,+2.92%,,,,,0.00,+9.25%,,,,,,,,,,,,Bond,Civil Bank Debenture 2088,CBLD88,"1,268.00",,,,,,,,,,+5.49%,+2.26%,ok,skipped,0,,,,,,,,,,,,,,,0,,,,,,,,,,,,,,,,,,,,,,,2026-10-02 03:44,,
CCBD88,-7.48%,+20.00%,,,,,,,-0.83%,,,,,2.64 Ar,+2.13%,,,,,,,,,,,,Bond,Century Debenture 2088,CCBD88,"1,200.00",,,,,,,,,,-0.83%,-4.31%,ok,skipped,0,,,,,,,,,,,,,,,0,,,,,,,,,,,,,,,,,,,,,,,2026-10-02 03:44,,
CFCL,-6.21%,+28.64%,+158.98%,13.44,5.19,+6.56%,122.15,114.62,0.00%,13.44,+33.39%,219534.62,164584.16,5.43 Ar,-1.72%,+245.30%,127549.16,36938.26,4.68,42.55,0.00%,948875.46,948875.46,+51.45%,210132.98,138743.04,Finance,Central Finance,CFCL,572.00,-0.08%,9938698.52,9947036.36,-0.90%,8779690.09,8859417.86,+32.91%,639321.28,481029.84,+0.72%,+16.73%,ok,skipped,0,,,,,,,,,,,,,,,0,,,,,,,,,,,,,,,,,,,,,,,2026-10-02 03:44,0.11,7.5752
CGH,-1.81%,-36.24%,-761.81%,5.12,-0.77,+5.69%,105.9,100.2,-0.65%,5.12,+82.83%,377705.36,206591.78,11.66 Ar,-1.54%,-982.39%,82489.86,-9348.49,7.18,148.41,0.00%,1610795.55,1610795.55,"+2,903.76%",95038.33,3163.98,Hotels,Chandragiri Hills Limited,CGH,760.00,+3.90%,4128613.36,3973672.1,+2.67%,2422779.49,2359712.57,+66.94%,806210.44,482935.97,-1.68%,-8.05%,ok,skipped,0,,,,,,,,,,,,,,,0,,,,,,,,,,,,,,,,,,,,,,,2026-10-02 03:44,0.0483,1.4203
CHCL,-28.96%,-0.07%,+18.17%,7.59,6.42,+2.40%,123.9,121.0,-2.04%,7.59,+36.18%,912434.69,669997.57,30.01 Ar,-8.15%,+57.56%,720059.19,456995.1,2.76,45.01,0.00%,9484988.68,9484988.68,+13.80%,2267245.51,1992273.37,Hydro Power,Chilime Hydropower,CHCL,341.70,+2.25%,12186987.59,11918749.91,-1.53%,434753.42,441487.85,+41.76%,1167632.06,823664.77,-2.93%,-25.21%,ok,skipped,0,,,,,,,,,,,,,,,0,,,,,,,,,,,,,,,,,,,,,,,2026-10-02 03:44,0.0613,0.037
CHDC,+10.80%,+251.33%,+0.11%,61.12,61.05,+4.43%,268.77,257.36,-0.66%,61.12,+33.15%,646450.52,485493.27,24.43 Ar,+9.87%,+33.48%,632116.08,473558.98,8.79,38.65,0.00%,1034237.06,1034237.06,+7.25%,1745499.95,1627473.63,Organized Fund,CEDB Holdings Limited,CHDC,"2,362.19",+3.67%,2837755.72,2737370.7,-23.32%,58018.71,75660.01,+33.58%,650675.33,487109.4,-1.66%,+4.06%,ok,skipped,0,,,,,,,,,,,,,,,0,,,,,,,,,,,,,,,,,,,,,,,2026-10-02 03:44,0.2274,0.0209
CHL,-2.65%,+7.33%,-47.11%,1.72,3.25,-0.94%,84.29,85.09,-0.42%,1.72,+21.05%,137044.31,113211.18,2.02 Ar,+6.14%,-29.48%,13317.65,18885.66,3.1,151.62,0.00%,773955.0,773955.0,+5.36%,-121566.73,-115387.21,Hydro Power,Chhyangdi Hydropower Ltd.,CHL,260.89,-1.13%,1323949.36,1339147.05,-1.33%,671561.09,680579.26,+26.25%,176038.94,139439.13,-2.28%,+2.31%,ok,skipped,0,,,,,,,,,,,,,,,0,,,,,,,,,,,,,,,,,,,,,,,2026-10-02 03:44,0.0204,1.0294
CIT,+1.94%,+12.02%,+2.71%,19.84,19.32,+0.19%,286.85,286.31,-0.11%,19.84,+37.46%,2166548.0,1576186.0,112.65 Ar,+4.51%,+36.94%,1350310.0,986058.0,6.06,87.6,0.00%,6805798.0,6805798.0,+0.28%,12716331.0,12680193.0,Organized Fund,Citizen Investment Trust,CIT,"1,738.00",+12.01%,370279496.0,330588135.0,+12.75%,350757367.0,311102142.0,+37.14%,2250080.0,1640775.0,-0.52%,-2.88%,ok,skipped,0,,,,,,,,,,,,,,,0,,,,,,,,,,,,,,,,,,,,,,,2026-10-02 03:44,0.0692,17.9672
CITY,-14.91%,+205.25%,-6.44%,-5.74,-6.14,-1.18%,96.13,97.28,-0.03%,-5.74,+46.22%,120738.6,82570.44,5.74 Ar,+0.85%,+24.75%,-173090.73,-138746.75,3.57,-59.69,0.00%,3013200.0,3013200.0,+42.26%,-116631.61,-81982.91,Hotels,City Hotel Limited,CITY,342.90,-0.48%,5611543.89,5638745.48,+0.28%,2714975.51,2707528.39,+41.32%,531381.19,376023.98,-3.00%,-39.44%,ok,skipped,0,,,,,,,,,,,,,,,0,,,,,,,,,,,,,,,,,,,,,,,2026-10-02 03:44,-0.0597,0.9373
CIZBD90,+1.12%,+19.17%,,,,,,,-0.78%,,,,,0.00,-3.66%,,,,,,,,,,,,Bond,10% Citizens Bank Debenture 2090,CIZBD90,"1,215.50",,,,,,,,,,0.00%,+7.56%,ok,skipped,0,,,,,,,,,,,,,,,0,,,,,,,,,,,,,,,,,,,,,,,2026-10-02 03:44,,
CKHL,-12.62%,+61.52%,+208.09%,13.25,4.3,+11.12%,100.19,90.17,-0.37%,13.25,+29.67%,112794.7,86984.79,2.13 Ar,-3.27%,+310.78%,53005.44,12903.52,5.32,40.22,0.00%,400000.0,400000.0,-101.98%,778.99,-39322.94,Hydro Power,Chirkhwa Hydropower Limited,CKHL,533.00,+1.81%,1186204.23,1165152.16,-2.37%,785425.24,804475.1,+29.90%,131416.52,101166.26,-8.48%,-14.72%,ok,skipped,0,,,,,,,,,,,,,,,0,,,,,,,,,,,,,,,,,,,,,,,2026-10-02 03:44,0.1322,1.9597
CLI,-2.68%,+32.38%,-18.59%,7.82,9.6,+0.33%,131.6,131.17,-0.23%,7.82,+24.49%,1350882.95,1085164.22,21.80 Ar,+4.06%,+8.54%,390804.42,360044.1,3.96,55.78,0.00%,5000000.0,5000000.0,+5.81%,498340.49,470963.81,Life Insurance,Citizen Life Insurance Company Limited,CLI,436.00,+8.24%,34411807.9,31791080.61,+10.30%,27831687.74,25232775.29,+47.77%,11185011.27,7569078.66,-0.91%,-0.51%,ok,skipped,0,,,,,,,,,,,,,,,0,,,,,,,,,,,,,,,,,,,,,,,2026-10-02 03:44,0.0594,4.2297
CORBL,-55.17%,+128.67%,-22.14%,9.54,12.26,+0.33%,139.73,139.27,+9.35%,9.54,+8.84%,73715.39,67729.64,4.24 Ar,-8.62%,+3.81%,50103.86,48263.02,5.77,84.55,0.00%,525000.0,525000.0,+1.19%,208606.91,206162.42,Development Bank,Corporate Development Bank,CORBL,806.90,+5.18%,3336160.32,3171872.35,+6.63%,2602553.41,2440709.93,+24.91%,206681.62,165458.11,+1.48%,-57.19%,ok,skipped,0,,,,,,,,,,,,,,,0,,,,,,,,,,,,,,,,,,,,,,,2026-10-02 03:44,0.0683,3.5476
CREST,-9.70%,+224.62%,-84.34%,0.34,2.15,-5.47%,105.09,111.17,-0.83%,0.34,+9.85%,154635.21,140768.42,8.10 Ar,+4.05%,-79.12%,2526.42,12102.54,11.21,3206.12,0.00%,750000.0,750000.0,-159.58%,-27185.04,45630.77,Life Insurance,Crest Micro Life Insurance Limited,CREST,"1,080.00",+0.91%,1224711.83,1213688.85,+14.90%,436547.39,379923.62,+33.86%,487568.59,364247.85,-1.73%,+3.85%,ok,skipped,0,,,,,,,,,,,,,,,0,,,,,,,,,,,,,,,,,,,,,,,2026-10-02 03:44,0.0032,0.5539
CSY,-8.11%,-8.80%,,,,,,,-2.86%,,,,,1.06 Ar,+1.19%,,,,,,,,,,,,Mutual Fund,Citizens Santulit Yojana,CSY,8.50,,,,,,,,,,-1.16%,-8.80%,ok,skipped,0,,,,,,,,,,,,,,,0,,,,,,,,,,,,,,,,,,,,,,,2026-10-02 03:44,,
CYCL,-1.62%,+419.00%,+313.82%,110.66,26.74,+32.73%,357.75,269.54,+0.53%,110.66,+50.71%,455163.79,302010.29,4.06 Ar,-0.20%,+451.76%,294812.21,53430.92,4.26,13.78,0.00%,266424.39,266424.39,+52.03%,686707.99,451691.12,Microcredit,CYC Nepal Laghubitta Bittiya Sanstha Limited,CYCL,"1,524.90",-1.57%,7266015.04,7381634.53,-5.26%,6312882.64,6663519.02,+42.03%,869494.13,612195.4,-6.45%,-5.23%,ok,skipped,0,,,,,,,,,,,,,,,0,,,,,,,,,,,,,,,,,,,,,,,2026-10-02 03:44,0.3093,6.6233
CZBIL,+8.36%,-27.06%,+20.47%,13.53,11.23,+2.90%,160.51,155.99,-0.14%,13.53,+34.51%,6293653.95,4678859.98,31.38 Ar,+9.42%,+60.63%,2098603.03,1306461.35,1.32,15.7,0.00%,15507463.61,15507463.61,+8.08%,9384183.24,8682316.22,Commercial Banks,Citizen Bank International,CZBIL,212.50,+8.08%,268685134.6,248586906.4,+8.64%,243793487.8,224397126.6,+33.16%,15011949.88,11273333.93,-0.42%,+7.92%,ok,skipped,0,,,,,,,,,,,,,,,0,,,,,,,,,,,,,,,,,,,,,,,2026-10-02 03:44,0.0843,9.7942
DDBL,+2.17%,+2.54%,+9.11%,48.15,44.13,+6.88%,226.87,212.26,+0.13%,48.15,+37.96%,2185676.22,1584308.54,15.84 Ar,+2.83%,+45.48%,989443.9,680132.17,3.74,17.61,0.00%,2055114.27,2055114.27,+13.01%,2607244.38,2307124.45,Microcredit,Deprosc Laghubitta,DDBL,848.00,+2.74%,29736626.33,28943198.11,+2.01%,25074267.69,24580959.4,+36.52%,3687342.44,2700875.2,-1.51%,+10.24%,ok,skipped,0,,,,,,,,,,,,,,,0,,,,,,,,,,,,,,,,,,,,,,,2026-10-02 03:44,0.2122,5.378
DHEL,-10.26%,+18.67%,+128.05%,-9.88,-4.33,-7.72%,118.14,128.02,-0.57%,-9.88,-18.53%,66336.63,81428.96,5.41 Ar,-5.39%,+204.07%,-101817.07,-33484.77,4.44,-53.14,0.00%,1030500.0,1030500.0,-35.26%,186913.22,288730.29,Hydro Power,Daramkhola Hydro Energy Limited,DHEL,525.00,-5.17%,2885239.29,3042563.26,-3.22%,1667826.07,1723332.98,+32.11%,113974.06,86269.35,-5.23%,+18.67%,ok,skipped,0,,,,,,,,,,,,,,,0,,,,,,,,,,,,,,,,,,,,,,,2026-10-02 03:44,-0.0836,1.37
DHPL,-4.55%,-6.51%,+88.72%,5.51,2.92,+65.68%,8.38,5.06,+2.48%,5.51,+42.33%,99202.4,69700.98,72.07 Cr,-0.18%,+151.62%,14555.04,5784.5,32.58,49.52,0.00%,264000.0,264000.0,-3.50%,-241875.78,-250646.33,Hydro Power,Dibyashwori Hydropower Ltd.,DHPL,273.00,+0.66%,754291.21,749320.27,-0.52%,732166.99,735966.6,+41.92%,104418.84,73575.81,-0.73%,-6.19%,ok,skipped,0,,,,,,,,,,,,,,,0,,,,,,,,,,,,,,,,,,,,,,,2026-10-02 03:44,0.6575,33.0935
DLBS,-11.44%,+538.23%,-14.04%,15.72,18.29,+1.26%,150.57,148.7,+0.61%,15.72,+37.84%,151279.58,109749.18,1.53 Ar,+15.84%,+14.61%,20923.49,18255.5,7.62,72.96,0.00%,133100.0,133100.0,+3.85%,67313.68,64817.5,Microcredit,Dhaulagiri Laghubitta Bittiya Sanstha Limited,DLBS,"1,146.90",-1.62%,2459132.93,2499598.51,-1.87%,2258719.24,2301681.01,+34.99%,295205.86,218679.35,-4.83%,-16.28%,ok,skipped,0,,,,,,,,,,,,,,,0,,,,,,,,,,,,,,,,,,,,,,,2026-10-02 03:44,0.1044,11.2703
DOLTI,-10.96%,+7.28%,+4.54%,0.87,0.83,+2.28%,59.87,58.54,+4.41%,0.87,+41.99%,96163.69,67725.5,1.65 Ar,+10.00%,+42.89%,4768.64,3337.32,5.14,355.23,+2.52%,549986.0,536486.0,-0.78%,-220685.82,-222418.39,Hydro Power,Dolti Power Company Limited,DOLTI,308.00,+3.22%,1054550.84,1021663.34,+2.50%,725250.65,707595.73,+31.13%,102334.15,78041.7,+3.01%,-43.54%,ok,skipped,0,,,,,,,,,,,,,,,0,,,,,,,,,,,,,,,,,,,,,,,2026-10-02 03:44,0.0145,2.2024
DORDI,+2.20%,+25.49%,+71.31%,1.42,0.83,+0.76%,106.3,105.5,-0.23%,1.42,+31.10%,231428.81,176534.7,5.49 Ar,+10.11%,+128.42%,29972.81,13121.91,2.45,183.19,0.00%,2108520.8,2108520.8,+14.53%,132799.46,115948.56,Hydro Power,Dordi Khola Jal Bidyut Company Limited,DORDI,260.39,+14.81%,4284849.38,3732157.23,+35.54%,2043529.13,1507687.87,+33.37%,274553.1,205865.31,-0.99%,+9.97%,ok,skipped,0,,,,,,,,,,,,,,,0,,,,,,,,,,,,,,,,,,,,,,,2026-10-02 03:44,0.0134,0.9118
EBL,+6.78%,+74.57%,+14.21%,36.95,32.35,+5.00%,256.47,244.27,+0.03%,36.95,+34.49%,9190459.0,6833470.0,90.12 Ar,+4.33%,+52.28%,5069936.0,3329316.0,2.71,18.84,0.00%,13721376.0,13721376.0,+8.46%,21470507.0,19795848.0,Commercial Banks,Everest Bank,EBL,696.20,+1.34%,383758236.0,378693500.0,+0.98%,348566353.0,345176279.0,+33.87%,20102585.0,15016560.0,-0.17%,+11.23%,ok,skipped,0,,,,,,,,,,,,,,,0,,,,,,,,,,,,,,,,,,,,,,,2026-10-02 03:44,0.1441,9.9047
EBLD91,+2.75%,+9.27%,,,,,,,+1.82%,,,,,0.00,+3.04%,,,,,,,,,,,,Bond,Everest Bank Limited Debenture 2091,EBLD91,"1,120.00",,,,,,,,,,+1.82%,+6.26%,ok,skipped,0,,,,,,,,,,,,,,,0,,,,,,,,,,,,,,,,,,,,,,,2026-10-02 03:44,,
ECL,+290.86%,+290.86%,0.00%,7.38,0.0,0.00%,116.63,0.0,-0.71%,7.38,0.00%,91665.34,0.0,3.80 Ar,-3.92%,0.00%,22130.08,0.0,10.85,171.62,0.00%,300000.0,0.0,0.00%,49900.53,0.0,Manufacturing And Processing,Everest Colour Limited,ECL,"1,266.00",0.00%,414972.79,0.0,0.00%,65072.26,0.0,0.00%,173049.77,0.0,-2.32%,+290.86%,ok,skipped,0,,,,,,,,,,,,,,,0,,,,,,,,,,,,,,,,,,,,,,,2026-10-02 03:44,0.0633,0.186
EDBL,+1.77%,+11.95%,+49.02%,24.76,16.61,-3.34%,177.85,184.0,+0.02%,24.76,+56.13%,648818.33,415551.76,7.19 Ar,+0.89%,+98.69%,309400.75,155717.28,3.23,23.22,0.00%,1249694.47,1249694.47,-7.32%,972925.91,1049793.56,Development Bank,Excel Development Bank,EDBL,575.00,+5.56%,21329580.33,20206851.22,+6.70%,19106959.95,17907363.19,+42.76%,1213900.1,850279.46,0.00%,-3.69%,ok,skipped,0,,,,,,,,,,,,,,,0,,,,,,,,,,,,,,,,,,,,,,,2026-10-02 03:44,0.1392,8.5966
EHPL,-14.75%,+33.84%,-47.17%,3.39,6.42,-1.83%,76.3,77.73,+0.32%,3.39,+17.17%,126404.28,107884.4,1.97 Ar,+4.78%,-29.55%,21033.37,29857.25,4.17,93.74,0.00%,620000.0,620000.0,+6.39%,-146917.06,-138093.18,Hydro Power,Eastern Hydropower Limited,EHPL,318.00,-1.46%,1079472.12,1095460.23,-1.17%,606389.17,613553.42,+23.94%,146820.58,118457.97,-2.69%,-38.60%,ok,skipped,0,,,,,,,,,,,,,,,0,,,,,,,,,,,,,,,,,,,,,,,2026-10-02 03:44,0.0444,1.2818
ENL,-36.89%,+83.14%,-36.56%,2.7,4.26,-0.45%,110.08,110.58,+7.71%,2.7,-7.61%,19236.74,20821.88,2.87 Ar,-37.10%,-15.41%,15013.78,17748.45,4.7,191.32,0.00%,555600.0,555600.0,-4.65%,56027.75,58762.45,Organized Fund,Emerging Nepal Limited,ENL,517.00,-0.27%,625166.68,626829.57,+8.60%,13538.92,12467.12,+0.23%,22590.92,22539.01,-6.10%,-46.39%,ok,skipped,0,,,,,,,,,,,,,,,0,,,,,,,,,,,,,,,,,,,,,,,2026-10-02 03:44,0.0245,0.0221
FMDBL,-3.35%,+33.30%,+25.80%,14.18,11.27,+4.35%,137.26,131.53,-0.67%,14.18,+34.96%,227491.72,168563.19,9.94 Ar,+2.20%,+67.73%,190728.22,113712.97,5.38,52.1,0.00%,1344871.32,1344871.32,+18.16%,501037.09,424021.85,Microcredit,First Micro Finance Development Bank,FMDBL,738.90,-1.41%,5694795.77,5776215.4,-3.95%,3848887.36,4007322.23,+30.60%,404702.25,309881.65,-2.71%,-10.22%,ok,skipped,0,,,,,,,,,,,,,,,0,,,,,,,,,,,,,,,,,,,,,,,2026-10-02 03:44,0.1033,2.0851
FOWAD,-10.60%,-32.66%,+187.21%,52.14,18.15,+16.26%,278.57,239.61,+0.68%,52.14,+39.95%,1517725.67,1084474.5,10.48 Ar,+1.86%,+282.95%,623582.58,162835.7,3.14,16.8,0.00%,1195953.71,1195953.71,+27.91%,2135642.79,1669611.27,Microcredit,Forward Community Microfinance Bittiya Sanstha Ltd.,FOWAD,876.00,+4.03%,24073759.87,23141584.64,+2.30%,20742163.36,20276019.66,+37.24%,2958558.77,2155789.63,-2.67%,-19.71%,ok,skipped,0,,,,,,,,,,,,,,,0,,,,,,,,,,,,,,,,,,,,,,,2026-10-02 03:44,0.1872,6.2259
GBBL,+11.77%,+31.70%,+20.82%,28.04,23.21,+5.78%,177.26,167.58,-0.98%,28.04,+36.28%,3815635.15,2799889.84,22.87 Ar,+7.50%,+61.10%,1688666.31,1048231.02,2.27,14.36,0.00%,6021348.37,6021348.37,+14.32%,4651893.66,4069108.57,Development Bank,Garima Bikas Bank,GBBL,402.60,+4.39%,113041649.0,108290878.7,+4.24%,102368406.9,98200421.81,+34.12%,7505139.45,5595932.22,-0.31%,+14.37%,ok,skipped,0,,,,,,,,,,,,,,,0,,,,,,,,,,,,,,,,,,,,,,,2026-10-02 03:45,0.1582,9.5911
GBILD86/87,,,,,,,,,,,,,,,,,,,,,,,,,,,,,,,,,,,,,,,,,,empty,skipped,0,,,,,,,,,,,,,,,0,,,,,,,,,,,,,,,,,,,,,,,2026-10-02 03:45,,
GBIME,+7.23%,-12.12%,+6.12%,16.34,15.4,+2.58%,183.14,178.53,+0.16%,16.34,+36.34%,16203053.0,11884412.0,92.96 Ar,+8.12%,+41.49%,6227157.0,4401177.0,1.33,14.93,0.00%,38115853.0,38115853.0,+5.88%,31690411.0,29931373.0,Commercial Banks,Global Ime Bank,GBIME,243.90,+5.92%,820770089.0,774887689.0,+6.24%,750963825.0,706840464.0,+35.16%,40302472.0,29818037.0,+0.04%,+9.39%,ok,skipped,0,,,,,,,,,,,,,,,0,,,,,,,,,,,,,,,,,,,,,,,2026-10-02 03:45,0.0892,10.7578
GBIMESY2,-5.26%,-10.00%,,,,,,,-1.53%,,,,,1.35 Ar,-0.11%,,,,,,,,,,,,Mutual Fund,Global IME Sammunat Yojana -2,GBIMESY2,9.00,,,,,,,,,,0.00%,-0.77%,ok,skipped,0,,,,,,,,,,,,,,,0,,,,,,,,,,,,,,,,,,,,,,,2026-10-02 03:45,,
GBLBS,-10.88%,-26.23%,-33.67%,26.53,40.0,-1.53%,290.66,295.18,+1.05%,26.53,+36.58%,1383565.6,1013038.18,6.60 Ar,+1.39%,-11.56%,266712.68,301588.72,2.31,25.33,0.00%,1005350.0,1005350.0,-2.32%,1916786.85,1962278.29,Microcredit,Grameen Bikas Laghubitta,GBLBS,672.00,+0.38%,16359817.44,16298628.01,+0.80%,13437680.6,13330999.73,+36.03%,2160341.68,1588151.48,-2.89%,-9.19%,ok,skipped,0,,,,,,,,,,,,,,,0,,,,,,,,,,,,,,,,,,,,,,,2026-10-02 03:45,0.0913,4.5986
GCIL,+10.23%,-2.71%,+45.62%,-6.13,-4.21,-1.76%,165.73,168.7,-1.26%,-6.13,+24.06%,1183446.93,953962.82,17.86 Ar,+3.99%,+94.16%,-308072.29,-158668.17,2.36,-63.77,0.00%,5024454.27,5024454.27,-4.33%,3302354.29,3451758.42,Manufacturing And Processing,Ghorahi Cement Industry Limited,GCIL,391.00,-2.54%,21397698.38,21954624.94,-3.02%,13070889.82,13478412.25,+33.39%,4773598.91,3578649.87,-2.57%,-4.03%,ok,skipped,0,,,,,,,,,,,,,,,0,,,,,,,,,,,,,,,,,,,,,,,2026-10-02 03:45,-0.037,1.5697
GFCL,-10.94%,+2.70%,+4.75%,14.96,14.28,+1.85%,211.01,207.18,-0.20%,14.96,+0.52%,313737.49,312108.36,5.32 Ar,-1.37%,+39.66%,141529.38,101336.5,2.66,37.57,0.00%,946115.2,946115.2,+3.58%,1050277.94,1014015.91,Finance,Goodwill Finance,GFCL,562.00,-9.49%,16180145.45,17876964.96,-10.89%,14183752.32,15916833.85,+19.53%,1026603.37,858862.62,-2.60%,-10.37%,ok,skipped,0,,,,,,,,,,,,,,,0,,,,,,,,,,,,,,,,,,,,,,,2026-10-02 03:45,0.0709,7.1047
GHL,+22.69%,+50.61%,-38.33%,-1.33,-2.15,-0.02%,95.05,95.07,+0.77%,-1.33,+54.05%,108127.84,70189.43,4.51 Ar,+22.69%,-17.78%,-21877.1,-26607.57,2.88,-206.35,0.00%,1650000.0,1650000.0,+0.43%,-81664.16,-81311.48,Hydro Power,Ghalemdi Hydro Limited,GHL,273.60,+0.37%,2270942.24,2262566.76,+1.26%,702606.4,693878.24,+44.91%,136901.28,94471.62,+7.84%,+24.36%,ok,skipped,0,,,,,,,,,,,,,,,0,,,,,,,,,,,,,,,,,,,,,,,2026-10-02 03:45,-0.014,0.448
GIBF1,+4.11%,+51.28%,,,,,,,-1.57%,,,,,1.03 Ar,+5.31%,,,,,,,,,,,,Mutual Fund,Global IME Balanced Fund-1,GIBF1,10.00,,,,,,,,,,-5.76%,+10.26%,ok,skipped,0,,,,,,,,,,,,,,,0,,,,,,,,,,,,,,,,,,,,,,,2026-10-02 03:45,,
GILB,+1.65%,-13.26%,+36.99%,61.87,45.16,+12.98%,242.58,214.72,+0.27%,61.87,+37.41%,1007427.83,733151.15,6.88 Ar,+3.44%,+82.66%,401105.14,219594.48,4.58,17.97,0.00%,648297.8,648297.8,+24.29%,924320.44,743698.71,Microcredit,Global IME Laghubitta Bittiya Sanstha,GILB,"1,112.00",+5.82%,11897057.92,11242759.39,+4.81%,10324439.68,9850762.88,+34.93%,1565845.86,1160509.66,-2.41%,-3.95%,ok,skipped,0,,,,,,,,,,,,,,,0,,,,,,,,,,,,,,,,,,,,,,,2026-10-02 03:45,0.255,6.5651
GLBSL,-8.64%,+81.04%,-23.41%,31.11,40.62,+0.36%,169.51,168.91,-0.59%,31.11,+38.57%,184973.85,133490.63,1.95 Ar,+3.07%,+2.12%,41180.52,40327.58,9.91,54.0,0.00%,132358.05,132358.05,+0.87%,92006.66,91208.6,Microcredit,Gurans Laghubitta Bittiya Sanstha,GLBSL,"1,680.00",-1.98%,2319420.33,2366283.64,-2.22%,2095055.62,2142716.98,+36.78%,308002.8,225175.9,-1.18%,-11.80%,ok,skipped,0,,,,,,,,,,,,,,,0,,,,,,,,,,,,,,,,,,,,,,,2026-10-02 03:45,0.1835,9.3377
GLH,+8.87%,-30.55%,+6.86%,2.33,2.18,+0.62%,112.05,111.36,+1.08%,2.33,0.00%,0.0,0.0,5.04 Ar,+15.62%,+42.48%,41905.78,29411.08,2.5,120.18,0.00%,1800000.0,1800000.0,+6.11%,216950.71,204456.0,Hydro Power,GreenLife Hydropower Limited,GLH,279.80,+3.21%,11717957.23,11353838.48,+3.76%,9701006.52,9349382.48,0.00%,0.0,0.0,+0.36%,+5.98%,ok,skipped,0,,,,,,,,,,,,,,,0,,,,,,,,,,,,,,,,,,,,,,,2026-10-02 03:45,0.0208,4.8097
GMFBS,-11.17%,-6.88%,-46.60%,28.68,53.71,-6.79%,158.0,169.51,+0.93%,28.68,+17.71%,174174.41,147974.82,1.65 Ar,-1.80%,-28.80%,43465.95,61044.93,6.9,38.01,0.00%,151554.53,151554.53,-16.56%,87895.49,105340.89,Microcredit,Ganapati Microfinance Bittiya Sanstha,GMFBS,"1,090.00",-5.10%,2495069.1,2629058.96,-4.91%,2255619.08,2372163.53,+23.67%,312290.74,252511.97,-3.02%,-30.17%,ok,skipped,0,,,,,,,,,,,,,,,0,,,,,,,,,,,,,,,,,,,,,,,2026-10-02 03:45,0.1815,9.42
GMFIL,-11.19%,+5.69%,-24.02%,4.56,6.0,-6.43%,157.55,168.38,-0.94%,4.56,+20.17%,210424.0,175104.0,4.17 Ar,+0.51%,+1.31%,46163.0,45567.0,2.62,90.36,0.00%,1012176.0,1012176.0,-15.84%,582528.0,692151.0,Finance,Guheshowori Merchant Bank & Finance,GMFIL,412.10,-1.14%,10032098.0,10148114.0,-0.08%,8437392.0,8443785.0,+25.61%,612954.0,487969.0,-2.11%,-11.19%,ok,skipped,0,,,,,,,,,,,,,,,0,,,,,,,,,,,,,,,,,,,,,,,2026-10-02 03:45,0.0289,5.2909
GMLI,-19.69%,+185.87%,-17.36%,2.14,2.59,+0.18%,107.28,107.08,-0.26%,2.14,+60.69%,114262.82,71105.5,7.10 Ar,-0.16%,+10.18%,16068.55,14583.9,9.1,441.78,0.00%,750000.0,750000.0,+4.58%,30187.5,28866.16,Life Insurance,Guardian Micro Life Insurance Limited,GMLI,946.50,+4.78%,1321499.83,1261272.62,+12.82%,516884.9,458142.34,+37.09%,560382.29,408768.41,-4.39%,-52.20%,ok,skipped,0,,,,,,,,,,,,,,,0,,,,,,,,,,,,,,,,,,,,,,,2026-10-02 03:45,0.0199,0.6424
GRDBL,-10.67%,+209.48%,+54.06%,11.76,7.63,+5.17%,122.83,116.8,-0.75%,11.76,+47.39%,246145.88,167005.74,5.29 Ar,-2.32%,+105.41%,72385.81,35240.1,7.55,78.91,0.00%,615500.0,615500.0,+35.93%,140542.66,103396.95,Development Bank,Green Development Bank Ltd.,GRDBL,928.00,+6.22%,7240419.41,6816507.55,+6.34%,6484376.75,6097610.6,+36.77%,508432.02,371751.71,-3.33%,-4.93%,ok,skipped,0,,,,,,,,,,,,,,,0,,,,,,,,,,,,,,,,,,,,,,,2026-10-02 03:45,0.0957,8.5767
GSY,-8.90%,+1.22%,,,,,,,+1.22%,,,,,1.14 Ar,+2.02%,,,,,,,,,,,,Mutual Fund,Garima Samriddhi Yojana,GSY,9.11,,,,,,,,,,-1.51%,+1.22%,ok,skipped,0,,,,,,,,,,,,,,,0,,,,,,,,,,,,,,,,,,,,,,,2026-10-02 03:45,,
GUFL,-10.90%,-39.73%,+27.09%,25.28,19.89,+6.05%,167.43,157.88,+0.22%,25.28,+43.35%,313307.49,218555.93,4.32 Ar,-0.36%,+69.46%,219401.55,129474.71,2.97,19.67,0.00%,867993.8,867993.8,+16.50%,585247.42,502359.69,Finance,Gurkhas Finance Ltd.,GUFL,497.20,+3.76%,11166023.69,10761757.98,+3.42%,9712782.46,9391404.49,+34.80%,695399.62,515893.45,+0.16%,+1.26%,ok,skipped,0,,,,,,,,,,,,,,,0,,,,,,,,,,,,,,,,,,,,,,,2026-10-02 03:45,0.151,6.6835
GVL,+3.58%,+81.66%,-31.85%,13.07,19.18,-1.15%,124.33,125.77,-0.40%,13.07,-3.14%,778942.93,804160.98,16.91 Ar,+4.68%,-9.14%,449234.2,494414.7,3.96,37.65,0.00%,3437500.0,3437500.0,-5.61%,836288.39,885964.4,Hydro Power,Green Ventures Limited,GVL,492.00,-0.36%,10776605.07,10814998.96,+0.17%,6502816.68,6491534.56,+14.89%,1488581.24,1295694.95,+0.55%,-4.56%,ok,skipped,0,,,,,,,,,,,,,,,0,,,,,,,,,,,,,,,,,,,,,,,2026-10-02 03:45,0.1051,1.5216
H8020,+8.92%,+48.43%,,,,,,,+0.91%,,,,,1.10 Ar,+6.12%,,,,,,,,,,,,Mutual Fund,Himalayan 80-20,H8020,11.04,,,,,,,,,,-0.54%,+18.19%,ok,skipped,0,,,,,,,,,,,,,,,0,,,,,,,,,,,,,,,,,,,,,,,2026-10-02 03:45,,
HATHY,-36.27%,+96.71%,-37.24%,0.6,0.95,+1.52%,68.47,67.44,+6.06%,0.6,+14.85%,126224.05,109902.61,12.88 Ar,-26.30%,-16.33%,18918.94,22610.4,6.65,762.67,0.00%,1585584.0,1585584.0,+5.87%,585557.08,553110.5,Organized Fund,Hathway Investment Nepal Limited,HATHY,455.00,-1.93%,2687317.9,2740139.46,-14.18%,516176.82,601444.96,+21.35%,142026.31,117040.51,+0.46%,-53.71%,ok,skipped,0,,,,,,,,,,,,,,,0,,,,,,,,,,,,,,,,,,,,,,,2026-10-02 03:45,0.0088,0.2377
HBL,-0.36%,-40.06%,+45.60%,6.56,4.5,+3.21%,177.48,171.96,+0.10%,6.56,+28.95%,8810162.44,6832100.62,41.86 Ar,+3.48%,+94.14%,1480385.46,762536.32,1.09,29.49,0.00%,22581662.53,22581662.53,+7.67%,17496261.13,16250565.09,Commercial Banks,Himalayan Bank,HBL,193.30,+2.73%,417995276.8,406902211.9,+2.68%,377917353.1,368069984.2,+31.69%,22758925.82,17282439.37,-1.13%,-4.26%,ok,skipped,0,,,,,,,,,,,,,,,0,,,,,,,,,,,,,,,,,,,,,,,2026-10-02 03:45,0.037,9.4296
HDHPC,+7.19%,+5.71%,-22.03%,-3.4,-4.36,-2.86%,71.97,74.09,+2.52%,-3.4,+160.14%,38877.18,14944.97,6.26 Ar,+13.74%,+3.96%,-95223.76,-91600.36,3.11,-65.72,0.00%,2800000.0,2800000.0,+8.19%,-784731.48,-725350.87,Hydro Power,Himal Dolakha Hydropower Company Limited,HDHPC,223.50,+5.74%,2454941.0,2321625.24,+78.02%,439672.48,246976.11,-0.01%,69600.8,69604.77,+1.45%,+24.44%,ok,skipped,0,,,,,,,,,,,,,,,0,,,,,,,,,,,,,,,,,,,,,,,2026-10-02 03:45,-0.0472,0.2182
HDL,+12.12%,-12.76%,+6.28%,32.71,30.78,+7.30%,141.43,131.8,-0.46%,32.71,+42.44%,3183295.92,2234824.83,39.52 Ar,+11.06%,+41.70%,1206337.74,851305.53,9.09,39.32,0.00%,3688082.18,3688082.18,+30.27%,1527823.34,1172791.13,Manufacturing And Processing,Himalayan Distillery,HDL,"1,286.00",-0.99%,5773015.76,5830750.56,-42.56%,557110.24,969877.26,+41.24%,4429748.29,3136253.71,-1.98%,+14.81%,ok,skipped,0,,,,,,,,,,,,,,,0,,,,,,,,,,,,,,,,,,,,,,,2026-10-02 03:45,0.2313,0.1068
HEI,-17.11%,+13.32%,+129.19%,13.51,5.9,+4.22%,213.94,205.28,-1.36%,13.51,+102.01%,1344620.29,665633.73,11.22 Ar,-0.97%,+205.59%,337885.14,110568.88,1.53,33.19,0.00%,2500157.4,2500157.4,+82.96%,274792.45,150194.69,Non Life Insurance,Himalayan Everest Insurance Limited,HEI,448.60,-9.33%,10725459.47,11829493.43,-19.72%,5376658.1,6697119.7,+55.51%,3008056.27,1934353.65,-5.16%,-12.40%,ok,skipped,0,,,,,,,,,,,,,,,0,,,,,,,,,,,,,,,,,,,,,,,2026-10-02 03:45,0.0631,1.0052
HEIP,+1.65%,+46.28%,,,,,,,+2.77%,13.51,,,,87.21 Cr,+8.63%,,,,2.1,33.19,,,,,,,Non Life Insurance,Himalayan Everest Insurance Limited Promoter,HEIP,326.00,,,,,,,,,,+2.07%,-7.16%,ok,skipped,0,,,,,,,,,,,,,,,0,,,,,,,,,,,,,,,,,,,,,,,2026-10-02 03:45,,
HFIN,-21.17%,+420.48%,+1.29%,-12.23,-12.07,-2.92%,107.28,110.51,-0.36%,-12.23,+207.19%,-14642.89,-4766.72,11.64 Ar,-5.83%,+35.05%,-244568.61,-181089.69,5.42,-47.59,0.00%,2000000.0,2000000.0,-30.73%,145633.9,210235.09,Hotels,Hotel Forest Inn Limited,HFIN,581.90,-0.17%,4402572.85,4409939.75,+2.60%,2256938.95,2199704.66,+43.51%,196362.29,136829.51,-5.77%,+420.48%,ok,skipped,0,,,,,,,,,,,,,,,0,,,,,,,,,,,,,,,,,,,,,,,2026-10-02 03:45,-0.114,1.0519
HHL,+1.94%,+38.20%,-11.64%,7.32,8.29,+1.32%,85.28,84.17,-0.97%,7.32,+28.28%,289482.11,225656.38,3.80 Ar,+8.99%,+17.81%,80177.89,68055.42,4.06,47.34,0.00%,1095000.0,1095000.0,-6.99%,-161185.5,-173307.97,Hydro Power,Himalayan Hydropower Limited,HHL,346.60,+0.09%,2250737.36,2248631.53,-0.75%,1316922.86,1326939.51,+29.44%,329471.8,254538.5,+1.35%,-0.52%,ok,skipped,0,,,,,,,,,,,,,,,0,,,,,,,,,,,,,,,,,,,,,,,2026-10-02 03:45,0.0858,1.4103
HIDCL,-1.57%,-0.43%,-6.85%,2.73,2.93,+0.04%,112.65,112.61,-0.79%,2.73,+30.30%,1005560.0,771754.0,61.40 Ar,+5.84%,+24.20%,679337.0,546985.0,2.22,91.74,0.00%,24928211.0,24928211.0,+0.33%,3152596.0,3142283.0,Organized Fund,Hydroelectricity Investment and Development Company,HIDCL,250.00,+0.05%,28827359.0,28813334.0,+0.50%,746551.0,742840.0,+31.19%,1034371.0,788442.0,-2.34%,-4.05%,ok,skipped,0,,,,,,,,,,,,,,,0,,,,,,,,,,,,,,,,,,,,,,,2026-10-02 03:45,0.0242,0.0266
HIDCLP,-0.37%,+106.56%,,,,,,,+0.53%,2.73,,,,6.21 Ar,+5.20%,,,,2.22,91.74,,,,,,,Organized Fund,Hydorelectricity Investment and Development Company Limited Promoter,HIDCLP,188.30,,,,,,,,,,-1.21%,+0.16%,ok,skipped,0,,,,,,,,,,,,,,,0,,,,,,,,,,,,,,,,,,,,,,,2026-10-02 03:45,,
HIMSTAR,-21.41%,+133.27%,+18.11%,-29.72,-25.16,-13.73%,68.14,78.98,+0.02%,-29.72,-27.31%,25609.75,35233.01,2.33 Ar,-2.33%,+57.48%,-110847.11,-70389.04,9.16,-21.0,0.00%,373000.0,373000.0,+51.61%,-118845.04,-78386.97,Hydro Power,Him Star Urja Company Limited,HIMSTAR,624.00,+2.65%,1324244.35,1290097.53,+7.49%,1070089.39,995484.49,+8.68%,144775.3,133213.0,-3.11%,-4.16%,ok,skipped,0,,,,,,,,,,,,,,,0,,,,,,,,,,,,,,,,,,,,,,,2026-10-02 03:45,-0.4362,4.2104
HLBSL,+0.50%,-4.03%,-1.35%,31.26,31.68,+4.23%,185.53,178.01,+0.56%,31.26,+38.75%,442191.02,318694.67,2.81 Ar,+2.39%,+31.53%,106610.03,81054.16,4.74,28.15,0.00%,341086.04,341086.04,+9.64%,291724.0,266064.18,Microcredit,Himalayan Laghubitta Bittiya Sanstha Limited,HLBSL,879.90,+6.89%,6146982.71,5750904.52,+7.20%,5514172.67,5143754.31,+36.09%,711423.94,522764.65,+1.25%,-2.01%,ok,skipped,0,,,,,,,,,,,,,,,0,,,,,,,,,,,,,,,,,,,,,,,2026-10-02 03:45,0.1685,8.7138
HLI,-7.60%,-7.28%,-8.84%,3.48,3.81,-7.11%,93.31,100.45,+0.66%,3.48,+48.02%,2320295.16,1567517.52,27.80 Ar,+3.40%,+21.54%,317771.31,261444.38,2.73,87.47,0.00%,9143237.31,9143237.31,+5.03%,1046444.86,996313.88,Life Insurance,Himalayan Life Insurance Limited,HLI,304.00,+3.21%,102936049.2,99735832.7,+4.26%,94404912.85,90551525.26,+39.78%,24245828.75,17345836.39,-1.68%,-20.63%,ok,skipped,0,,,,,,,,,,,,,,,0,,,,,,,,,,,,,,,,,,,,,,,2026-10-02 03:45,0.0373,11.0659
HLICF,-4.91%,-14.12%,,,,,,,0.00%,,,,,4.17 Ar,-2.57%,,,,,,,,,,,,Mutual Fund,HLI Large Cap Fund,HLICF,8.33,,,,,,,,,,-3.81%,-14.12%,ok,skipped,0,,,,,,,,,,,,,,,0,,,,,,,,,,,,,,,,,,,,,,,2026-10-02 03:45,,
HPPL,+4.94%,+24.78%,-20.26%,12.57,15.76,+2.16%,130.56,127.79,+0.50%,12.57,+39.79%,711227.28,508768.64,4.05 Ar,+5.82%,+59.48%,200874.55,125959.38,2.91,30.22,+50.00%,1598125.5,1065417.0,+64.92%,488344.32,296118.49,Hydro Power,Himalayan Power Partner Ltd.,HPPL,379.90,+0.77%,5460023.51,5418238.51,-16.84%,3373553.7,4056703.02,+40.12%,768416.37,548403.76,-0.03%,+14.43%,ok,skipped,0,,,,,,,,,,,,,,,0,,,,,,,,,,,,,,,,,,,,,,,2026-10-02 03:45,0.0963,1.6169
HRL,-14.46%,+60.00%,,,,,,,-0.12%,-21.5,,,,54.38 Ar,-3.02%,,,,4.33,-23.28,,,,,,,ReInsurance,Himalayan Reinsurance Limited,HRL,500.40,,,,,,,,,,-1.88%,-39.06%,ok,skipped,0,,,,,,,,,,,,,,,0,,,,,,,,,,,,,,,,,,,,,,,2026-10-02 03:45,,
HURJA,+9.70%,+0.58%,+89.88%,7.57,3.99,+4.90%,98.13,93.55,+1.56%,7.57,+40.65%,476735.61,338958.15,5.15 Ar,+13.54%,+153.17%,149917.97,59216.34,2.65,34.34,0.00%,1980000.0,1980000.0,-71.02%,-37021.39,-127765.11,Hydro Power,Himalaya Urja Bikas Company Limited,HURJA,260.00,+1.00%,3591062.53,3555590.65,-3.24%,1648083.92,1703355.76,+40.65%,486464.91,345875.66,+1.17%,+16.64%,ok,skipped,0,,,,,,,,,,,,,,,0,,,,,,,,,,,,,,,,,,,,,,,2026-10-02 03:46,0.0771,0.8482
ICFC,-1.61%,+15.81%,+92.17%,22.33,11.62,+7.20%,189.32,176.61,+0.32%,22.33,+42.42%,645421.02,453174.54,7.02 Ar,+2.95%,+156.23%,264224.94,103122.02,3.13,26.56,0.00%,1183470.96,1183470.96,+16.59%,1057107.68,906711.59,Finance,ICFC Finance,ICFC,593.00,+1.95%,26187515.89,25686075.2,+1.49%,23946937.25,23595892.65,+35.59%,1803299.71,1329971.16,-0.34%,-4.94%,ok,skipped,0,,,,,,,,,,,,,,,0,,,,,,,,,,,,,,,,,,,,,,,2026-10-02 03:46,0.1179,10.6878
ICFCD83,-2.89%,-5.38%,,,,,,,-2.76%,,,,,0.00,+21.49%,,,,,,,,,,,,Bond,12% ICFC Finance Limited Debenture 2083,ICFCD83,"1,055.00",,,,,,,,,,-0.09%,-9.83%,ok,skipped,0,,,,,,,,,,,,,,,0,,,,,,,,,,,,,,,,,,,,,,,2026-10-02 03:46,,
ICFCD88,-0.69%,+2.74%,,,,,,,+0.19%,,,,,0.00,+0.56%,,,,,,,,,,,,Bond,9% ICFC Finance Limited Debenture 2088,ICFCD88,"1,130.09",,,,,,,,,,+0.96%,+0.10%,ok,skipped,0,,,,,,,,,,,,,,,0,,,,,,,,,,,,,,,,,,,,,,,2026-10-02 03:46,,
ICFCD89,+0.65%,+0.65%,,,,,,,+0.64%,,,,,0.00,+0.55%,,,,,,,,,,,,Bond,8% ICFC Finance Limited Debenture 2089,ICFCD89,"1,107.09",,,,,,,,,,+1.94%,+0.65%,ok,skipped,0,,,,,,,,,,,,,,,0,,,,,,,,,,,,,,,,,,,,,,,2026-10-02 03:46,,
IGI,-11.74%,-37.99%,+590.67%,0.13,0.02,-1.74%,179.53,182.72,-0.34%,0.13,+55.91%,664422.39,426146.07,11.71 Ar,+2.30%,+821.89%,4038.49,438.07,1.07,2899.94,0.00%,3029334.64,3029334.64,+208.14%,18440.54,5984.49,Non Life Insurance,IGI Prudential insurance Limited,IGI,386.60,-1.49%,14420181.43,14638531.88,-1.34%,8981571.53,9103446.33,+44.11%,2244482.47,1557453.46,-1.63%,-10.47%,ok,skipped,0,,,,,,,,,,,,,,,0,,,,,,,,,,,,,,,,,,,,,,,2026-10-02 03:46,0.0007,1.6514
IHL,-14.17%,-0.34%,-298.50%,-5.24,2.64,-7.36%,90.53,97.73,+1.11%,-5.24,+3.62%,185825.44,179338.51,1.92 Ar,+7.68%,-364.67%,-31418.73,11871.12,3.53,-61.07,0.00%,600000.0,600000.0,+316.38%,-56816.51,-13645.37,Hydro Power,Ingwa Hydropower Limited,IHL,319.80,-2.45%,2359184.24,2418459.42,-0.88%,1816000.75,1832104.8,+17.09%,255419.08,218138.04,-2.26%,-42.43%,ok,skipped,0,,,,,,,,,,,,,,,0,,,,,,,,,,,,,,,,,,,,,,,2026-10-02 03:46,-0.0579,3.3433
ILBS,+5.67%,-4.23%,+80.48%,36.66,20.31,+15.46%,161.73,140.07,+0.33%,36.66,+65.41%,479173.54,289689.2,4.72 Ar,+13.39%,+140.64%,182365.1,75782.07,5.86,25.85,0.00%,497415.94,497415.94,+54.06%,307073.66,199323.6,Microcredit,Infinity Laghubitta Bittiya Sanstha Limited,ILBS,947.90,-1.17%,6079442.13,6151216.42,-3.29%,5274952.53,5454476.88,+48.50%,806029.62,542769.88,-0.22%,-20.94%,ok,skipped,0,,,,,,,,,,,,,,,0,,,,,,,,,,,,,,,,,,,,,,,2026-10-02 03:46,0.2267,6.5569
ILI,-0.21%,-3.31%,+19.10%,11.68,9.81,+3.17%,135.66,131.49,-0.09%,11.68,+56.21%,1659523.11,1062367.32,21.11 Ar,+5.53%,+58.80%,584244.35,367916.11,3.69,36.12,0.00%,5000000.0,5000000.0,+36.96%,713355.3,520844.72,Life Insurance,IME Life Insurance Company Limited,ILI,422.10,+8.51%,26795615.86,24693621.16,+10.45%,20012517.05,18119144.67,+46.84%,8994827.92,6125743.59,-1.38%,-2.01%,ok,skipped,0,,,,,,,,,,,,,,,0,,,,,,,,,,,,,,,,,,,,,,,2026-10-02 03:46,0.0861,2.9504
JBBL,+2.04%,-13.32%,+19.86%,22.88,19.09,+4.61%,170.97,163.43,-0.17%,22.88,+46.69%,2341970.48,1596533.95,15.16 Ar,+6.22%,+59.81%,1005952.99,629462.4,2.02,15.07,0.00%,4395785.89,4395785.89,+11.89%,3119768.05,2788302.2,Development Bank,Jyoti Bikas Bank,JBBL,344.90,+1.98%,77911050.85,76397742.92,+1.71%,70395496.92,69213654.84,+39.14%,5135795.93,3691061.25,-1.99%,+6.81%,ok,skipped,0,,,,,,,,,,,,,,,0,,,,,,,,,,,,,,,,,,,,,,,2026-10-02 03:46,0.1338,9.3666
JBBLPO,0.00%,+47.41%,,,,,,,0.00%,22.88,,,,1.79 Cr,0.00%,,,,2.02,15.07,,,,,,,Development Bank,Jyoti Bikas Bank Promoter,JBBLPO,179.00,,,,,,,,,,0.00%,-4.28%,ok,skipped,0,,,,,,,,,,,,,,,0,,,,,,,,,,,,,,,,,,,,,,,2026-10-02 03:46,,
JBLB,+2.49%,-4.99%,+29.47%,61.8,47.73,+9.68%,279.95,255.24,-0.31%,61.8,+39.07%,2350833.1,1690345.93,19.63 Ar,+2.24%,+72.62%,1082224.43,626927.76,4.57,20.68,0.00%,1751235.56,1751235.56,+15.92%,3151329.87,2718627.23,Microcredit,Jeevan Bikas Laghubitta Bittya Sanstha Ltd,JBLB,"1,278.00",+4.88%,34295921.47,32699882.65,+4.12%,29393356.04,28230019.86,+36.09%,4225066.13,3104575.83,-0.06%,+0.60%,ok,skipped,0,,,,,,,,,,,,,,,0,,,,,,,,,,,,,,,,,,,,,,,2026-10-02 03:46,0.2208,5.9955
JFL,-29.65%,-38.36%,-124.09%,1.35,-5.62,-86.20%,-0.89,-6.46,+1.45%,1.35,+144.78%,171512.26,70067.5,1.93 Ar,-24.53%,-132.12%,9343.98,-29089.56,-314.18,206.91,0.00%,690472.8,690472.8,-5.23%,-696626.41,-735059.94,Finance,Janaki Finance,JFL,280.00,-3.51%,4436704.63,4598228.68,-4.31%,4442858.24,4642815.83,+67.09%,355584.06,212806.84,-1.75%,-37.50%,ok,skipped,0,,,,,,,,,,,,,,,0,,,,,,,,,,,,,,,,,,,,,,,2026-10-02 03:46,-1.5169,-721.9922
JHAPA,-20.55%,+226.80%,-31.56%,3.86,5.63,-0.41%,101.94,102.36,+0.69%,3.86,+26.69%,91743.75,72416.68,3.87 Ar,-0.20%,-8.75%,14657.2,16062.42,9.98,263.8,0.00%,380190.0,380190.0,-17.62%,7389.02,8969.24,Hydro Power,Jhapa Energy Limited,JHAPA,"1,017.00",-0.87%,838066.25,845455.62,-1.27%,450487.23,456296.38,+28.19%,104712.11,81683.38,-2.02%,+226.80%,ok,skipped,0,,,,,,,,,,,,,,,0,,,,,,,,,,,,,,,,,,,,,,,2026-10-02 03:46,0.0379,1.1623
JOSHI,-1.91%,+18.95%,-10.90%,-6.54,-7.34,-1.57%,64.93,65.96,+0.53%,-6.54,+587.24%,-5343.32,-777.5,1.61 Ar,+1.51%,+18.80%,-40051.46,-33712.54,4.04,-40.15,0.00%,612810.0,612810.0,+3.04%,-214916.42,-208577.5,Hydro Power,Joshi Hydropower Development Company Ltd,JOSHI,262.39,-0.55%,442391.35,444820.15,+9.63%,44497.77,40587.65,+81.88%,8851.53,4866.79,-0.61%,-14.14%,ok,skipped,0,,,,,,,,,,,,,,,0,,,,,,,,,,,,,,,,,,,,,,,2026-10-02 03:46,-0.1007,0.1118
JSLBB,-6.07%,-51.52%,+32.34%,10.7,8.09,+2.45%,175.1,170.91,+0.80%,10.7,+55.97%,151415.29,97081.63,1.62 Ar,+0.58%,+76.45%,18206.96,10318.53,5.45,89.07,0.00%,170091.9,170091.9,+5.90%,127734.59,120619.04,Microcredit,Janautthan Samudayic Laghubitta Bikas Bank,JSLBB,953.40,+4.42%,2404469.79,2302740.86,+4.70%,2106643.3,2012029.92,+43.82%,281142.77,195483.95,-1.61%,-21.52%,ok,skipped,0,,,,,,,,,,,,,,,0,,,,,,,,,,,,,,,,,,,,,,,2026-10-02 03:46,0.0611,7.0734
KAHL,+37.47%,+37.47%,-66.55%,3.75,11.2,-5.10%,101.85,107.33,-0.62%,3.75,+17.05%,454801.39,388566.83,6.54 Ar,-1.68%,-31.38%,52451.82,76442.89,4.58,124.65,+53.85%,1400000.0,910000.0,-61.08%,25961.77,66708.11,Hydro Power,Kalanga Hydro Limited,KAHL,467.00,-0.40%,4282993.22,4300337.9,-14.04%,2857031.45,3323629.79,+24.94%,512008.32,409811.93,-3.71%,+37.47%,ok,skipped,0,,,,,,,,,,,,,,,0,,,,,,,,,,,,,,,,,,,,,,,2026-10-02 03:46,0.0368,2.0036
KBL,+7.09%,-10.00%,+32.61%,28.17,21.24,+7.74%,170.8,158.53,+0.49%,28.17,+29.14%,12013083.6,9302222.93,59.01 Ar,+6.64%,+76.81%,7387197.91,4178048.41,1.32,7.99,0.00%,26225861.34,26225861.34,+20.97%,18568209.82,15348934.58,Commercial Banks,Kumari Bank,KBL,225.00,+3.38%,490334711.2,474306833.5,+2.96%,445540640.1,432732037.6,+31.89%,28459535.79,21578301.42,-0.44%,+19.30%,ok,skipped,0,,,,,,,,,,,,,,,0,,,,,,,,,,,,,,,,,,,,,,,2026-10-02 03:46,0.1649,9.9464
KBLD89,+9.66%,+35.00%,,,,,,,+2.27%,,,,,4.05 Ar,+7.14%,,,,,,,,,,,,Bond,11% KBL Debenture 2089,KBLD89,"1,350.00",,,,,,,,,,+2.27%,+8.35%,ok,skipped,0,,,,,,,,,,,,,,,0,,,,,,,,,,,,,,,,,,,,,,,2026-10-02 03:46,,
KBSH,-42.70%,+85.64%,-24.91%,7.46,9.93,+0.01%,130.21,130.2,+1.25%,7.46,+23.70%,30850.8,24939.99,1.08 Ar,-1.58%,+0.11%,10999.53,10986.97,6.21,108.32,0.00%,147459.68,147459.68,+0.03%,44547.38,44534.82,Hydro Power,Kutheli Bukhari Small Hydropower Limited,KBSH,808.00,-1.72%,208824.29,212479.92,-17.91%,16817.24,20485.43,+22.98%,33104.64,26918.13,+0.12%,-51.58%,ok,skipped,0,,,,,,,,,,,,,,,0,,,,,,,,,,,,,,,,,,,,,,,2026-10-02 03:46,0.0573,0.0876
KDBY,+0.12%,+57.21%,,,,,,,+1.51%,,,,,1.24 Ar,+2.85%,,,,,,,,,,,,Mutual Fund,Kumari Dhanabriddhi Yojana,KDBY,10.09,,,,,,,,,,-1.46%,+23.63%,ok,skipped,0,,,,,,,,,,,,,,,0,,,,,,,,,,,,,,,,,,,,,,,2026-10-02 03:46,,
KDL,-18.69%,+367.67%,-12.93%,9.16,10.52,+1.18%,109.21,107.94,+1.33%,9.16,+20.06%,82290.29,68539.51,3.44 Ar,-13.61%,+16.09%,57684.46,49690.53,5.25,62.57,0.00%,630000.0,630000.0,+15.98%,58012.77,50018.83,Hotels,Kalinchowk Darshan Limited,KDL,572.90,-6.61%,771970.06,826641.61,-42.74%,83957.29,146622.78,+22.84%,125872.39,102469.63,-1.23%,-32.30%,ok,skipped,0,,,,,,,,,,,,,,,0,,,,,,,,,,,,,,,,,,,,,,,2026-10-02 03:46,0.0839,0.122
KEF,-3.41%,+48.49%,,,,,,,+1.30%,,,,,93.50 Cr,-1.58%,,,,,,,,,,,,Mutual Fund,Kumari Equity Fund,KEF,9.35,,,,,,,,,,+0.21%,+13.33%,ok,skipped,0,,,,,,,,,,,,,,,0,,,,,,,,,,,,,,,,,,,,,,,2026-10-02 03:46,,
KHPL,-22.39%,+104.15%,-43.52%,1.1,1.95,-0.57%,106.31,106.91,+1.21%,1.1,0.00%,0.0,0.0,3.68 Ar,-8.39%,0.00%,6063.36,6063.36,6.29,606.84,+32.80%,550000.0,414150.0,+21.18%,34688.18,28624.81,Hydro Power,Kalinchock Hydropower Limited,KHPL,669.00,+13.81%,1373925.18,1207169.99,+3.25%,789237.0,764395.18,0.00%,0.0,0.0,-6.66%,+104.15%,ok,skipped,0,,,,,,,,,,,,,,,0,,,,,,,,,,,,,,,,,,,,,,,2026-10-02 03:46,0.0103,1.3498
KKHC,+3.14%,+36.15%,+44.35%,-3.01,-2.08,-1.94%,86.85,88.57,+0.78%,-3.01,+17.10%,101374.22,86572.44,2.54 Ar,+2.68%,+92.46%,-28013.59,-14555.21,3.14,-90.54,0.00%,931428.6,931428.6,+15.03%,-122438.36,-106438.27,Hydro Power,Khanikhola Hydropower Co. Ltd.,KKHC,272.30,-1.58%,1462386.0,1485931.46,-1.14%,653395.76,660941.13,+17.10%,101374.22,86572.44,-1.02%,+12.29%,ok,skipped,0,,,,,,,,,,,,,,,0,,,,,,,,,,,,,,,,,,,,,,,2026-10-02 03:46,-0.0347,0.8077
KMCDB,-0.49%,+13.87%,+526.34%,27.4,4.37,+15.34%,178.73,154.96,-0.73%,27.4,+41.70%,470918.78,332339.51,3.29 Ar,+5.76%,+735.13%,122883.81,14714.35,4.51,29.41,0.00%,448461.54,448461.54,+43.26%,353081.13,246454.77,Microcredit,Kalika Laghubitta Bittiya Sanstha,KMCDB,806.00,+4.55%,5785271.89,5533349.37,+3.00%,4983729.23,4838433.06,+38.74%,743476.03,535894.15,-2.66%,-14.38%,ok,skipped,0,,,,,,,,,,,,,,,0,,,,,,,,,,,,,,,,,,,,,,,2026-10-02 03:46,0.1533,6.2177
KPCL,-4.63%,+49.17%,-12.00%,11.24,12.77,+1.34%,125.18,123.52,-0.88%,11.24,+26.61%,173685.07,137181.44,4.23 Ar,+1.32%,+17.34%,104989.95,89475.51,3.62,40.3,0.00%,933949.5,933949.5,+7.06%,235167.35,219652.92,Hydro Power,Kalika Power Company,KPCL,453.00,-1.10%,1311554.7,1326155.57,+8.45%,142437.85,131333.6,+26.10%,198583.7,157485.67,-3.00%,-14.76%,ok,skipped,0,,,,,,,,,,,,,,,0,,,,,,,,,,,,,,,,,,,,,,,2026-10-02 03:46,0.0898,0.1218
KSBBL,-2.79%,+8.58%,+13.92%,23.15,20.32,+4.31%,180.07,172.63,-0.13%,23.15,+32.58%,2410802.81,1818349.36,15.76 Ar,-2.44%,+51.89%,894178.13,588698.72,2.49,19.39,0.00%,4211930.82,4211930.82,+11.71%,2742420.45,2454921.92,Development Bank,Kamana Sewa Bikas Bank Limited,KSBBL,449.00,+2.27%,75636414.33,73955199.84,+2.07%,68682063.07,67288347.11,+32.77%,5192758.29,3911201.19,+0.22%,+3.13%,ok,skipped,0,,,,,,,,,,,,,,,0,,,,,,,,,,,,,,,,,,,,,,,2026-10-02 03:46,0.1286,9.8761
KSY,-7.06%,+1.42%,,,,,,,0.00%,,,,,65.39 Cr,-1.10%,,,,,,,,,,,,Mutual Fund,Kumari Sabal Yojana,KSY,9.00,,,,,,,,,,-5.56%,+4.09%,ok,skipped,0,,,,,,,,,,,,,,,0,,,,,,,,,,,,,,,,,,,,,,,2026-10-02 03:46,,
LBBL,-1.44%,+21.46%,+13.63%,23.48,20.67,+4.05%,213.73,205.4,+0.84%,23.48,+37.58%,1997221.86,1451716.6,17.32 Ar,+2.14%,+51.51%,851015.56,561683.38,2.24,20.35,0.00%,3623678.16,3623678.16,+7.90%,4121079.55,3819393.79,Development Bank,Lumbini Bikas Bank Ltd.,LBBL,478.00,+2.79%,67937610.51,66092768.66,+2.63%,60192852.8,58649696.71,+32.91%,4598990.83,3460306.88,-1.32%,-1.44%,ok,skipped,0,,,,,,,,,,,,,,,0,,,,,,,,,,,,,,,,,,,,,,,2026-10-02 03:46,0.1099,7.7721
LEC,+18.73%,-7.70%,+87.64%,1.12,0.6,+0.89%,70.39,69.77,-0.20%,1.12,+9.74%,153905.99,140239.85,5.68 Ar,+20.14%,+150.18%,25240.95,10088.94,3.58,224.9,0.00%,2250000.0,2250000.0,-2.06%,-666125.8,-680156.13,Hydro Power,Liberty Energy Company Limited,LEC,252.30,-0.10%,5958946.97,5964946.52,-0.46%,4375072.77,4395102.65,+10.05%,174518.23,158576.96,-0.98%,+23.68%,ok,skipped,0,,,,,,,,,,,,,,,0,,,,,,,,,,,,,,,,,,,,,,,2026-10-02 03:46,0.0159,2.7623
LICN,-2.38%,+1.81%,-5.03%,7.38,7.77,+0.79%,177.87,176.47,-0.38%,7.38,+41.24%,3925372.3,2779212.69,42.90 Ar,+3.17%,+26.62%,405777.01,320467.34,5.26,105.72,0.00%,5500000.0,5500000.0,+2.97%,2656118.65,2579600.88,Life Insurance,Life Insurance Nepal,LICN,780.00,+2.59%,159304850.6,155281347.3,+2.71%,149522100.5,145575299.6,+37.64%,33469910.21,24317459.43,-2.61%,-4.29%,ok,skipped,0,,,,,,,,,,,,,,,0,,,,,,,,,,,,,,,,,,,,,,,2026-10-02 03:46,0.0415,15.2843
LLBS,-12.41%,-36.71%,+39.99%,24.2,17.29,+5.83%,204.16,192.91,-1.08%,24.2,+43.75%,506568.85,352388.42,3.61 Ar,-5.42%,+86.65%,106886.76,57265.34,4.01,33.8,0.00%,441662.1,441662.1,+12.11%,460038.82,410328.5,Microcredit,Laxmi Laghubitta Bittiya Sanstha,LLBS,818.10,+10.97%,7366455.08,6638390.03,+11.72%,6464754.16,5786399.43,+39.39%,867327.83,622229.43,-4.87%,-15.22%,ok,skipped,0,,,,,,,,,,,,,,,0,,,,,,,,,,,,,,,,,,,,,,,2026-10-02 03:46,0.1185,7.1695
LSD92,+2.73%,+2.73%,,,,,,,+1.62%,,,,,0.00,+2.73%,,,,,,,,,,,,Bond,7% Laxmi Sunrise Debenture 2092,LSD92,"1,130.00",,,,,,,,,,+2.73%,+2.73%,ok,skipped,0,,,,,,,,,,,,,,,0,,,,,,,,,,,,,,,,,,,,,,,2026-10-02 03:46,,
LSH12,-3.74%,-3.74%,,,,,,,0.00%,,,,,1.35 Ar,+1.58%,,,,,,,,,,,,Mutual Fund,LS Horizon 12,LSH12,9.00,,,,,,,,,,-0.22%,-3.74%,ok,skipped,0,,,,,,,,,,,,,,,0,,,,,,,,,,,,,,,,,,,,,,,2026-10-02 03:46,,
LSL,+17.81%,+6.13%,+14.70%,11.64,10.15,+1.11%,177.02,175.08,+1.78%,11.64,+47.13%,11588515.0,7876279.0,62.81 Ar,+17.81%,+52.94%,3117133.0,2038184.0,1.46,22.17,0.00%,26781163.0,26781163.0,+2.59%,20627015.0,20105969.0,Commercial Banks,Laxmi Sunrise Bank Limited,LSL,258.00,+4.31%,511809447.0,490645638.0,+4.65%,464401268.0,443758505.0,+39.61%,26402674.0,18911243.0,+3.20%,+24.75%,ok,skipped,0,,,,,,,,,,,,,,,0,,,,,,,,,,,,,,,,,,,,,,,2026-10-02 03:46,0.0658,9.7958
LUK,-8.82%,+38.09%,,,,,,,0.00%,,,,,60.69 Cr,-1.27%,,,,,,,,,,,,Mutual Fund,Laxmi Unnati Kosh,LUK,9.30,,,,,,,,,,-1.90%,-0.53%,ok,skipped,0,,,,,,,,,,,,,,,0,,,,,,,,,,,,,,,,,,,,,,,2026-10-02 03:46,,
LVF2,-8.50%,+9.09%,,,,,,,0.00%,,,,,73.20 Cr,-1.29%,,,,,,,,,,,,Mutual Fund,Laxmi Value Fund 2,LVF2,9.15,,,,,,,,,,+0.55%,-2.45%,ok,skipped,0,,,,,,,,,,,,,,,0,,,,,,,,,,,,,,,,,,,,,,,2026-10-02 03:46,,
MABEL,-14.47%,+60.82%,-60.18%,-1.16,-2.92,+1.01%,102.22,101.19,-0.02%,-1.16,+52.11%,74766.61,49153.94,2.17 Ar,+0.88%,-46.90%,-4485.25,-8447.32,5.5,-483.35,0.00%,385824.0,385824.0,+85.94%,8572.69,4610.54,Hydro Power,Mabilung Energy Limited,MABEL,561.90,+0.87%,1249742.38,1238974.2,+0.80%,855345.69,848539.66,+46.72%,84493.96,57587.35,-2.95%,+60.82%,ok,skipped,0,,,,,,,,,,,,,,,0,,,,,,,,,,,,,,,,,,,,,,,2026-10-02 03:46,-0.0113,2.1687
MAKAR,-14.24%,+60.39%,-32.64%,10.3,15.28,-1.01%,114.62,115.79,-0.39%,10.3,+16.48%,365370.96,313686.3,3.11 Ar,+3.02%,-10.19%,78243.93,87117.47,3.57,39.73,0.00%,760000.0,760000.0,-7.40%,111100.84,119974.39,Hydro Power,Makar Jitumaya Suri Hydropower Limited,MAKAR,409.00,-1.75%,2671316.09,2719034.23,-2.11%,1800215.25,1839059.84,+21.04%,392099.57,323952.01,-0.46%,-31.83%,ok,skipped,0,,,,,,,,,,,,,,,0,,,,,,,,,,,,,,,,,,,,,,,2026-10-02 03:46,0.0899,2.0666
MANDU,+4.00%,+111.33%,-3.77%,23.36,24.27,+2.15%,162.88,159.45,+0.81%,23.36,+35.11%,733506.24,542904.07,10.24 Ar,+14.17%,+28.31%,318551.2,248265.54,4.61,32.15,0.00%,1363637.0,1363637.0,+5.77%,857471.32,810668.96,Hydro Power,Mandu Hydropower Limited,MANDU,751.10,-1.07%,5237811.91,5294473.5,-3.32%,3016703.59,3120167.54,+38.09%,794934.7,575660.81,+1.47%,-0.77%,ok,skipped,0,,,,,,,,,,,,,,,0,,,,,,,,,,,,,,,,,,,,,,,2026-10-02 03:47,0.1434,1.3582
MATRI,-15.46%,-26.48%,+198.58%,45.13,15.11,+9.92%,145.42,132.3,-0.67%,45.13,+81.52%,754473.53,415633.6,4.53 Ar,+0.15%,+298.10%,283569.49,71230.48,4.96,15.98,0.00%,628357.34,628357.34,+40.64%,285419.21,202943.83,Microcredit,Matribhumi Lagubitta Bittiya Sanstha Limited,MATRI,721.10,-4.68%,12199645.38,12798184.9,-5.69%,11285868.83,11966883.74,+53.10%,1517898.42,991472.86,-0.83%,-28.23%,ok,skipped,0,,,,,,,,,,,,,,,0,,,,,,,,,,,,,,,,,,,,,,,2026-10-02 03:47,0.3103,12.3508
MBJC,+6.03%,+167.00%,+65.74%,2.83,1.71,+1.63%,96.25,94.7,-1.11%,2.83,+47.92%,1924680.09,1301119.82,17.62 Ar,+13.88%,+120.98%,169583.86,76741.65,3.05,103.91,0.00%,6000000.0,6000000.0,-29.19%,-225258.13,-318100.35,Hydro Power,Madhya Bhotekoshi Jalavidyut Company Limited,MBJC,293.70,-0.69%,22221943.74,22375225.49,-1.47%,16447201.89,16693326.54,+50.00%,2144669.86,1429765.01,-0.74%,-1.44%,ok,skipped,0,,,,,,,,,,,,,,,0,,,,,,,,,,,,,,,,,,,,,,,2026-10-02 03:47,0.0294,2.8481
MBL,+8.01%,-6.02%,-23.41%,14.01,18.3,-7.17%,156.01,168.05,+1.65%,14.01,+38.12%,6074927.54,4398350.26,29.27 Ar,+7.13%,+27.46%,2114120.76,1658659.81,1.61,17.98,0.00%,15086211.56,15086211.56,+2.73%,8449662.65,8224772.52,Commercial Banks,Machhapuchhre Bank,MBL,251.90,+2.84%,256391750.9,249301924.8,+3.04%,232855876.6,225990940.7,+35.38%,13720570.13,10134678.6,+1.54%,+19.74%,ok,skipped,0,,,,,,,,,,,,,,,0,,,,,,,,,,,,,,,,,,,,,,,2026-10-02 03:47,0.0898,9.8937
MBLD87,-2.04%,+9.42%,,,,,,,-2.91%,,,,,0.00,-2.91%,,,,,,,,,,,,Bond,8.5% Machhapuchchhre Debenture 2087,MBLD87,"1,094.20",,,,,,,,,,0.00%,+1.88%,ok,skipped,0,,,,,,,,,,,,,,,0,,,,,,,,,,,,,,,,,,,,,,,2026-10-02 03:47,,
MBLEF,-2.14%,+7.54%,,,,,,,+0.22%,,,,,1.11 Ar,+1.00%,,,,,,,,,,,,Mutual Fund,MBL Equity Fund,MBLEF,9.09,,,,,,,,,,-2.15%,+8.37%,ok,skipped,0,,,,,,,,,,,,,,,0,,,,,,,,,,,,,,,,,,,,,,,2026-10-02 03:47,,
MCHL,-10.20%,+7.33%,-211.24%,-1.03,0.93,+7.23%,-25.6,-23.87,-0.04%,-1.03,+28.43%,130163.56,101349.98,1.49 Ar,+10.62%,-248.32%,-5592.56,3770.52,-10.7,-265.73,0.00%,542583.3,542583.3,+1.39%,-681468.08,-672105.0,Hydro Power,Menchhiyam Hydropower Limited,MCHL,273.89,-2.14%,1331662.84,1360716.27,-1.32%,1470547.62,1490237.97,+28.24%,133051.09,103750.05,+1.52%,-46.71%,ok,skipped,0,,,,,,,,,,,,,,,0,,,,,,,,,,,,,,,,,,,,,,,2026-10-02 03:47,0.0402,-10.5883
MDB,-4.30%,+46.02%,+10.07%,11.6,10.54,+2.75%,143.2,139.36,-0.36%,11.6,+38.75%,307429.52,221577.27,6.78 Ar,+0.36%,+46.77%,141215.83,96218.8,3.89,48.01,0.00%,1217100.0,1217100.0,+9.74%,525728.62,479066.43,Development Bank,Miteri Development Bank,MDB,557.00,+3.31%,10725647.49,10381607.5,+3.42%,8982818.87,8685441.07,+36.54%,674168.89,493752.13,-0.54%,-3.99%,ok,skipped,0,,,,,,,,,,,,,,,0,,,,,,,,,,,,,,,,,,,,,,,2026-10-02 03:47,0.081,5.1542
MEHL,-22.42%,+15.47%,+40.57%,1.73,1.23,+1.66%,64.67,63.61,+0.70%,1.73,+35.43%,120429.64,88925.38,2.08 Ar,+13.45%,+87.42%,13876.19,7403.65,4.02,149.78,0.00%,800000.0,800000.0,-2.90%,-282673.26,-291121.54,Hydro Power,Manakamana Engineering Hydropower Limited,MEHL,259.80,+0.52%,1274413.33,1267844.26,-0.25%,757086.59,758965.79,+37.83%,145562.11,105612.3,+1.52%,-39.72%,ok,skipped,0,,,,,,,,,,,,,,,0,,,,,,,,,,,,,,,,,,,,,,,2026-10-02 03:47,0.0268,1.4635
MEL,-5.41%,-13.58%,-11.00%,-2.77,-3.11,-0.74%,58.19,58.62,0.00%,-2.77,+34.95%,409008.0,303072.0,6.09 Ar,+6.60%,+18.67%,-80299.0,-67668.0,3.61,-75.84,0.00%,2900000.0,2900000.0,+1.05%,-1212584.0,-1199953.0,Hydro Power,Modi Energy Limited,MEL,210.00,-1.17%,5299516.0,5362154.0,-1.37%,3612101.0,3662108.0,+35.13%,469204.0,347219.0,-1.87%,-27.06%,ok,skipped,0,,,,,,,,,,,,,,,0,,,,,,,,,,,,,,,,,,,,,,,2026-10-02 03:47,-0.0476,2.1406
MEN,+10.38%,-6.61%,+13.30%,25.52,22.52,+6.00%,150.78,142.24,+0.31%,25.52,+43.03%,1309983.84,915858.37,16.61 Ar,+3.24%,+51.06%,797043.76,527633.11,4.23,25.0,0.00%,3123258.85,3123258.85,+20.22%,1585941.17,1319224.63,Hydro Power,Mountain Energy Nepal Limited,MEN,638.00,+2.40%,7517540.45,7341283.78,-3.28%,2878046.66,2975675.88,+42.03%,1533543.69,1079737.87,-2.30%,+23.48%,ok,skipped,0,,,,,,,,,,,,,,,0,,,,,,,,,,,,,,,,,,,,,,,2026-10-02 03:47,0.1693,0.6203
MEPDL,+81.74%,+81.74%,-30.23%,10.09,14.46,-1.16%,111.38,112.69,-0.48%,10.09,+30.96%,291498.82,222582.14,5.39 Ar,+2.47%,+32.89%,86778.36,65299.49,5.63,62.14,+42.86%,860000.0,602000.0,+28.11%,97878.82,76399.96,Hydro Power,Mount Everest Power Development Limited,MEPDL,627.00,-0.14%,2277952.2,2281101.56,-17.63%,1320073.38,1602701.61,+29.31%,336953.72,260576.49,-4.13%,+81.74%,ok,skipped,0,,,,,,,,,,,,,,,0,,,,,,,,,,,,,,,,,,,,,,,2026-10-02 03:47,0.0906,1.3781
MERO,-16.64%,-33.39%,-36.46%,8.47,13.33,-1.32%,149.87,151.87,-1.48%,8.47,+44.71%,1204431.74,832311.5,8.39 Ar,-1.97%,-15.28%,125871.61,148575.61,3.94,69.79,0.00%,1486402.5,1486402.5,-3.85%,741223.07,770938.31,Microcredit,Mero Microfinance Bittiya Sanstha Ltd.,MERO,591.00,+13.14%,20713571.83,18307439.54,+15.18%,18485946.26,16050098.74,+40.19%,2023360.07,1443262.78,-2.64%,-22.40%,ok,skipped,0,,,,,,,,,,,,,,,0,,,,,,,,,,,,,,,,,,,,,,,2026-10-02 03:47,0.0565,8.2985
MFIL,-3.81%,+12.93%,+28.95%,27.85,21.6,+6.27%,193.63,182.2,+0.13%,27.85,+35.02%,924547.61,684772.75,10.14 Ar,+3.73%,+71.94%,376384.66,218910.21,3.87,26.93,0.00%,1351552.85,1351552.85,+13.90%,1265431.23,1110976.84,Finance,Manjushree Financial Institution,MFIL,749.90,+3.60%,28384631.2,27398821.73,+3.33%,25767647.12,24936292.04,+32.36%,2098685.87,1585582.01,-1.95%,+17.29%,ok,skipped,0,,,,,,,,,,,,,,,0,,,,,,,,,,,,,,,,,,,,,,,2026-10-02 03:47,0.1438,9.8463
MHCL,-15.61%,+84.40%,-30.88%,7.19,10.4,-0.70%,87.28,87.89,+1.42%,7.19,+16.18%,160659.96,138284.74,2.30 Ar,+2.14%,-7.83%,57710.06,62615.13,3.28,39.77,0.00%,802500.0,802500.0,+5.05%,-102088.1,-97183.03,Hydro Power,Molung Hydropower Company Limited,MHCL,286.00,+0.05%,1137402.64,1136803.34,+1.28%,436990.73,431486.37,+18.78%,176528.31,148618.05,-3.38%,-31.58%,ok,skipped,0,,,,,,,,,,,,,,,0,,,,,,,,,,,,,,,,,,,,,,,2026-10-02 03:47,0.0824,0.6239
MHL,-5.32%,+90.31%,+3.43%,8.76,8.47,+2.12%,115.85,113.44,-0.65%,8.76,+30.35%,108770.7,83443.7,2.88 Ar,0.00%,+37.90%,56658.89,41086.51,3.84,50.8,0.00%,646767.0,646767.0,+17.92%,102494.8,86922.42,Hydro Power,Mandakini Hydropower Limited,MHL,445.00,+11.12%,1150075.96,1034956.76,+33.04%,400814.08,301267.26,+29.91%,121708.66,93685.3,-2.63%,-8.25%,ok,skipped,0,,,,,,,,,,,,,,,0,,,,,,,,,,,,,,,,,,,,,,,2026-10-02 03:47,0.0756,0.5349
MHNL,+5.33%,-33.25%,+56.09%,12.78,8.19,+90.89%,70.11,36.73,0.00%,12.78,+78.70%,270947.54,151625.54,3.21 Ar,+11.26%,+108.12%,159720.24,76743.93,3.67,20.11,0.00%,1250000.0,1250000.0,-52.76%,-373618.26,-790907.71,Hydro Power,Mountain Hydro Nepal Limited,MHNL,257.00,+12.06%,3952949.62,3527608.57,+0.26%,3076567.88,3068516.28,+57.32%,454569.94,288943.13,+1.98%,+5.67%,ok,skipped,0,,,,,,,,,,,,,,,0,,,,,,,,,,,,,,,,,,,,,,,2026-10-02 03:47,0.1823,3.5105
MKCL,-23.28%,+365.41%,,,,,,,+2.05%,-3.49,,,,5.93 Ar,+0.83%,,,,8.16,-243.01,,,,,,,Trading,Muktinath Krishi Company Limited,MKCL,847.00,,,,,,,,,,-2.31%,-39.68%,ok,skipped,0,,,,,,,,,,,,,,,0,,,,,,,,,,,,,,,,,,,,,,,2026-10-02 03:47,,
MKHC,-16.17%,-13.01%,-59.36%,1.59,3.9,-2.18%,61.77,63.15,+0.40%,1.58,+27.77%,379439.0,296962.0,2.54 Ar,+7.63%,-45.81%,15850.0,29251.0,4.11,160.25,0.00%,1000000.0,1000000.0,+3.74%,-382281.0,-368485.0,Hydro Power,Maya Khola Hydropower Company Limited,MKHC,254.00,-0.40%,3110508.0,3123067.0,+0.05%,2492789.0,2491551.0,+27.77%,379439.0,296962.0,-3.71%,-35.63%,ok,skipped,0,,,,,,,,,,,,,,,0,,,,,,,,,,,,,,,,,,,,,,,2026-10-02 03:47,0.0256,4.0355
MKHL,+2.89%,+65.51%,+252.54%,13.83,3.92,+10.04%,114.34,103.9,-0.20%,13.83,-463.86%,-77307.33,21246.34,1.96 Ar,+3.31%,+370.05%,54236.54,11538.45,4.36,36.08,0.00%,392156.8,392156.8,+267.18%,56224.79,15312.59,Hydro Power,Mai Khola Hydropower Limited,MKHL,499.00,+31.80%,990144.06,751235.22,+57.60%,541762.47,343765.83,+51.05%,37631.9,24914.25,-1.19%,-33.02%,ok,skipped,0,,,,,,,,,,,,,,,0,,,,,,,,,,,,,,,,,,,,,,,2026-10-02 03:47,0.121,1.2083
MKJC,-26.52%,+6.21%,-88.76%,0.46,4.09,-2.50%,101.97,104.59,-1.17%,0.46,+18.78%,84936.5,71508.21,1.27 Ar,+18.64%,-85.01%,1732.66,11556.27,3.31,734.11,0.00%,376319.8,376319.8,-56.93%,7431.4,17255.01,Hydro Power,Mailung Khola Jal Vidhyut Company Limited,MKJC,338.00,-3.90%,741603.03,771674.59,-5.36%,357851.83,378099.78,+22.53%,97118.71,79260.12,+2.64%,-45.48%,ok,skipped,0,,,,,,,,,,,,,,,0,,,,,,,,,,,,,,,,,,,,,,,2026-10-02 03:47,0.0045,0.9325
MLBBL,-16.50%,+9.97%,-47.66%,20.07,38.36,-15.90%,167.93,199.67,-1.05%,20.07,+33.65%,245647.67,183796.36,2.13 Ar,+2.91%,-30.22%,51357.08,73597.29,5.67,47.42,0.00%,255843.62,255843.62,-31.85%,173788.26,255003.97,Microcredit,Mithila Laghubitta Bikas Bank,MLBBL,951.90,+8.36%,3814178.38,3520025.12,+12.47%,3384546.5,3009177.52,+33.98%,430921.95,321636.34,-2.76%,-27.22%,ok,skipped,0,,,,,,,,,,,,,,,0,,,,,,,,,,,,,,,,,,,,,,,2026-10-02 03:47,0.1195,7.8778
MLBL,-0.14%,-3.44%,+2.72%,13.96,13.59,+2.11%,165.42,162.01,-0.48%,13.96,+31.63%,2148750.76,1632402.8,15.25 Ar,+3.83%,+36.96%,629951.63,459964.15,2.15,25.42,0.00%,4511281.07,4511281.07,+5.51%,2951362.28,2797322.25,Development Bank,Mahalaxmi Bikas Bank Limited,MLBL,355.00,+3.50%,65057015.42,62858591.91,+3.68%,57594372.08,55549988.59,+31.29%,4337979.32,3304003.14,-0.34%,-3.04%,ok,skipped,0,,,,,,,,,,,,,,,0,,,,,,,,,,,,,,,,,,,,,,,2026-10-02 03:47,0.0844,7.7177
MLBS,-15.53%,+146.92%,+53.53%,24.66,16.06,-26.99%,103.1,141.2,-1.65%,24.66,+31.57%,105064.81,79853.88,1.07 Ar,-4.52%,+104.71%,26970.39,13174.85,9.52,39.8,0.00%,109375.0,109375.0,-92.49%,3385.24,45064.3,Microcredit,Manushi Laghubitta Bittiya Sanstha Limited,MLBS,981.50,+6.60%,1796542.6,1685267.29,+9.99%,1683782.35,1530827.99,+33.68%,215845.64,161459.16,-3.68%,-37.48%,ok,skipped,0,,,,,,,,,,,,,,,0,,,,,,,,,,,,,,,,,,,,,,,2026-10-02 03:47,0.2392,14.9324
MLBSL,-38.05%,-43.27%,+12.36%,37.91,33.74,-38.90%,148.7,243.39,-1.73%,37.91,+76.18%,500576.66,284131.29,2.35 Ar,+4.33%,+49.81%,82487.58,55061.51,7.27,28.51,0.00%,217562.5,217562.5,-66.03%,105956.57,311957.1,Microcredit,Mahila Lagubitta Bittiya Sanstha Limited,MLBSL,"1,081.00",-4.81%,5499813.35,5777980.71,-1.38%,5176294.28,5248461.1,+55.68%,838150.53,538363.17,-4.03%,-49.67%,ok,skipped,0,,,,,,,,,,,,,,,0,,,,,,,,,,,,,,,,,,,,,,,2026-10-02 03:47,0.2549,16.0
MMF1,-9.33%,+1.50%,,,,,,,0.00%,,,,,1.09 Ar,-2.67%,,,,,,,,,,,,Mutual Fund,Mega Mutual Fund -1,MMF1,8.75,,,,,,,,,,-2.02%,+0.11%,ok,skipped,0,,,,,,,,,,,,,,,0,,,,,,,,,,,,,,,,,,,,,,,2026-10-02 03:47,,
MMKJL,-22.48%,+42.14%,-1.36%,11.13,11.28,+2.69%,100.57,97.94,+7.58%,11.13,+31.65%,381881.0,290062.01,3.69 Ar,+6.65%,+31.52%,111282.99,84612.86,3.67,33.16,0.00%,1000000.0,1000000.0,-127.72%,5715.24,-20618.95,Hydro Power,Mathillo Mailun Khola Jalvidhyut Limited,MMKJL,369.00,+0.34%,3115892.43,3105351.68,-0.74%,2110177.19,2125970.63,+31.65%,431136.03,327496.7,+2.22%,-40.68%,ok,skipped,0,,,,,,,,,,,,,,,0,,,,,,,,,,,,,,,,,,,,,,,2026-10-02 03:47,0.1107,2.0982
MNBBL,-10.03%,-14.98%,+20.81%,18.98,15.71,+4.34%,161.82,155.09,+0.30%,18.98,+37.67%,4743849.0,3445804.0,23.33 Ar,-6.31%,+61.08%,1518362.0,942598.0,2.05,17.44,0.00%,8000389.0,8000389.0,+12.22%,4946027.0,4407606.0,Development Bank,Muktinath Bikas Bank,MNBBL,331.00,+4.61%,141062321.0,134847588.0,+4.64%,128115904.0,122439593.0,+33.77%,9696562.0,7248453.0,-1.78%,-16.91%,ok,skipped,0,,,,,,,,,,,,,,,0,,,,,,,,,,,,,,,,,,,,,,,2026-10-02 03:47,0.1173,9.8959
MNMF1,-6.57%,+1.00%,,,,,,,-2.72%,,,,,1.12 Ar,+0.61%,,,,,,,,,,,,Mutual Fund,Muktinath Mutual Fund 1,MNMF1,8.94,,,,,,,,,,-3.24%,+1.84%,ok,skipped,0,,,,,,,,,,,,,,,0,,,,,,,,,,,,,,,,,,,,,,,2026-10-02 03:47,,
MPFL,-4.13%,+100.22%,+665.63%,8.91,1.16,+2.05%,121.76,119.31,+0.12%,8.91,+58.26%,84124.05,53155.81,3.57 Ar,+0.26%,+920.85%,54347.92,5323.77,4.8,65.66,0.00%,610200.0,610200.0,+12.68%,132753.62,117811.31,Finance,Multipurpose Finance,MPFL,584.79,+3.10%,4568216.61,4430762.97,+3.31%,3825262.99,3702751.66,+40.74%,263972.65,187559.5,-0.54%,+6.48%,ok,skipped,0,,,,,,,,,,,,,,,0,,,,,,,,,,,,,,,,,,,,,,,2026-10-02 03:47,0.0732,5.1487
MSHL,-16.35%,+86.67%,-20.59%,14.55,18.32,-11.66%,118.26,133.87,-0.89%,14.55,+42.31%,253940.26,178437.4,4.01 Ar,+2.92%,+21.76%,125192.69,102817.49,4.53,36.79,+15.00%,860660.0,748400.0,-37.99%,157198.21,253506.79,Hydro Power,Mid Solu Hydropower Limited,MSHL,535.20,+0.52%,2234618.75,2223039.99,-0.36%,1216760.54,1221133.21,+41.85%,283659.87,199973.84,-2.69%,-33.83%,ok,skipped,0,,,,,,,,,,,,,,,0,,,,,,,,,,,,,,,,,,,,,,,2026-10-02 03:47,0.123,1.1954
MSLB,-2.61%,-2.04%,+18.03%,49.88,42.26,+8.34%,227.91,210.37,-0.50%,49.88,+36.26%,497435.44,365055.99,4.42 Ar,+0.34%,+57.38%,193278.21,122811.2,5.24,23.94,0.00%,387494.87,387494.87,+15.89%,495636.49,427667.34,Microcredit,Mahuli Samudayik Laghubitta Sanstha Ltd.,MSLB,"1,194.00",+3.08%,6662324.39,6463020.49,+2.33%,5779193.03,5647858.28,+36.82%,842394.56,615680.73,-1.32%,-10.71%,ok,skipped,0,,,,,,,,,,,,,,,0,,,,,,,,,,,,,,,,,,,,,,,2026-10-02 03:47,0.2189,6.544
NABBC,-7.64%,+162.86%,-18.95%,-10.25,-12.64,-10.63%,29.47,32.98,-2.05%,-10.25,+14.03%,-2799.04,-2454.69,1.87 Ar,-1.91%,+8.07%,-53796.88,-49781.51,24.19,-69.58,0.00%,524993.06,524993.06,+5.23%,-370273.82,-351872.55,Development Bank,Narayani Development Bank,NABBC,713.00,+12.50%,773549.27,687581.8,+20.29%,618830.03,514461.29,+40.07%,22877.32,16332.21,-5.16%,-5.31%,ok,skipped,0,,,,,,,,,,,,,,,0,,,,,,,,,,,,,,,,,,,,,,,2026-10-02 03:47,-0.3478,3.9997
NABIL,+7.72%,-30.52%,-12.35%,29.22,33.34,+1.63%,247.28,243.3,-0.41%,29.22,+36.52%,17009288.0,12459400.0,143.00 Ar,+5.41%,+16.87%,7905796.0,6764648.0,2.14,18.09,0.00%,32056997.0,32056997.0,+2.77%,39849568.0,38773846.0,Commercial Banks,Nabil Bank,NABIL,528.50,+2.27%,734731624.0,718429049.0,+2.35%,662825060.0,647598207.0,+33.44%,37955399.0,28443665.0,-0.61%,+11.22%,ok,skipped,0,,,,,,,,,,,,,,,0,,,,,,,,,,,,,,,,,,,,,,,2026-10-02 03:47,0.1182,9.2179
NABILD2089,-4.07%,+0.75%,,,,,,,-0.28%,,,,,0.00,-1.64%,,,,,,,,,,,,Bond,7% Nabil Debenture 2089,NABILD2089,"1,077.00",,,,,,,,,,+0.08%,+0.75%,ok,skipped,0,,,,,,,,,,,,,,,0,,,,,,,,,,,,,,,,,,,,,,,2026-10-02 03:47,,
NADEP,-5.14%,-12.36%,+65.19%,29.52,17.87,+18.06%,192.29,162.87,+2.52%,29.52,+50.02%,487144.06,324713.61,3.32 Ar,-2.28%,+120.25%,143399.1,65105.98,3.55,23.14,0.00%,485760.0,485760.0,+46.78%,448289.73,305411.65,Microcredit,Nadep Laghubitta Bittiya Sanstha Ltd.,NADEP,683.00,+4.70%,7331805.92,7002629.91,+3.00%,6397756.19,6211458.26,+42.45%,838681.74,588746.25,-1.73%,-14.62%,ok,skipped,0,,,,,,,,,,,,,,,0,,,,,,,,,,,,,,,,,,,,,,,2026-10-02 03:47,0.1535,6.8495
NBF2,-4.91%,+28.14%,,,,,,,-2.64%,,,,,1.03 Ar,-2.38%,,,,,,,,,,,,Mutual Fund,Nabil Balanced Fund 2,NBF2,9.23,,,,,,,,,,+0.22%,+1.13%,ok,skipped,0,,,,,,,,,,,,,,,0,,,,,,,,,,,,,,,,,,,,,,,2026-10-02 03:47,,
NBF3,-5.99%,+6.81%,,,,,,,0.00%,,,,,1.15 Ar,+3.08%,,,,,,,,,,,,Mutual Fund,Nabil Balanced Fund-3,NBF3,9.16,,,,,,,,,,+1.78%,+2.97%,ok,skipped,0,,,,,,,,,,,,,,,0,,,,,,,,,,,,,,,,,,,,,,,2026-10-02 03:47,,
NBL,+10.57%,-26.80%,+20.84%,30.63,25.34,+5.46%,287.7,272.79,-0.58%,30.63,+37.19%,10033060.54,7313205.86,43.05 Ar,+8.12%,+61.13%,4500199.27,2792981.92,1.02,9.57,0.00%,14694022.93,14694022.93,+8.63%,27580084.58,25390161.22,Commercial Banks,Nepal Bank,NBL,293.00,+7.47%,484453696.1,450762877.5,+7.67%,442179588.6,410678693.3,+35.54%,21953771.9,16197586.1,+0.34%,+17.43%,ok,skipped,0,,,,,,,,,,,,,,,0,,,,,,,,,,,,,,,,,,,,,,,2026-10-02 03:47,0.1065,10.4598
NBLD87,+1.46%,+10.03%,,,,,,,-1.09%,,,,,0.00,+3.30%,,,,,,,,,,,,Bond,8.5% Nepal Bank Debenture 2087,NBLD87,"1,100.30",,,,,,,,,,+0.78%,+0.85%,ok,skipped,0,,,,,,,,,,,,,,,0,,,,,,,,,,,,,,,,,,,,,,,2026-10-02 03:48,,
NESDO,-13.05%,+92.90%,-27.74%,47.03,65.09,-0.83%,285.09,287.49,-0.01%,47.03,+38.23%,295381.2,213694.41,3.90 Ar,+3.00%,-3.66%,137014.11,142216.07,4.7,28.47,0.00%,291337.5,291337.5,-1.28%,539246.77,546233.0,Microcredit,NESDO Sambridha Laghubitta Bittiye Sanstha Limited,NESDO,"1,339.00",-1.68%,4123384.82,4193832.81,-1.89%,3292800.55,3356262.3,+36.74%,527579.88,385835.33,-1.39%,-12.20%,ok,skipped,0,,,,,,,,,,,,,,,0,,,,,,,,,,,,,,,,,,,,,,,2026-10-02 03:48,0.165,3.9644
NFS,-17.75%,+43.16%,-33.81%,-8.95,-13.52,+0.64%,123.18,122.4,0.00%,-8.95,+44.68%,84066.81,58104.54,4.03 Ar,-9.09%,-11.46%,-69616.36,-78625.21,3.9,-53.65,+0.32%,778146.75,775646.75,+3.84%,180400.36,173735.52,Finance,Nepal Finance,NFS,480.00,+0.52%,5669020.72,5639436.09,+0.44%,4710473.61,4690053.83,+36.43%,337469.63,247365.06,-3.03%,-24.88%,ok,skipped,0,,,,,,,,,,,,,,,0,,,,,,,,,,,,,,,,,,,,,,,2026-10-02 03:48,-0.0727,4.9142
NGPL,-4.39%,+106.59%,-8.91%,1.27,1.39,-8.91%,138.35,151.88,+0.15%,1.27,+27.22%,118576.55,93204.6,14.69 Ar,+1.48%,+21.45%,49150.18,40469.24,2.87,313.04,0.00%,3878429.97,3878429.97,-26.09%,1487269.4,2012278.44,Hydro Power,Ngadi Group Power Ltd.,NGPL,396.70,-8.17%,6441420.7,7014584.89,-4.28%,1075721.33,1123876.47,+30.69%,138054.46,105632.08,-1.56%,+5.80%,ok,skipped,0,,,,,,,,,,,,,,,0,,,,,,,,,,,,,,,,,,,,,,,2026-10-02 03:48,0.0092,0.2005
NHDL,-0.58%,+105.05%,-16.46%,14.0,16.75,+1.06%,124.92,123.6,-1.24%,14.0,+17.42%,96176.0,81907.0,2.47 Ar,+1.68%,+11.38%,59220.0,53167.0,5.08,45.37,0.00%,423134.0,423134.0,+5.58%,105427.0,99858.0,Hydro Power,Nepal Hydro Developers Ltd.,NHDL,635.00,-2.37%,616329.0,631302.0,-18.97%,87767.0,108311.0,+19.84%,112907.0,94214.0,+0.28%,+1.70%,ok,skipped,0,,,,,,,,,,,,,,,0,,,,,,,,,,,,,,,,,,,,,,,2026-10-02 03:48,0.1121,0.166
NHPC,-1.62%,+5.85%,-189.33%,-0.93,1.04,-1.72%,95.46,97.14,+0.62%,-0.93,-22.83%,64453.24,83517.33,6.45 Ar,+3.89%,-219.11%,-22929.16,19250.98,2.74,-281.48,0.00%,2467162.92,2467162.92,+58.40%,-111890.71,-70637.92,Hydro Power,National Hydro Power,NHPC,261.60,+2.11%,3483288.15,3411425.99,+11.15%,1128015.95,1014900.99,+1.28%,137268.28,135537.34,-1.47%,+33.40%,ok,skipped,0,,,,,,,,,,,,,,,0,,,,,,,,,,,,,,,,,,,,,,,2026-10-02 03:48,-0.0097,0.4789
NIBLGF,-4.76%,+15.27%,,,,,,,+1.15%,,,,,1.16 Ar,+6.79%,,,,,,,,,,,,Mutual Fund,NIBL Growth Fund,NIBLGF,8.81,,,,,,,,,,+1.38%,+0.23%,ok,skipped,0,,,,,,,,,,,,,,,0,,,,,,,,,,,,,,,,,,,,,,,2026-10-02 03:48,,
NIBLSTF,-6.83%,-6.00%,,,,,,,-1.97%,,,,,95.60 Cr,+3.55%,,,,,,,,,,,,Mutual Fund,NIBL Stable Fund,NIBLSTF,8.46,,,,,,,,,,+0.12%,-2.20%,ok,skipped,0,,,,,,,,,,,,,,,0,,,,,,,,,,,,,,,,,,,,,,,2026-10-02 03:48,,
NIBSF2,-4.32%,+0.30%,,,,,,,+0.70%,,,,,1.29 Ar,+1.65%,,,,,,,,,,,,Mutual Fund,NIBL Samriddhi Fund -2,NIBSF2,8.63,,,,,,,,,,-1.26%,0.00%,ok,skipped,0,,,,,,,,,,,,,,,0,,,,,,,,,,,,,,,,,,,,,,,2026-10-02 03:48,,
NICA,-6.14%,-52.29%,-2.89%,1.22,1.25,-0.38%,172.32,172.97,+0.45%,1.22,+24.36%,7845055.51,6308251.64,46.75 Ar,+1.75%,+29.49%,181702.47,140324.17,1.82,257.3,0.00%,14917566.92,14917566.92,-0.90%,10787978.58,10885935.79,Commercial Banks,NIC Asia Bank,NICA,313.39,+1.97%,393878938.8,386282218.8,+2.13%,368173393.3,360478716.1,+29.99%,22732145.62,17487944.03,-0.92%,-5.09%,ok,skipped,0,,,,,,,,,,,,,,,0,,,,,,,,,,,,,,,,,,,,,,,2026-10-02 03:48,0.0071,14.3227
NICAD2091,+1.78%,+3.43%,,,,,,,+0.88%,,,,,0.00,+2.34%,,,,,,,,,,,,Bond,7% NIC ASIA Debenture 2091,NICAD2091,"1,086.00",,,,,,,,,,+0.88%,+3.43%,ok,skipped,0,,,,,,,,,,,,,,,0,,,,,,,,,,,,,,,,,,,,,,,2026-10-02 03:48,,
NICD88,+3.75%,+14.62%,,,,,,,+3.00%,,,,,0.00,+2.05%,,,,,,,,,,,,Bond,NIC ASIA Rinpatra 2088,NICD88,"1,117.50",,,,,,,,,,+3.00%,-1.80%,ok,skipped,0,,,,,,,,,,,,,,,0,,,,,,,,,,,,,,,,,,,,,,,2026-10-02 03:48,,
NICFC,-3.96%,+8.52%,,,,,,,+0.56%,,,,,91.60 Cr,+1.93%,,,,,,,,,,,,Mutual Fund,NIC Asia Flexi CAP Fund,NICFC,8.98,,,,,,,,,,+1.24%,-0.44%,ok,skipped,0,,,,,,,,,,,,,,,0,,,,,,,,,,,,,,,,,,,,,,,2026-10-02 03:48,,
NICGF2,-5.73%,-1.33%,,,,,,,-1.22%,,,,,80.36 Cr,+0.68%,,,,,,,,,,,,Mutual Fund,NIC ASIA Growth Fund-2,NICGF2,8.88,,,,,,,,,,-0.22%,+1.14%,ok,skipped,0,,,,,,,,,,,,,,,0,,,,,,,,,,,,,,,,,,,,,,,2026-10-02 03:48,,
NICL,-15.21%,+16.05%,-9.77%,5.0,5.55,+2.20%,176.85,173.04,+0.22%,5.0,+33.17%,653144.17,490475.27,11.37 Ar,+5.02%,+20.31%,127550.26,106017.18,2.21,89.11,0.00%,2548575.01,2548575.01,+25.21%,57350.73,45805.26,Non Life Insurance,Nepal Insurance,NICL,446.00,+1.80%,7669079.6,7533282.76,+1.24%,3161859.34,3123179.03,+43.34%,1557185.43,1086327.13,-2.19%,-14.81%,ok,skipped,0,,,,,,,,,,,,,,,0,,,,,,,,,,,,,,,,,,,,,,,2026-10-02 03:48,0.0283,0.7015
NICLBSL,-8.94%,-58.60%,-14.41%,7.01,8.2,-15.37%,107.77,127.35,+0.81%,7.01,+64.19%,1402290.19,854070.94,8.84 Ar,-1.93%,+14.12%,122010.75,106916.0,4.71,72.42,0.00%,1739440.0,1739440.0,-71.58%,135191.92,475713.51,Microcredit,NIC ASIA Laghubitta Bittiya Sanstha Limited,NICLBSL,508.00,+2.37%,23927205.12,23373315.17,+4.23%,22052573.19,21158161.66,+49.67%,2482128.17,1658454.33,-1.72%,-10.09%,ok,skipped,0,,,,,,,,,,,,,,,0,,,,,,,,,,,,,,,,,,,,,,,2026-10-02 03:48,0.065,11.7637
NICSF,-8.60%,+8.37%,,,,,,,+2.16%,,,,,1.06 Ar,+2.66%,,,,,,,,,,,,Mutual Fund,NIC Asia Select Fund 30,NICSF,8.50,,,,,,,,,,-1.16%,-5.76%,ok,skipped,0,,,,,,,,,,,,,,,0,,,,,,,,,,,,,,,,,,,,,,,2026-10-02 03:48,,
NIFRA,-1.21%,-13.86%,+15.12%,4.57,3.97,+1.19%,117.22,115.84,-0.53%,4.57,+33.79%,1446678.0,1081269.0,53.07 Ar,+4.51%,+53.49%,987396.0,643310.0,2.1,53.75,0.00%,21600000.0,21600000.0,+8.72%,3718738.0,3420503.0,Development Bank,Nepal Infrastructure Bank Limited,NIFRA,245.70,+1.52%,41847044.0,41222146.0,+2.02%,16528308.0,16201643.0,+34.15%,2424011.0,1806987.0,-0.86%,-4.88%,ok,skipped,0,,,,,,,,,,,,,,,0,,,,,,,,,,,,,,,,,,,,,,,2026-10-02 03:48,0.039,0.6528
NIL,-15.94%,-21.35%,+31.89%,10.4,7.89,+1.45%,226.33,223.11,-0.63%,10.4,+61.12%,1151945.17,714963.84,14.14 Ar,+0.65%,+75.85%,288321.88,163956.17,1.78,50.51,0.00%,2772278.3,2772278.3,-1.34%,365027.79,370002.08,Non Life Insurance,Neco Insurance,NIL,525.29,-1.38%,12158069.83,12327679.02,-4.22%,5883449.87,6142517.07,+50.05%,2525950.82,1683448.01,-0.85%,-8.37%,ok,skipped,0,,,,,,,,,,,,,,,0,,,,,,,,,,,,,,,,,,,,,,,2026-10-02 03:48,0.046,0.9377
NIMB,-0.52%,-44.19%,-34.52%,8.05,12.29,-1.01%,197.71,199.72,+0.52%,8.05,+35.59%,12988685.0,9579558.0,65.53 Ar,+5.38%,-12.70%,2747216.0,3146768.0,0.97,23.85,0.00%,34128595.0,34128595.0,-2.02%,33345915.0,34033347.0,Commercial Banks,Nepal Investment Bank,NIMB,192.00,-0.43%,613344229.0,616006748.0,-0.36%,545869720.0,547844806.0,+32.56%,31450071.0,23725140.0,-1.34%,-7.20%,ok,skipped,0,,,,,,,,,,,,,,,0,,,,,,,,,,,,,,,,,,,,,,,2026-10-02 03:48,0.0407,8.09
NIMBPO,-1.44%,-60.95%,,,,,,,+0.63%,8.05,,,,26.34 Ar,+3.97%,,,,0.97,23.85,,,,,,,Commercial Banks,Nepal Investment Mega Bank Promoter,NIMBPO,143.90,,,,,,,,,,-1.64%,-13.05%,ok,skipped,0,,,,,,,,,,,,,,,0,,,,,,,,,,,,,,,,,,,,,,,2026-10-02 03:48,,
NLG,-14.76%,+24.58%,+24.56%,2.17,1.74,-2.67%,166.37,170.93,-0.42%,2.17,+34.98%,658899.63,488135.12,12.90 Ar,+1.72%,+66.08%,57812.13,34810.19,2.04,232.07,0.00%,2667833.41,2667833.41,-31.41%,11700.48,17057.41,Non Life Insurance,Nlg Insurance,NLG,502.90,-7.57%,9058789.95,9801164.08,-11.84%,4620449.49,5241115.49,+40.64%,1835970.32,1305418.84,-1.78%,-24.55%,ok,skipped,0,,,,,,,,,,,,,,,0,,,,,,,,,,,,,,,,,,,,,,,2026-10-02 03:48,0.013,1.041
NLIC,-2.30%,-34.28%,-23.26%,4.91,6.4,-0.20%,126.07,126.33,+0.01%,4.91,+49.28%,7087357.8,4747672.76,65.72 Ar,+4.91%,+2.32%,465450.35,454894.36,6.71,148.26,0.00%,9480201.37,9480201.37,+2.01%,799089.55,783333.52,Life Insurance,Nepal Life Insurance,NLIC,727.90,-0.58%,292098602.3,293806885.0,-0.60%,280146657.9,281830926.2,+42.18%,74457240.27,52366736.68,-2.30%,+1.21%,ok,skipped,0,,,,,,,,,,,,,,,0,,,,,,,,,,,,,,,,,,,,,,,2026-10-02 03:48,0.0389,23.4394
NLICL,-2.25%,+7.57%,-33.28%,6.51,9.76,-2.03%,127.75,130.39,+0.33%,6.51,+37.23%,3093544.82,2254307.25,31.19 Ar,+4.13%,-11.04%,370616.53,416629.89,5.25,87.52,0.00%,5691649.33,5691649.33,-6.68%,489868.7,524930.0,Life Insurance,National Life Insurance,NLICL,569.90,+3.09%,116934116.7,113426400.7,+3.78%,109663216.1,105664789.8,+49.62%,31602301.2,21121104.69,-1.98%,+2.37%,ok,skipped,0,,,,,,,,,,,,,,,0,,,,,,,,,,,,,,,,,,,,,,,2026-10-02 03:48,0.051,15.0825
NMB,+7.26%,-20.05%,+12.00%,20.81,18.58,+3.42%,181.8,175.79,+0.47%,20.81,+27.76%,9426239.0,7378022.0,46.93 Ar,+8.35%,+49.33%,4013673.0,2687786.0,1.41,12.28,0.00%,22285041.0,22285041.0,+7.93%,15774730.0,14616280.0,Commercial Banks,NMB Bank,NMB,255.50,+5.85%,397381305.0,375401623.0,+6.15%,359321535.0,338500303.0,+31.64%,21041592.0,15984078.0,-0.62%,+12.38%,ok,skipped,0,,,,,,,,,,,,,,,0,,,,,,,,,,,,,,,,,,,,,,,2026-10-02 03:48,0.1145,9.441
NMBHF2,-4.55%,+1.14%,,,,,,,-0.89%,,,,,1.22 Ar,+2.64%,,,,,,,,,,,,Mutual Fund,NMB Hybrid Fund L- II,NMBHF2,8.93,,,,,,,,,,-0.33%,+4.66%,ok,skipped,0,,,,,,,,,,,,,,,0,,,,,,,,,,,,,,,,,,,,,,,2026-10-02 03:48,,
NMBMF,-5.82%,-34.80%,+27.05%,20.43,16.08,+5.84%,150.76,142.44,-0.32%,20.43,+44.86%,643488.2,444206.74,4.27 Ar,+0.37%,+69.40%,147401.96,87013.31,3.93,28.98,0.00%,721449.15,721449.15,+19.60%,366209.67,306187.69,Microcredit,NMB Microfinance,NMBMF,592.10,+14.30%,10059136.26,8800616.07,+15.42%,8971477.44,7772979.23,+42.65%,1034684.57,725320.69,-3.38%,-12.93%,ok,skipped,0,,,,,,,,,,,,,,,0,,,,,,,,,,,,,,,,,,,,,,,2026-10-02 03:48,0.1355,8.2484
NMFBS,+6.69%,+5.33%,+13.56%,58.59,51.59,+7.63%,279.32,259.51,+1.17%,58.59,+51.27%,2064295.0,1364659.0,15.91 Ar,+8.64%,+51.41%,891304.0,588661.0,4.28,20.4,0.00%,1521363.0,1521363.0,+12.42%,2728039.0,2426669.0,Microcredit,National Microfinance Bittiya Sanstha Ltd.,NMFBS,"1,195.00",+10.00%,34745676.0,31587115.0,+10.34%,30496274.0,27639083.0,+40.89%,3575242.0,2537532.0,-0.42%,+11.06%,ok,skipped,0,,,,,,,,,,,,,,,0,,,,,,,,,,,,,,,,,,,,,,,2026-10-02 03:48,0.2098,7.1766
NMIC,-17.51%,+139.40%,+25.27%,5.68,4.54,+6.18%,106.36,100.17,-0.26%,5.68,+128.75%,138934.08,60736.62,5.97 Ar,+2.45%,+67.02%,42610.31,25512.39,5.78,140.11,0.00%,750000.0,750000.0,"-1,174.59%",20659.9,-1922.59,Non Life Insurance,Nepal Micro Insurance Company Limited,NMIC,796.00,-8.06%,1188157.42,1292292.92,-27.83%,390469.19,541034.64,+100.75%,199253.26,99255.14,-3.14%,-29.56%,ok,skipped,0,,,,,,,,,,,,,,,0,,,,,,,,,,,,,,,,,,,,,,,2026-10-02 03:48,0.0534,0.4895
NMLBBL,-7.35%,-39.90%,+303.63%,16.88,4.18,+3.60%,186.59,180.1,+2.57%,16.88,+44.09%,1294362.5,898298.57,7.10 Ar,+5.79%,+438.18%,235901.43,43833.1,2.72,30.08,0.00%,1397764.27,1397764.27,+8.10%,1210364.75,1119638.58,Microcredit,Nerude Mirmire Laghubitta Bittiya Sanstha Limited,NMLBBL,507.70,-0.26%,20959402.87,21014686.11,-0.79%,18351273.84,18497283.26,+39.42%,2485092.19,1782447.92,-0.26%,-21.29%,ok,skipped,0,,,,,,,,,,,,,,,0,,,,,,,,,,,,,,,,,,,,,,,2026-10-02 03:48,0.0905,7.0362
NRIC,-14.94%,-16.07%,,,,,,,-0.37%,-58.02,,,,107.78 Ar,+1.01%,,,,7.35,-13.84,,,,,,,ReInsurance,Nepal Reinsurance Company Limited,NRIC,803.00,,,,,,,,,,-1.71%,-39.18%,ok,skipped,0,,,,,,,,,,,,,,,0,,,,,,,,,,,,,,,,,,,,,,,2026-10-02 03:48,,
NRM,-11.85%,+5.30%,,,,,,,+0.73%,-3.18,,,,2.81 Ar,+2.47%,,,,3.39,-91.33,,,,,,,Media,Nepal Republic Media Limited,NRM,290.00,,,,,,,,,,+0.69%,-32.24%,ok,skipped,0,,,,,,,,,,,,,,,0,,,,,,,,,,,,,,,,,,,,,,,2026-10-02 03:48,,
NRN,-3.15%,+270.72%,-21.34%,-4.32,-5.49,-1.86%,169.23,172.44,+0.14%,-4.32,+87.12%,41300.97,22072.27,17.75 Ar,+1.39%,+4.88%,-77689.18,-74072.84,8.17,-319.86,0.00%,1798121.2,1798121.2,-4.43%,1244773.04,1302531.9,Organized Fund,NRN Infrastructure and Development Limited,NRN,"1,382.00",-4.51%,3329929.58,3487139.68,-25.73%,287035.35,386486.58,+75.00%,48628.97,27788.28,-2.33%,+3.25%,ok,skipped,0,,,,,,,,,,,,,,,0,,,,,,,,,,,,,,,,,,,,,,,2026-10-02 03:48,-0.0255,0.0943
NSIF2,+2.01%,+24.57%,,,,,,,0.00%,,,,,1.23 Ar,+1.41%,,,,,,,,,,,,Mutual Fund,NMB Sulav Investment Fund - 2,NSIF2,10.09,,,,,,,,,,+0.40%,+8.76%,ok,skipped,0,,,,,,,,,,,,,,,0,,,,,,,,,,,,,,,,,,,,,,,2026-10-02 03:48,,
NSY,-6.70%,-12.22%,,,,,,,-1.00%,,,,,1.78 Ar,-1.00%,,,,,,,,,,,,Mutual Fund,Nepal Life Samriddhi Lagani Yojana,NSY,8.91,,,,,,,,,,-3.68%,-12.22%,ok,skipped,0,,,,,,,,,,,,,,,0,,,,,,,,,,,,,,,,,,,,,,,2026-10-02 03:48,,
NTC,+6.86%,+28.34%,+0.42%,46.47,46.27,+2.11%,550.88,539.51,-0.43%,46.47,+49.27%,24330301.0,16299173.0,163.10 Ar,+3.32%,+50.63%,6272997.0,4164508.0,1.64,19.5,0.00%,18000000.0,18000000.0,+2.59%,81158964.0,79111867.0,Telecom,Nepal Doorsanchar Company,NTC,906.10,+0.25%,135328493.0,134987055.0,-4.50%,36169529.0,37875189.0,+50.07%,28854894.0,19227266.0,+0.01%,+10.65%,ok,skipped,0,,,,,,,,,,,,,,,0,,,,,,,,,,,,,,,,,,,,,,,2026-10-02 03:48,0.0844,0.3648
NUBL,-5.39%,-30.73%,+69.80%,12.8,7.54,+3.15%,221.18,214.43,-0.96%,12.8,+35.14%,1884586.71,1394568.11,15.45 Ar,+3.74%,+126.41%,350980.63,155021.71,2.67,46.21,0.00%,2742683.74,2742683.74,+5.90%,3323559.95,3138320.0,Microcredit,Nirdhan Utthan Bank,NUBL,591.29,+3.63%,30551428.78,29480039.29,+3.76%,24485185.1,23599035.56,+35.86%,3678963.16,2707896.64,-2.10%,-16.98%,ok,skipped,0,,,,,,,,,,,,,,,0,,,,,,,,,,,,,,,,,,,,,,,2026-10-02 03:48,0.0579,4.0363
NWCL,-20.87%,+152.26%,,,,,,,-1.50%,-6.54,,,,3.98 Ar,-2.66%,,,,5.63,-88.62,,,,,,,Trading,Nepal Warehousing Company Limited,NWCL,579.20,,,,,,,,,,-3.79%,-30.63%,ok,skipped,0,,,,,,,,,,,,,,,0,,,,,,,,,,,,,,,,,,,,,,,2026-10-02 03:48,,
NYADI,-8.89%,+11.88%,-79.47%,2.45,11.94,-9.42%,62.55,69.05,-0.46%,2.45,-9.11%,352840.0,388185.0,5.21 Ar,+0.40%,-72.63%,40446.0,147778.0,5.55,141.72,0.00%,1650000.0,1650000.0,+21.02%,-617933.0,-510602.0,Hydro Power,Nyadi Hydropower Limited,NYADI,347.40,-3.32%,5525604.0,5715321.0,-1.80%,4493537.0,4575923.0,+6.93%,652012.0,609770.0,-1.14%,-12.05%,ok,skipped,0,,,,,,,,,,,,,,,0,,,,,,,,,,,,,,,,,,,,,,,2026-10-02 03:48,0.0392,4.3539
OHL,-8.65%,+38.44%,+21.24%,-4.01,-3.3,-0.47%,326.64,328.17,-0.32%,-4.01,+37.38%,217795.4,158537.31,7.38 Ar,+2.13%,+61.65%,-47447.15,-29351.36,1.91,-155.53,0.00%,1184494.96,1184494.96,-0.67%,2684597.71,2702693.41,Hotels,Oriental Hotels,OHL,623.00,+0.99%,6086173.8,6026554.95,+3.63%,2217081.13,2139366.58,+38.80%,1028164.49,740756.76,-2.35%,-11.38%,ok,skipped,0,,,,,,,,,,,,,,,0,,,,,,,,,,,,,,,,,,,,,,,2026-10-02 03:49,-0.0123,0.573
OMPL,-14.31%,+188.52%,-30.88%,-6.29,-9.1,+0.55%,98.04,97.5,+0.58%,-6.29,+48.28%,129459.48,87305.77,5.14 Ar,-1.51%,-7.84%,-37757.02,-40969.93,8.74,-136.17,0.00%,600000.0,600000.0,-21.46%,-11761.14,-14974.06,Manufacturing And Processing,Om Megashree Pharmaceuticals Limited,OMPL,856.90,+0.38%,1536027.3,1530153.41,+0.28%,947788.44,945127.47,+50.90%,211601.22,140229.71,-1.51%,-25.80%,ok,skipped,0,,,,,,,,,,,,,,,0,,,,,,,,,,,,,,,,,,,,,,,2026-10-02 03:49,-0.0642,1.6112
PBD85,+1.26%,+16.39%,,,,,,,0.00%,,,,,0.00,+0.01%,,,,,,,,,,,,Bond,8.75 % Prime Debenture 2085,PBD85,"1,115.00",,,,,,,,,,0.00%,+4.76%,ok,skipped,0,,,,,,,,,,,,,,,0,,,,,,,,,,,,,,,,,,,,,,,2026-10-02 03:49,,
PBD88,-6.01%,+20.51%,,,,,,,-0.42%,,,,,2.06 Ar,-0.34%,,,,,,,,,,,,Bond,10% Prime Debenture 2088,PBD88,"1,181.00",,,,,,,,,,-0.76%,-2.42%,ok,skipped,0,,,,,,,,,,,,,,,0,,,,,,,,,,,,,,,,,,,,,,,2026-10-02 03:49,,
PBD93,+10.23%,+10.23%,,,,,,,+2.82%,,,,,0.00,+10.23%,,,,,,,,,,,,Bond,6.25% Prime Bank Debenture 2093,PBD93,"1,131.00",,,,,,,,,,+6.20%,+10.23%,ok,skipped,0,,,,,,,,,,,,,,,0,,,,,,,,,,,,,,,,,,,,,,,2026-10-02 03:49,,
PBLD84,-4.28%,+5.69%,,,,,,,-0.45%,,,,,0.00,+1.39%,,,,,,,,,,,,Bond,10% Prabhu Bank Debenture 2084,PBLD84,"1,095.00",,,,,,,,,,+1.77%,-2.67%,ok,skipped,0,,,,,,,,,,,,,,,0,,,,,,,,,,,,,,,,,,,,,,,2026-10-02 03:49,,
PCBL,+11.59%,-24.51%,-0.16%,19.63,19.66,+2.64%,175.8,171.28,+1.08%,19.63,+34.66%,9212693.62,6841242.73,50.64 Ar,+11.06%,+33.12%,4112568.8,3089335.32,1.48,13.3,0.00%,20954781.77,20954781.77,+6.34%,15883611.59,14936221.84,Commercial Banks,Prime Commercial Bank,PCBL,261.00,+3.28%,336067949.3,325394310.6,+3.36%,299229555.9,289503307.0,+32.64%,21618585.43,16298745.7,+1.56%,+14.77%,ok,skipped,0,,,,,,,,,,,,,,,0,,,,,,,,,,,,,,,,,,,,,,,2026-10-02 03:49,0.1117,8.1228
PCIL,-7.17%,+87.03%,-47.66%,1.07,2.04,-0.33%,129.15,129.58,+0.15%,1.07,+33.91%,791598.34,591154.39,23.14 Ar,-0.96%,-30.22%,39992.67,57311.54,4.78,578.73,0.00%,3750000.0,3750000.0,-1.44%,1093256.57,1109240.32,Manufacturing And Processing,Palpa Cement Industries Limited,PCIL,617.20,-6.16%,10315081.0,10991929.8,-10.78%,5471824.43,6132689.48,+40.07%,4784071.92,3415397.88,-2.50%,+87.03%,ok,skipped,0,,,,,,,,,,,,,,,0,,,,,,,,,,,,,,,,,,,,,,,2026-10-02 03:49,0.0083,1.1298
PFL,-5.83%,-26.62%,+48.59%,13.37,9.0,+10.41%,70.01,63.41,+0.74%,13.37,+27.01%,176435.6,138917.36,6.45 Ar,-9.12%,+247.99%,254299.52,73077.48,4.84,25.35,+75.65%,1901468.01,1082556.61,+43.97%,-570338.3,-396158.14,Finance,Pokhara Finance,PFL,339.00,+48.41%,12079719.34,8139422.65,+44.22%,10748589.64,7453024.18,+27.43%,549439.41,431165.34,-3.42%,-14.18%,ok,skipped,0,,,,,,,,,,,,,,,0,,,,,,,,,,,,,,,,,,,,,,,2026-10-02 03:49,0.191,8.0748
PHCL,+13.12%,+26.11%,"+1,302.63%",2.23,0.16,+2.01%,102.24,100.23,+2.01%,2.23,+42.82%,703820.32,492799.51,10.90 Ar,+14.65%,"+1,770.17%",71416.57,3818.73,3.33,152.57,0.00%,3200000.0,3200000.0,+863.38%,71800.85,7453.01,Hydro Power,Peoples Hydropower Company Limited,PHCL,340.50,+0.37%,11516943.16,11474659.39,-0.27%,8245142.31,8267206.38,+39.37%,1156058.78,829478.87,+6.54%,-11.31%,ok,skipped,0,,,,,,,,,,,,,,,0,,,,,,,,,,,,,,,,,,,,,,,2026-10-02 03:49,0.0218,2.5201
PMHPL,-6.25%,+4.17%,-39.10%,6.07,9.97,-1.66%,83.39,84.8,-0.66%,6.07,+16.29%,295875.8,254426.7,3.30 Ar,+1.69%,-18.79%,66795.76,82255.25,3.6,49.4,0.00%,1100000.0,1100000.0,+9.24%,-182682.34,-167222.85,Hydro Power,Panchakanya Mai Hydropower,PMHPL,300.00,-1.24%,2484348.93,2515477.79,-0.99%,1567031.27,1582700.63,+19.04%,347144.36,291624.73,-2.91%,-3.85%,ok,skipped,0,,,,,,,,,,,,,,,0,,,,,,,,,,,,,,,,,,,,,,,2026-10-02 03:49,0.0728,1.7083
PMLI,-8.45%,+1.83%,+2.41%,7.08,6.91,+0.84%,116.58,115.6,-0.64%,7.08,+77.62%,1292577.74,727730.7,21.40 Ar,+4.04%,+36.54%,375593.04,275070.86,3.88,59.25,0.00%,5307793.92,5307793.92,+28.93%,428240.52,332145.55,Life Insurance,Prabhu Mahalaxmi Life Insurance Limited,PMLI,419.30,+6.92%,25758666.25,24092278.16,+8.99%,19571029.74,17956413.8,+47.77%,7474220.66,5057929.88,-0.87%,-8.16%,ok,skipped,0,,,,,,,,,,,,,,,0,,,,,,,,,,,,,,,,,,,,,,,2026-10-02 03:49,0.0607,3.1629
PMLIP,-9.02%,-17.44%,,,,,,,0.00%,,,,,9.97 Ar,0.00%,,,,,,,,,,,,Life Insurance,Prabhu Mahalaxmi Life Insurance Limited Promotor,PMLIP,232.00,,,,,,,,,,0.00%,-14.07%,ok,skipped,0,,,,,,,,,,,,,,,0,,,,,,,,,,,,,,,,,,,,,,,2026-10-02 03:49,,
PPCL,-7.24%,-13.14%,+6.11%,8.85,8.34,+2.70%,98.65,96.06,+0.60%,8.85,+33.61%,338965.86,253691.2,3.21 Ar,+0.91%,+41.48%,85163.28,60193.88,3.38,37.64,0.00%,962500.0,962500.0,-65.78%,-12991.95,-37961.36,Hydro Power,Panchthar Power Company Ltd.,PPCL,333.00,+0.44%,2877749.22,2865238.85,-0.64%,1928241.17,1940700.21,+30.61%,377816.87,289281.17,-0.60%,+4.65%,ok,skipped,0,,,,,,,,,,,,,,,0,,,,,,,,,,,,,,,,,,,,,,,2026-10-02 03:49,0.0897,2.0308
PPL,-2.96%,+59.52%,-9.52%,-2.29,-2.53,-0.38%,102.59,102.98,+2.23%,-2.29,+217.51%,75808.0,23876.0,3.08 Ar,+8.37%,+20.64%,-21763.0,-18040.0,3.17,-141.75,0.00%,948900.0,948900.0,-13.17%,24545.0,28268.0,Hydro Power,Peoples Power Limited,PPL,325.10,-0.60%,974853.0,980756.0,-60.71%,1410.0,3589.0,+67.71%,89890.0,53598.0,+0.06%,+8.29%,ok,skipped,0,,,,,,,,,,,,,,,0,,,,,,,,,,,,,,,,,,,,,,,2026-10-02 03:49,-0.0223,0.0014
PRIN,-14.62%,+27.13%,-19.62%,13.33,16.58,-7.90%,193.0,209.55,0.00%,13.33,+29.53%,725459.09,560086.85,10.04 Ar,+0.87%,+16.49%,246443.35,211555.53,2.09,44.26,+8.70%,1848939.09,1700955.92,-58.19%,104151.54,249124.55,Non Life Insurance,Prabhu Insurance,PRIN,590.00,-3.15%,7437160.11,7678897.48,-5.98%,3868676.79,4114601.89,+35.44%,1008333.2,744488.18,-0.34%,-6.45%,ok,skipped,0,,,,,,,,,,,,,,,0,,,,,,,,,,,,,,,,,,,,,,,2026-10-02 03:49,0.0691,1.0841
PROFL,-12.07%,+18.81%,-252.07%,5.92,-3.89,+11.71%,83.84,75.05,+0.26%,5.92,+37.42%,193683.59,140944.24,3.30 Ar,+2.93%,-302.76%,50169.59,-24743.25,4.6,65.25,0.00%,848106.0,848106.0,-35.22%,-137044.2,-211565.55,Finance,Progressive Finance,PROFL,386.00,+2.98%,8899819.29,8642470.12,+2.28%,8188757.49,8005929.68,+34.29%,541990.32,403602.17,-1.28%,-19.58%,ok,skipped,0,,,,,,,,,,,,,,,0,,,,,,,,,,,,,,,,,,,,,,,2026-10-02 03:49,0.0706,11.5162
PRSF,+3.13%,+57.96%,,,,,,,+1.26%,,,,,1.20 Ar,+3.54%,,,,,,,,,,,,Mutual Fund,Prabhu Smart Fund,PRSF,12.03,,,,,,,,,,+1.69%,+29.93%,ok,skipped,0,,,,,,,,,,,,,,,0,,,,,,,,,,,,,,,,,,,,,,,2026-10-02 03:49,,
PRVU,-2.35%,-42.57%,-121.25%,-1.02,4.82,-3.65%,140.92,146.26,+0.92%,-1.02,+29.02%,9265782.0,7181924.0,44.02 Ar,+5.77%,-128.33%,-241244.0,851523.0,1.33,-182.49,0.00%,23542490.0,23542490.0,-11.54%,9633511.0,10890798.0,Commercial Banks,Prabhu Bank,PRVU,187.00,+2.52%,412087634.0,401941268.0,+3.10%,378911634.0,367507981.0,+30.66%,21976924.0,16819667.0,-0.16%,-9.00%,ok,skipped,0,,,,,,,,,,,,,,,0,,,,,,,,,,,,,,,,,,,,,,,2026-10-02 03:49,-0.0072,11.4213
PSF,+0.66%,+71.58%,,,,,,,+0.74%,,,,,1.36 Ar,-0.18%,,,,,,,,,,,,Mutual Fund,Prabhu Select Fund,PSF,10.90,,,,,,,,,,+0.37%,+15.29%,ok,skipped,0,,,,,,,,,,,,,,,0,,,,,,,,,,,,,,,,,,,,,,,2026-10-02 03:49,,
PURE,-6.77%,+147.27%,+62.01%,3.16,1.95,+1.67%,103.64,101.94,-0.99%,3.16,+40.08%,233447.73,166658.17,6.29 Ar,+3.12%,+116.02%,25301.75,11712.93,7.59,248.77,0.00%,800000.0,800000.0,+87.38%,29139.65,15550.83,Hydro Power,Pure Energy Limited,PURE,786.80,-1.06%,2345425.5,2370587.02,-2.49%,1516285.85,1555036.19,+39.90%,247616.83,176991.3,-3.70%,+1.52%,ok,skipped,0,,,,,,,,,,,,,,,0,,,,,,,,,,,,,,,,,,,,,,,2026-10-02 03:49,0.0305,1.8287
RADHI,-1.26%,+180.34%,-15.90%,19.75,23.49,-3.47%,170.14,176.26,-0.99%,19.75,+23.86%,101704.87,82113.99,13.11 Ar,+4.68%,+12.13%,363251.02,323942.44,4.19,36.09,0.00%,1838979.32,1838979.32,-8.03%,1289932.95,1402487.67,Hydro Power,Radhi Bidhyut Company,RADHI,712.90,-6.19%,3604241.27,3841886.62,-20.83%,475329.01,600419.63,+25.53%,137615.55,109625.7,-1.22%,+0.55%,ok,skipped,0,,,,,,,,,,,,,,,0,,,,,,,,,,,,,,,,,,,,,,,2026-10-02 03:49,0.1161,0.1519
RAWA,-8.34%,+50.26%,-12.55%,11.17,12.77,+1.88%,86.32,84.73,0.00%,11.17,+27.27%,89983.61,70702.54,1.15 Ar,+4.33%,+16.60%,31262.96,26811.95,4.77,36.9,0.00%,280000.0,280000.0,-10.41%,-38293.21,-42744.22,Hydro Power,Rawa Energy Development Limited,RAWA,412.00,-0.46%,652219.49,655252.27,-1.79%,410512.7,417996.49,+29.53%,104782.96,80893.57,-0.96%,-43.81%,ok,skipped,0,,,,,,,,,,,,,,,0,,,,,,,,,,,,,,,,,,,,,,,2026-10-02 03:49,0.1294,1.6984
RBBD2088,+4.44%,+12.31%,,,,,,,+3.08%,,,,,0.00,+4.55%,,,,,,,,,,,,Bond,7% RBBL Debenture 2088,RBBD2088,"1,103.00",,,,,,,,,,+3.08%,+3.28%,ok,skipped,0,,,,,,,,,,,,,,,0,,,,,,,,,,,,,,,,,,,,,,,2026-10-02 03:49,,
RBBF40,-1.42%,-4.56%,,,,,,,+1.01%,,,,,1.13 Ar,-0.44%,,,,,,,,,,,,Mutual Fund,RBB Focus 40,RBBF40,9.00,,,,,,,,,,+0.56%,-4.56%,ok,skipped,0,,,,,,,,,,,,,,,0,,,,,,,,,,,,,,,,,,,,,,,2026-10-02 03:49,,
RBCL,-4.76%,-18.82%,-10.60%,129.18,144.49,-1.79%,6407.05,6524.1,-1.42%,129.18,+34.46%,729925.21,542844.44,36.80 Ar,+2.23%,+19.20%,344437.91,288953.4,5.32,106.84,0.00%,266639.06,266639.06,-0.26%,2595584.48,2602479.76,Non Life Insurance,Rastriya Beema,RBCL,"13,801.00",-2.39%,24814700.71,25421466.6,-3.67%,7731005.48,8025657.65,+23.34%,912090.91,739468.46,-1.42%,-7.99%,ok,skipped,0,,,,,,,,,,,,,,,0,,,,,,,,,,,,,,,,,,,,,,,2026-10-02 03:49,0.0202,0.4525
RFPL,-4.02%,+70.22%,+52.54%,2.71,1.78,+1.16%,119.78,118.41,+0.64%,2.71,+24.25%,226908.72,182628.38,2.32 Ar,+2.82%,+103.39%,37945.5,18656.34,2.77,122.53,0.00%,1400000.0,1400000.0,+7.47%,276959.29,257717.23,Hydro Power,River Falls Power Limited,RFPL,332.10,-0.32%,2839149.67,2848256.67,-2.38%,1162190.38,1190539.43,+31.03%,264331.18,201739.78,-1.16%,-4.82%,ok,skipped,0,,,,,,,,,,,,,,,0,,,,,,,,,,,,,,,,,,,,,,,2026-10-02 03:49,0.0226,0.693
RHGCL,-4.76%,+23.19%,"-7,610.32%",-2.16,0.03,-2.28%,93.56,95.74,+0.08%,-2.16,-0.46%,60663.68,60942.65,3.19 Ar,+7.88%,"-10,113.75%",-26419.39,263.83,2.78,-120.61,0.00%,1225587.6,1225587.6,+51.21%,-78952.42,-52215.03,Hydro Power,Rapti Hydro And General Construction Limited,RHGCL,260.00,-1.50%,1769468.88,1796497.51,-0.04%,617799.38,618076.5,+10.59%,83970.77,75932.67,-1.07%,+4.17%,ok,skipped,0,,,,,,,,,,,,,,,0,,,,,,,,,,,,,,,,,,,,,,,2026-10-02 03:49,-0.0231,0.5364
RHPL,-36.36%,-50.73%,-12.52%,-21.13,-24.16,-4.32%,67.01,70.04,0.00%,-21.13,+65.27%,956167.0,578552.0,11.49 Ar,-0.41%,+16.64%,-1445890.0,-1239653.0,2.51,-7.95,0.00%,6842100.0,6842100.0,+10.09%,-2257058.0,-2050234.0,Hydro Power,Rasuwagadhi Hydropower Company Limited,RHPL,168.00,+0.26%,23554436.0,23492441.0,+1.44%,18969392.0,18700575.0,+62.87%,1266672.0,777725.0,-2.33%,-39.78%,ok,skipped,0,,,,,,,,,,,,,,,0,,,,,,,,,,,,,,,,,,,,,,,2026-10-02 03:49,-0.3153,4.1372
RIDI,+0.60%,-5.53%,-52.61%,2.02,4.26,-1.14%,102.03,103.2,-0.29%,2.02,+12.46%,293318.85,260822.07,7.85 Ar,-2.79%,-36.82%,46862.65,74171.95,3.31,167.57,0.00%,2323351.8,2323351.8,-36.72%,47062.02,74371.27,Hydro Power,Ridi Power Company Limited,RIDI,338.00,-1.66%,1101608.42,1120250.97,-1.52%,1469452.99,1492165.47,+22.28%,364781.69,298312.29,-1.46%,+46.26%,ok,skipped,0,,,,,,,,,,,,,,,0,,,,,,,,,,,,,,,,,,,,,,,2026-10-02 03:49,0.0198,-3.9948
RLEL,-13.86%,+124.52%,+15.80%,12.24,10.57,+3.32%,129.2,125.06,+3.33%,12.24,+42.70%,306273.32,214629.17,8.78 Ar,-6.22%,+54.40%,144992.24,93909.25,5.73,60.55,0.00%,1185000.0,1185000.0,+16.54%,346076.36,296947.43,Hydro Power,Ridge Line Energy Limited,RLEL,740.90,-0.27%,2667659.51,2675015.71,-4.73%,1136583.15,1193068.27,+42.42%,337237.71,236787.9,-1.49%,+124.52%,ok,skipped,0,,,,,,,,,,,,,,,0,,,,,,,,,,,,,,,,,,,,,,,2026-10-02 03:49,0.0947,0.7423
RLFL,-12.40%,+4.47%,+0.10%,4.51,4.51,+0.84%,116.78,115.8,+0.02%,4.51,+26.92%,283456.0,223334.0,4.67 Ar,-0.88%,+33.47%,50587.0,37901.0,3.56,92.24,0.00%,1121452.0,1121452.0,+6.18%,188159.0,177210.0,Finance,Reliance Finance,RLFL,416.10,+8.87%,12524051.0,11504147.0,+9.89%,11214440.0,10205485.0,+31.35%,784609.0,597327.0,-1.86%,-6.28%,ok,skipped,0,,,,,,,,,,,,,,,0,,,,,,,,,,,,,,,,,,,,,,,2026-10-02 03:49,0.0386,8.5632
RMF1,-7.26%,+19.67%,,,,,,,+0.22%,,,,,1.13 Ar,+0.15%,,,,,,,,,,,,Mutual Fund,RBB Mutual Fund 1,RMF1,9.01,,,,,,,,,,-1.24%,-0.28%,ok,skipped,0,,,,,,,,,,,,,,,0,,,,,,,,,,,,,,,,,,,,,,,2026-10-02 03:49,,
RMF2,-4.80%,+21.12%,,,,,,,+0.33%,,,,,78.01 Cr,+0.59%,,,,,,,,,,,,Mutual Fund,RBB Mutual Fund 2,RMF2,9.22,,,,,,,,,,-5.17%,+10.01%,ok,skipped,0,,,,,,,,,,,,,,,0,,,,,,,,,,,,,,,,,,,,,,,2026-10-02 03:49,,
RNLI,-3.03%,+18.12%,-7.11%,11.21,12.07,+1.59%,148.49,146.17,-0.09%,11.21,+49.80%,1624143.53,1084193.9,22.75 Ar,+7.70%,+23.85%,582602.87,470417.33,3.79,39.05,0.00%,5196800.0,5196800.0,+19.09%,813439.03,683021.34,Life Insurance,Reliable Nepal Life Insurance Limited,RNLI,437.80,+9.65%,26755295.92,24399824.83,+13.30%,19038635.31,16803889.91,+42.70%,7868951.57,5514498.89,-0.07%,-0.55%,ok,skipped,0,,,,,,,,,,,,,,,0,,,,,,,,,,,,,,,,,,,,,,,2026-10-02 03:49,0.0755,2.4672
RSDC,-4.94%,+5.33%,+57.93%,13.37,8.46,+5.64%,131.07,124.07,+0.16%,13.37,+29.75%,191542.5,147622.42,6.37 Ar,+0.33%,+110.58%,138238.25,65647.5,4.7,46.08,0.00%,1034064.42,1034064.42,+29.06%,321255.07,248923.86,Microcredit,RSDC Laghubitta Bittiya Sanstha Ltd.,RSDC,616.00,-5.17%,5668451.27,5977534.2,-8.12%,4313131.78,4694545.93,+25.51%,413915.29,329782.34,-1.91%,-0.81%,ok,skipped,0,,,,,,,,,,,,,,,0,,,,,,,,,,,,,,,,,,,,,,,2026-10-02 03:49,0.102,3.1824
RSML,-18.55%,+739.22%,+12.13%,21.0,18.73,+1.20%,503.32,497.37,+0.04%,21.0,+45.53%,1411887.71,970187.08,52.06 Ar,+1.89%,+49.51%,399029.67,266892.12,5.44,130.46,0.00%,1900000.0,1900000.0,+1.50%,7663097.2,7550066.61,Manufacturing And Processing,Reliance Spinning Mills Limited,RSML,"2,739.90",-0.11%,13993458.85,14008628.89,-2.81%,4430361.64,4558562.25,+40.15%,10486323.91,7482022.63,+0.56%,+739.22%,ok,skipped,0,,,,,,,,,,,,,,,0,,,,,,,,,,,,,,,,,,,,,,,2026-10-02 03:49,0.0417,0.4633
RSY,-1.17%,+10.49%,,,,,,,-1.80%,,,,,1.11 Ar,-1.49%,,,,,,,,,,,,Mutual Fund,Reliable Samriddhi Yojana,RSY,9.27,,,,,,,,,,-0.96%,+9.05%,ok,skipped,0,,,,,,,,,,,,,,,0,,,,,,,,,,,,,,,,,,,,,,,2026-10-02 03:49,,
RSY2,-1.99%,-1.99%,,,,,,,+0.34%,,,,,1.11 Ar,-0.90%,,,,,,,,,,,,Mutual Fund,Reliable Samriddhi Yojana -2,RSY2,8.85,,,,,,,,,,-1.34%,-1.99%,ok,skipped,0,,,,,,,,,,,,,,,0,,,,,,,,,,,,,,,,,,,,,,,2026-10-02 03:49,,
RURU,-5.45%,-19.07%,-21.52%,10.4,13.25,+0.39%,128.84,128.34,+3.06%,10.4,+10.75%,92156.69,83215.16,3.44 Ar,+6.68%,+4.64%,64909.12,62031.67,4.71,58.36,0.00%,624054.42,624054.42,+1.76%,179946.55,176826.21,Hydro Power,Ru Ru Jalbidhyut Pariyojana Limited,RURU,607.00,-1.76%,1038362.87,1057013.69,-8.50%,234361.9,256133.05,+17.56%,138735.79,118014.62,+0.50%,-8.18%,ok,skipped,0,,,,,,,,,,,,,,,0,,,,,,,,,,,,,,,,,,,,,,,2026-10-02 03:50,0.0807,0.2915
SABBL,-15.84%,+157.58%,-278.97%,1.46,-0.81,-0.22%,103.52,103.75,-0.02%,1.46,+13.79%,63436.31,55749.76,4.44 Ar,-2.30%,-338.60%,7609.91,-3189.36,8.21,583.49,0.00%,522388.0,522388.0,-6.12%,18393.81,19593.12,Development Bank,Salapa Bikas Bank Limited,SABBL,850.00,+5.87%,2186522.56,2065226.98,+8.04%,1645740.75,1523245.86,+23.67%,139536.92,112831.19,-2.41%,+157.58%,ok,skipped,0,,,,,,,,,,,,,,,0,,,,,,,,,,,,,,,,,,,,,,,2026-10-02 03:50,0.0141,3.0433
SADBL,+2.19%,+46.19%,+37.75%,23.83,17.3,+6.74%,169.5,158.79,+0.56%,23.83,+49.62%,2420107.94,1617555.56,14.01 Ar,+2.69%,+83.67%,889937.94,484531.08,2.32,16.53,0.00%,3734068.51,3734068.51,+18.21%,2595015.96,2195247.41,Development Bank,Shangrila Development Bank,SADBL,393.90,+2.94%,66042519.31,64156981.16,+2.55%,59713434.85,58227665.24,+40.37%,4774523.36,3401489.13,-2.62%,+8.13%,ok,skipped,0,,,,,,,,,,,,,,,0,,,,,,,,,,,,,,,,,,,,,,,2026-10-02 03:50,0.1406,9.4348
SAEF2,-5.05%,-5.05%,,,,,,,-0.11%,,,,,1.13 Ar,+0.22%,,,,,,,,,,,,Mutual Fund,Sanima Equity Fund-2,SAEF2,9.02,,,,,,,,,,-0.44%,-5.05%,ok,skipped,0,,,,,,,,,,,,,,,0,,,,,,,,,,,,,,,,,,,,,,,2026-10-02 03:50,,
SAGAR,+0.01%,+352.48%,+21.48%,-7.89,-6.49,-5.60%,119.96,127.08,+0.76%,-7.89,+51.67%,97482.71,64274.16,11.54 Ar,+6.00%,+61.97%,-57269.66,-35357.2,13.25,-201.56,0.00%,726000.0,726000.0,-26.27%,144931.14,196575.03,Manufacturing And Processing,Sagar Distillery Limited,SAGAR,"1,590.00",+4.15%,1538116.19,1476786.82,+20.38%,667185.06,554211.79,+111.69%,208169.27,98336.28,-1.12%,+352.48%,ok,skipped,0,,,,,,,,,,,,,,,0,,,,,,,,,,,,,,,,,,,,,,,2026-10-02 03:50,-0.0658,0.7661
SAGF,-3.24%,+23.66%,,,,,,,-0.11%,,,,,63.22 Cr,+1.02%,,,,,,,,,,,,Mutual Fund,Sanima Growth Fund,SAGF,9.40,,,,,,,,,,-0.21%,+3.89%,ok,skipped,0,,,,,,,,,,,,,,,0,,,,,,,,,,,,,,,,,,,,,,,2026-10-02 03:50,,
SAHAS,+6.83%,+102.17%,-13.81%,29.72,34.48,+2.17%,180.58,176.74,-0.15%,29.72,+19.77%,2616251.76,2184467.24,26.01 Ar,+0.44%,+14.92%,1359156.44,1182718.34,3.81,23.15,0.00%,4573800.0,4573800.0,+5.01%,3685780.09,3510079.37,Hydro Power,Sahas Urja Limited,SAHAS,688.00,-0.41%,18461051.75,18536828.26,-2.41%,10201471.66,10452948.89,+21.88%,2844534.71,2333888.93,-0.89%,+31.11%,ok,skipped,0,,,,,,,,,,,,,,,0,,,,,,,,,,,,,,,,,,,,,,,2026-10-02 03:50,0.1646,1.2351
SAIL,+6.40%,+195.00%,-33.32%,1.09,1.64,-2.41%,108.23,110.9,+1.43%,1.09,+41.36%,251275.34,177759.94,15.97 Ar,-0.43%,-11.09%,17834.22,20058.68,9.04,895.28,0.00%,1631250.0,1631250.0,-24.52%,134212.82,177814.71,Manufacturing And Processing,Shreenagar Agritech Industries Limited,SAIL,978.80,+2.05%,3055124.97,2993609.2,+8.87%,1289662.14,1184544.48,+34.90%,1835716.95,1360773.0,-1.48%,+195.00%,ok,skipped,0,,,,,,,,,,,,,,,0,,,,,,,,,,,,,,,,,,,,,,,2026-10-02 03:50,0.0101,0.7305
SALICO,-12.57%,-36.11%,+76.27%,11.94,6.77,-0.40%,232.72,233.64,-0.36%,11.94,+68.22%,1221930.55,726397.43,13.85 Ar,+0.98%,+135.03%,313096.83,133213.73,1.58,44.24,0.00%,2622638.2,2622638.2,+84.87%,347904.21,188190.97,Non Life Insurance,Sagarmatha Lumbini Insurance Co. Limited,SALICO,528.10,-15.53%,12596174.23,14912080.64,-26.09%,6492883.76,8784550.93,+54.84%,3222729.13,2081389.18,-0.92%,-11.33%,ok,skipped,0,,,,,,,,,,,,,,,0,,,,,,,,,,,,,,,,,,,,,,,2026-10-02 03:50,0.0513,1.0638
SANIMA,+5.92%,+12.10%,+13.29%,22.78,20.11,+4.56%,177.07,169.34,-0.14%,22.78,+35.50%,6991583.5,5160016.18,49.30 Ar,+4.11%,+51.06%,3550144.53,2350202.92,2.05,15.93,0.00%,15581525.41,15581525.41,+11.14%,12008730.41,10804721.36,Commercial Banks,Sanima Bank,SANIMA,363.00,+6.21%,291212798.4,274189150.39,+6.38%,263622542.6,247802903.62,+33.75%,16603839.91,12414344.73,-1.36%,+17.02%,ok,skipped,0,,,,,,,,,,,,,,,0,,,,,,,,,,,,,,,,,,,,,,,2026-10-02 03:50,0.1286,9.5549
SANVI,-17.46%,+31.68%,-9.18%,-7.72,-8.5,-1.25%,106.21,107.55,-1.89%,-7.72,+20.01%,120679.47,100558.73,4.58 Ar,-6.81%,+21.09%,-67907.26,-56079.94,4.9,-67.39,0.00%,880000.0,880000.0,-17.79%,54640.89,66468.21,Hydro Power,Sanvi Energy Limited,SANVI,520.00,+1.11%,2775793.17,2745446.33,+2.34%,1841152.27,1798978.12,+19.56%,125505.15,104973.78,-6.98%,-14.04%,ok,skipped,0,,,,,,,,,,,,,,,0,,,,,,,,,,,,,,,,,,,,,,,2026-10-02 03:50,-0.0727,1.9699
SAPDBL,-23.95%,+73.41%,+91.20%,18.04,9.43,+18.94%,86.71,72.9,+1.66%,18.04,+51.93%,233425.94,153645.22,5.01 Ar,-15.11%,+154.93%,150473.89,59024.77,6.92,33.27,0.00%,834338.43,834338.43,-50.97%,-110842.88,-226069.32,Development Bank,Saptakoshi Development Bank Ltd,SAPDBL,600.00,+6.48%,10113056.75,9498006.83,+5.62%,9389561.2,8889737.72,+42.11%,551870.51,388336.17,-0.83%,-26.46%,ok,skipped,0,,,,,,,,,,,,,,,0,,,,,,,,,,,,,,,,,,,,,,,2026-10-02 03:50,0.208,12.978
SAPIL,+307.96%,+307.96%,0.00%,5.04,0.0,0.00%,112.1,0.0,-1.62%,5.04,0.00%,71902.3,0.0,4.35 Ar,+12.33%,0.00%,17152.86,0.0,11.41,253.52,0.00%,340000.0,0.0,0.00%,41124.09,0.0,Manufacturing And Processing,Sarvottam Paints Industries Limited,SAPIL,"1,279.00",0.00%,511556.02,0.0,0.00%,97824.57,0.0,0.00%,211591.57,0.0,+4.34%,+307.96%,ok,skipped,0,,,,,,,,,,,,,,,0,,,,,,,,,,,,,,,,,,,,,,,2026-10-02 03:50,0.045,0.2364
SARBTM,+0.25%,+55.66%,-8.31%,21.2,23.12,+1.97%,199.82,195.96,+0.25%,21.2,+28.41%,2500341.23,1947195.32,40.60 Ar,+2.00%,+22.26%,1107429.39,905813.24,4.08,38.49,0.00%,5224275.0,5224275.0,+4.02%,5214618.48,5013002.33,Manufacturing And Processing,Sarbottam Cement Limited,SARBTM,816.00,+0.30%,16600292.64,16550710.06,-2.41%,6161399.16,6313432.73,+45.02%,10435478.17,7195913.37,-1.17%,+0.56%,ok,skipped,0,,,,,,,,,,,,,,,0,,,,,,,,,,,,,,,,,,,,,,,2026-10-02 03:50,0.1061,0.5902
SBCF,-6.22%,+14.58%,,,,,,,-0.86%,,,,,1.15 Ar,+1.88%,,,,,,,,,,,,Mutual Fund,Sunrise Bluechip Fund,SBCF,9.19,,,,,,,,,,+3.03%,+1.77%,ok,skipped,0,,,,,,,,,,,,,,,0,,,,,,,,,,,,,,,,,,,,,,,2026-10-02 03:50,,
SBD87,+0.55%,+13.85%,,,,,,,+2.92%,,,,,0.00,+2.92%,,,,,,,,,,,,Bond,8.5% Sanima Debenture 2087,SBD87,"1,093.00",,,,,,,,,,0.00%,-1.00%,ok,skipped,0,,,,,,,,,,,,,,,0,,,,,,,,,,,,,,,,,,,,,,,2026-10-02 03:50,,
SBI,+4.13%,+47.86%,+4.89%,18.04,17.19,+2.72%,194.73,189.57,+0.75%,18.04,+37.86%,5334310.56,3869415.72,43.92 Ar,+1.03%,+39.85%,2044330.74,1461785.73,2.07,22.34,0.00%,11335124.39,11335124.39,+5.76%,10737764.07,10152982.77,Commercial Banks,Nepal Sbi Bank,SBI,403.00,-2.51%,248357523.0,254744083.2,-2.99%,226284634.5,233255976.0,+33.94%,14481046.05,10811896.3,-0.30%,+10.47%,ok,skipped,0,,,,,,,,,,,,,,,0,,,,,,,,,,,,,,,,,,,,,,,2026-10-02 03:50,0.0926,10.2517
SBID2090,-0.33%,+5.52%,,,,,,,0.00%,,,,,0.00,+4.92%,,,,,,,,,,,,Bond,7% Nepal SBI Bank Debenture 2090,SBID2090,"1,125.00",,,,,,,,,,+0.20%,+5.52%,ok,skipped,0,,,,,,,,,,,,,,,0,,,,,,,,,,,,,,,,,,,,,,,2026-10-02 03:50,,
SBID89,-6.91%,+14.50%,,,,,,,0.00%,,,,,0.00,-1.62%,,,,,,,,,,,,Bond,9% Nepal SBI Bank Rinpatra 2089,SBID89,"1,145.00",,,,,,,,,,+0.42%,+2.23%,ok,skipped,0,,,,,,,,,,,,,,,0,,,,,,,,,,,,,,,,,,,,,,,2026-10-02 03:50,,
SBL,+17.95%,+37.79%,+31.01%,23.79,18.16,+4.23%,225.9,216.73,+0.99%,23.79,+38.63%,9051188.76,6528874.45,64.80 Ar,+12.80%,+74.67%,3519409.8,2014855.23,2.04,19.33,0.00%,18294479.2,18294479.2,+7.86%,18625719.67,17268937.88,Commercial Banks,Siddhartha Bank,SBL,459.90,+6.34%,389732817.3,366484968.2,+6.62%,352812618.4,330921551.1,+36.19%,21054091.97,15459263.84,+0.68%,+38.66%,ok,skipped,0,,,,,,,,,,,,,,,0,,,,,,,,,,,,,,,,,,,,,,,2026-10-02 03:50,0.1053,9.5561
SCB,+3.12%,+68.37%,+2.69%,28.38,27.64,+3.29%,225.77,218.59,+0.30%,28.38,+35.29%,3943296.0,2914742.0,66.38 Ar,+2.16%,+36.92%,2850211.0,2081621.0,2.93,23.29,0.00%,10042368.0,10042368.0,+6.06%,12630627.0,11909065.0,Commercial Banks,Standard Chartered Bank,SCB,661.00,+2.62%,180062722.0,175457305.0,+2.53%,157389727.0,153505870.0,+35.06%,7423825.0,5496601.0,+0.58%,+8.78%,ok,skipped,0,,,,,,,,,,,,,,,0,,,,,,,,,,,,,,,,,,,,,,,2026-10-02 03:50,0.1257,6.9417
SEF,-6.34%,+27.48%,,,,,,,-1.54%,,,,,1.44 Ar,+1.59%,,,,,,,,,,,,Mutual Fund,Siddhartha Equity Fund,SEF,9.60,,,,,,,,,,-1.03%,+3.11%,ok,skipped,0,,,,,,,,,,,,,,,0,,,,,,,,,,,,,,,,,,,,,,,2026-10-02 03:50,,
SEF2,-4.55%,-4.55%,,,,,,,-0.88%,,,,,1.13 Ar,+0.22%,,,,,,,,,,,,Mutual Fund,Siddhartha Equity Fund 2,SEF2,9.02,,,,,,,,,,-0.11%,-4.55%,ok,skipped,0,,,,,,,,,,,,,,,0,,,,,,,,,,,,,,,,,,,,,,,2026-10-02 03:50,,
SFEF,-7.64%,+11.12%,,,,,,,+0.90%,,,,,90.00 Cr,-4.26%,,,,,,,,,,,,Mutual Fund,Sunrise Focused Equity Fund,SFEF,9.00,,,,,,,,,,-1.21%,+0.76%,ok,skipped,0,,,,,,,,,,,,,,,0,,,,,,,,,,,,,,,,,,,,,,,2026-10-02 03:50,,
SFMF,-15.65%,+38.09%,,,,,,,+0.11%,,,,,78.35 Cr,-4.11%,,,,,,,,,,,,Mutual Fund,Sunrise First Mutual Fund,SFMF,9.11,,,,,,,,,,-1.51%,-8.26%,ok,skipped,0,,,,,,,,,,,,,,,0,,,,,,,,,,,,,,,,,,,,,,,2026-10-02 03:50,,
SGHC,-12.76%,-0.64%,-25.07%,11.13,14.86,-0.03%,83.65,83.67,+1.69%,11.13,+23.06%,759293.87,616992.99,4.68 Ar,+2.91%,-0.10%,177349.25,177523.61,3.51,26.41,0.00%,1593000.0,1593000.0,+0.18%,-260525.88,-260069.62,Hydro Power,Swet-Ganga Hydropower & Construction Limited,SGHC,294.00,-0.76%,6133171.4,6180067.15,-0.96%,4800697.28,4847136.77,+25.20%,847095.44,676602.13,-1.34%,-13.25%,ok,skipped,0,,,,,,,,,,,,,,,0,,,,,,,,,,,,,,,,,,,,,,,2026-10-02 03:50,0.1331,3.6028
SGHL,+37.14%,+37.14%,-23.36%,9.33,12.17,-1.68%,111.8,113.71,-0.42%,9.33,+27.66%,1052289.22,824320.17,13.45 Ar,-1.89%,+45.99%,265881.02,182122.63,4.22,50.58,+42.86%,2850000.0,1995000.0,+22.96%,336414.0,273600.24,Hydro Power,Sanigad Hydro Limited,SGHL,471.90,+0.64%,8490773.1,8436495.55,-13.92%,5309359.1,6167895.29,+34.73%,1110581.05,824320.17,-3.00%,+37.14%,ok,skipped,0,,,,,,,,,,,,,,,0,,,,,,,,,,,,,,,,,,,,,,,2026-10-02 03:50,0.0835,1.6689
SGIC,-17.90%,-22.56%,+80.83%,5.76,3.19,-3.73%,147.33,153.04,+0.81%,5.76,+60.90%,671663.05,417434.31,8.29 Ar,+0.73%,+153.17%,130039.88,51364.04,1.29,66.98,+5.00%,2257500.0,2150000.0,-48.77%,98755.62,192758.0,Non Life Insurance,Sanima GIC Insurance Limited,SGIC,385.80,-0.96%,8801176.78,8886073.29,-2.15%,5475153.7,5595725.55,+57.02%,1420279.64,904522.81,+0.18%,-18.10%,ok,skipped,0,,,,,,,,,,,,,,,0,,,,,,,,,,,,,,,,,,,,,,,2026-10-02 03:50,0.0391,1.6462
SHEL,-0.03%,+30.61%,-24.36%,6.78,8.96,-0.01%,109.81,109.82,+1.08%,6.78,+20.92%,685247.78,566696.5,8.70 Ar,+3.24%,+0.85%,206462.19,204713.1,2.73,44.23,0.00%,3045000.0,3045000.0,-0.14%,298743.25,299164.16,Hydro Power,Singati Hydro Energy Limited,SHEL,299.89,-0.81%,6405186.63,6457411.73,-1.66%,3061443.38,3113247.57,+21.35%,702206.15,578684.44,-0.79%,+9.34%,ok,skipped,0,,,,,,,,,,,,,,,0,,,,,,,,,,,,,,,,,,,,,,,2026-10-02 03:50,0.0617,0.9156
SHINE,+6.75%,+52.84%,+12.37%,23.52,20.93,+4.20%,159.49,153.05,-0.08%,23.52,+37.22%,2826703.2,2060002.35,19.34 Ar,+5.47%,+49.83%,1181279.44,788404.48,2.49,16.86,0.00%,5021972.73,5021972.73,+12.12%,2987319.8,2664387.15,Development Bank,Shine Resunga Development Bank,SHINE,396.60,+3.70%,87704410.23,84576334.32,+3.65%,79695117.7,76889974.44,+34.36%,6009961.83,4472969.44,-0.65%,+9.08%,ok,skipped,0,,,,,,,,,,,,,,,0,,,,,,,,,,,,,,,,,,,,,,,2026-10-02 03:50,0.1475,9.9503
SHINED,+2.24%,+2.27%,,,,,,,0.00%,,,,,0.00,+2.65%,,,,,,,,,,,,Bond,Shine Resunga Debenture,SHINED,"1,125.00",,,,,,,,,,0.00%,+2.27%,ok,skipped,0,,,,,,,,,,,,,,,0,,,,,,,,,,,,,,,,,,,,,,,2026-10-02 03:50,,
SHIVM,+8.39%,-31.95%,-4.98%,14.03,14.76,+1.86%,188.76,185.31,+0.07%,14.03,+36.29%,1730724.8,1269924.17,37.38 Ar,+4.74%,+26.69%,784474.15,619192.41,3.63,48.84,0.00%,5593228.71,5593228.71,+4.04%,4964337.17,4771677.43,Manufacturing And Processing,Shivam Cements Ltd,SHIVM,685.00,-0.13%,13072154.55,13088712.09,-7.68%,2514588.67,2723805.95,+38.87%,7055871.09,5080969.48,-2.42%,+21.35%,ok,skipped,0,,,,,,,,,,,,,,,0,,,,,,,,,,,,,,,,,,,,,,,2026-10-02 03:50,0.0743,0.2382
SHL,+3.62%,+219.59%,+3.65%,6.48,6.25,+6.70%,28.52,26.73,+0.14%,6.48,+35.12%,1101437.08,815168.9,52.09 Ar,+1.96%,+38.20%,761106.09,550732.62,17.87,78.71,0.00%,1175152.54,1175152.54,+10.70%,2176569.29,1966195.81,Hotels,Soaltee Hotel,SHL,509.80,+3.97%,3991535.92,3839072.93,-8.30%,639814.09,697724.58,+39.93%,3148091.7,2249778.82,-1.58%,+12.87%,ok,skipped,0,,,,,,,,,,,,,,,0,,,,,,,,,,,,,,,,,,,,,,,2026-10-02 03:50,0.2272,0.1909
SHLB,-15.25%,+28.16%,+54.30%,30.81,19.97,+5.72%,288.38,272.78,+2.58%,30.81,+50.23%,190763.56,126979.92,1.40 Ar,+1.69%,+105.74%,33700.43,16380.24,4.43,41.45,0.00%,109375.0,109375.0,+9.03%,206042.14,188976.69,Microcredit,Shrijanshil Laghubitta Bittiya Sanstha Limited,SHLB,"1,277.20",+4.71%,3160498.66,3018316.3,+4.60%,2845081.52,2719964.61,+41.19%,374288.31,265103.71,-2.65%,-31.63%,ok,skipped,0,,,,,,,,,,,,,,,0,,,,,,,,,,,,,,,,,,,,,,,2026-10-02 03:50,0.1068,9.0201
SHPC,+6.88%,+61.96%,+62.45%,7.85,4.83,+3.08%,137.5,133.39,+0.26%,7.85,+76.95%,416136.49,235167.7,19.85 Ar,+6.65%,+116.60%,293450.42,135481.53,3.86,67.64,0.00%,3737993.71,3737993.71,+12.30%,1401717.55,1248162.9,Hydro Power,Sanima Mai Hydropower,SHPC,531.00,+0.67%,5454505.27,5418007.9,-27.11%,314794.01,431851.28,+64.72%,512739.99,311275.48,-0.65%,+2.73%,ok,skipped,0,,,,,,,,,,,,,,,0,,,,,,,,,,,,,,,,,,,,,,,2026-10-02 03:50,0.0571,0.0612
SICL,-13.45%,-43.53%,+38.24%,4.19,3.03,+1.24%,191.95,189.6,-0.17%,4.19,+68.97%,1274165.46,754082.72,15.79 Ar,+2.18%,+84.33%,130089.12,70575.61,1.48,128.77,0.00%,3101567.8,3101567.8,+48.78%,79866.55,53680.61,Non Life Insurance,Shikhar Insurance,SICL,540.10,-1.06%,15257874.19,15421870.9,-2.48%,9304418.8,9541274.33,+52.01%,2957474.86,1945567.22,-2.16%,-12.01%,ok,skipped,0,,,,,,,,,,,,,,,0,,,,,,,,,,,,,,,,,,,,,,,2026-10-02 03:50,0.0218,1.5629
SIFC,-11.48%,+27.59%,+36.67%,4.62,3.38,+0.53%,139.82,139.08,-0.21%,4.62,+37.51%,228277.65,166005.04,4.78 Ar,-0.42%,+82.23%,46216.28,25360.88,3.42,103.43,0.00%,1000000.0,1000000.0,+1.89%,398213.92,390843.42,Finance,Shree Investment Finance,SIFC,478.00,+0.11%,10446716.96,10435093.8,+0.05%,9048503.04,9044250.37,+32.68%,705713.3,531898.04,-0.48%,-4.51%,ok,skipped,0,,,,,,,,,,,,,,,0,,,,,,,,,,,,,,,,,,,,,,,2026-10-02 03:50,0.033,6.4715
SIGS3,+6.93%,+65.37%,,,,,,,+0.10%,,,,,83.32 Cr,+1.87%,,,,,,,,,,,,Mutual Fund,Siddhartha Investment Growth Scheme 3,SIGS3,10.34,,,,,,,,,,-0.10%,+20.14%,ok,skipped,0,,,,,,,,,,,,,,,0,,,,,,,,,,,,,,,,,,,,,,,2026-10-02 03:51,,
SIKLES,+0.30%,+109.58%,-13.68%,14.07,16.3,+1.64%,114.13,112.28,+0.09%,14.07,+26.68%,298544.25,235666.68,4.79 Ar,+1.02%,+15.10%,137533.06,119491.51,4.94,40.05,0.00%,977500.0,977500.0,+15.03%,138097.81,120056.27,Hydro Power,Sikles Hydropower Limited,SIKLES,563.50,-0.45%,2030304.14,2039447.19,-2.89%,914706.32,941890.93,+30.57%,338841.24,259509.79,-1.83%,-8.32%,ok,skipped,0,,,,,,,,,,,,,,,0,,,,,,,,,,,,,,,,,,,,,,,2026-10-02 03:51,0.1233,0.8199
SINDU,-30.62%,+18.91%,-102.27%,0.18,-7.91,+6.11%,96.87,91.3,+10.11%,0.18,+42.54%,143564.83,100719.27,2.73 Ar,-17.80%,-103.03%,1001.55,-33073.69,5.06,2726.76,0.00%,557456.07,557456.07,-64.09%,-17424.6,-48516.74,Development Bank,Sindhu Bikash Bank,SINDU,489.90,-1.18%,6135068.74,6208492.65,-1.83%,5595037.27,5699553.32,+33.49%,391633.36,293380.01,+17.23%,-31.86%,ok,skipped,0,,,,,,,,,,,,,,,0,,,,,,,,,,,,,,,,,,,,,,,2026-10-02 03:51,0.0019,10.3606
SIPD,-13.59%,+79.18%,+16.80%,-7.73,-6.62,-2.97%,93.72,96.58,+4.14%,-7.73,+16.98%,27223.46,23271.72,5.49 Ar,-3.36%,+55.73%,-75784.4,-48664.51,5.98,-72.45,0.00%,980000.0,980000.0,+83.81%,-61564.61,-33493.07,Hydro Power,Shikhar Power Development Limited,SIPD,560.29,-1.74%,1591075.81,1619186.25,-0.01%,672640.42,672679.32,+39.97%,35674.54,25487.33,-1.68%,+79.18%,ok,skipped,0,,,,,,,,,,,,,,,0,,,,,,,,,,,,,,,,,,,,,,,2026-10-02 03:51,-0.0825,0.7324
SJCL,-11.03%,-28.61%,+185.46%,2.25,0.79,+2.02%,83.76,82.1,+1.26%,2.25,+36.02%,1403500.2,1031857.46,8.83 Ar,+0.88%,+280.61%,81978.42,21538.65,2.89,107.75,0.00%,3650000.0,3650000.0,-9.25%,-592808.9,-653248.72,Hydro Power,Sanjen Jalavidhyut Company Limited,SJCL,242.00,+0.28%,12720270.83,12685024.0,-0.26%,9663079.72,9688272.73,+37.81%,1641567.15,1191213.08,-2.38%,-17.66%,ok,skipped,0,,,,,,,,,,,,,,,0,,,,,,,,,,,,,,,,,,,,,,,2026-10-02 03:51,0.0269,3.1608
SJLIC,-1.41%,-21.81%,-13.67%,7.59,8.79,-2.24%,122.68,125.49,+0.14%,7.59,+53.83%,2214302.61,1439448.93,21.00 Ar,+5.01%,+15.10%,380219.38,330332.7,3.74,55.23,0.00%,5011947.8,5011947.8,+14.08%,609241.87,534025.02,Life Insurance,SuryaJyoti Life Insurance Company Limited,SJLIC,419.00,+8.60%,60956907.83,56130941.81,+9.96%,54808321.76,49841684.98,+47.44%,17099064.74,11597095.5,+0.96%,+1.58%,ok,skipped,0,,,,,,,,,,,,,,,0,,,,,,,,,,,,,,,,,,,,,,,2026-10-02 03:51,0.0619,8.914
SKBBL,+1.46%,+9.86%,+1.36%,13.26,13.08,+1.54%,221.76,218.4,-0.39%,13.26,+32.02%,1273970.4,964977.45,32.91 Ar,+2.97%,+35.15%,653145.93,483277.43,3.44,57.56,0.00%,4927170.08,4927170.08,+2.84%,5999545.43,5833929.2,Microcredit,Sana Kisan Bikas Bank,SKBBL,763.00,+3.33%,41996243.7,40644376.51,+3.97%,31069528.19,29883277.23,+32.79%,2088375.42,1572681.95,-0.64%,-2.08%,ok,skipped,0,,,,,,,,,,,,,,,0,,,,,,,,,,,,,,,,,,,,,,,2026-10-02 03:51,0.0598,2.8434
SKHEL,-17.76%,+157.76%,+10.11%,-4.81,-4.37,-1.67%,90.38,91.92,+0.25%,-4.81,+31.81%,201548.83,152905.16,5.56 Ar,+2.03%,+46.81%,-33191.18,-22608.47,8.92,-167.48,0.00%,689674.4,689674.4,+19.01%,-66334.15,-55737.91,Hydro Power,Suryakunda Hydro Electric Limited,SKHEL,806.00,+0.85%,2457998.96,2437335.99,+1.73%,1834658.71,1803399.5,+32.89%,228147.94,171683.76,-4.62%,+157.76%,ok,skipped,0,,,,,,,,,,,,,,,0,,,,,,,,,,,,,,,,,,,,,,,2026-10-02 03:51,-0.0532,2.9433
SKHL,-23.21%,+117.58%,+22.12%,19.1,15.64,+5.14%,145.29,138.19,+0.42%,19.1,0.00%,0.0,0.0,11.13 Ar,+0.42%,+62.83%,295976.51,181775.16,4.94,37.6,0.00%,1550000.0,1550000.0,+18.59%,701970.09,591950.58,Hydro Power,Super Khudi Hydropower Limited,SKHL,718.00,+15.56%,6397469.23,5536003.34,+22.14%,4145499.14,3394052.75,0.00%,0.0,0.0,-3.49%,+117.58%,ok,skipped,0,,,,,,,,,,,,,,,0,,,,,,,,,,,,,,,,,,,,,,,2026-10-02 03:51,0.1315,1.8408
SLBBL,+1.84%,+19.35%,+11.21%,34.8,31.3,+7.00%,171.23,160.03,+0.97%,34.8,+40.92%,758698.11,538381.84,6.46 Ar,+5.89%,+48.28%,311723.77,210230.76,4.81,23.67,0.00%,895633.63,895633.63,+18.66%,637962.23,537644.92,Microcredit,Swarojgar Laghu Bitta Bikas Bank,SLBBL,823.90,+3.99%,11863808.16,11408646.11,+3.56%,10330212.3,9975367.56,+38.03%,1413215.93,1023814.32,+0.23%,+6.21%,ok,skipped,0,,,,,,,,,,,,,,,0,,,,,,,,,,,,,,,,,,,,,,,2026-10-02 03:51,0.2032,6.7359
SLBSL,-32.03%,-18.51%,-32.82%,26.66,39.68,-5.57%,129.29,136.91,-1.12%,26.66,+25.49%,162949.25,129853.59,1.51 Ar,+2.08%,-10.43%,45534.2,50835.59,6.85,33.2,0.00%,170805.0,170805.0,-20.65%,50022.9,63038.06,Microcredit,Samudayik Laghubitta Bittiya Sanstha Limited,SLBSL,885.00,-5.97%,2230846.39,2372574.65,-6.02%,2010018.5,2138731.6,+29.22%,297850.87,230505.24,-3.49%,-39.18%,ok,skipped,0,,,,,,,,,,,,,,,0,,,,,,,,,,,,,,,,,,,,,,,2026-10-02 03:51,0.2062,9.1022
SLCF,-9.25%,+13.29%,,,,,,,-1.73%,,,,,1.09 Ar,+0.22%,,,,,,,,,,,,Mutual Fund,Sanima Large Cap Fund,SLCF,9.11,,,,,,,,,,-0.87%,-2.04%,ok,skipped,0,,,,,,,,,,,,,,,0,,,,,,,,,,,,,,,,,,,,,,,2026-10-02 03:51,,
SMATA,-9.27%,-14.98%,+8.59%,18.04,16.62,+3.98%,145.11,139.56,+0.29%,18.04,+38.25%,471860.1,341320.02,4.31 Ar,+0.74%,+44.79%,119170.18,82307.53,4.72,37.97,0.00%,660504.14,660504.14,+14.03%,297965.38,261306.4,Microcredit,Samata Gharelu Laghubitta Bittiya Sanstha Limited,SMATA,685.00,+3.33%,7373423.65,7136080.91,+3.23%,6414954.13,6214270.37,+37.46%,814820.63,592750.76,-2.14%,-21.88%,ok,skipped,0,,,,,,,,,,,,,,,0,,,,,,,,,,,,,,,,,,,,,,,2026-10-02 03:51,0.1243,6.6929
SMB,-12.32%,+71.68%,+22.13%,56.82,46.53,+11.87%,205.13,183.37,-1.64%,56.82,+37.94%,184945.86,134079.81,2.21 Ar,+4.71%,+62.84%,76184.95,46784.43,8.78,31.7,0.00%,134075.58,134075.58,+26.10%,140948.75,111778.2,Microcredit,Support Microfinance Bittiya Sanstha Ltd.,SMB,"1,801.00",+1.90%,2353888.54,2309946.02,+0.72%,2078864.21,2064092.25,+36.36%,307760.87,225702.88,-3.38%,-12.91%,ok,skipped,0,,,,,,,,,,,,,,,0,,,,,,,,,,,,,,,,,,,,,,,2026-10-02 03:51,0.277,7.5588
SMFBS,-20.92%,-10.50%,-11.05%,33.77,37.96,-8.39%,197.5,215.59,-5.33%,33.77,+35.29%,237367.98,175447.84,2.04 Ar,-1.89%,+18.61%,51819.35,43690.18,6.73,39.39,0.00%,153445.51,153445.51,-15.65%,149612.58,177374.16,Microcredit,Swabhimaan Laghubitta Bittiya Sanstha Ltd,SMFBS,"1,330.10",-3.28%,3250683.93,3361080.06,-2.73%,2947625.84,3030260.39,+34.10%,419557.35,312868.45,-4.65%,-20.40%,ok,skipped,0,,,,,,,,,,,,,,,0,,,,,,,,,,,,,,,,,,,,,,,2026-10-02 03:51,0.171,9.7263
SMH,-5.15%,+52.76%,-7.61%,9.42,10.19,+1.52%,130.95,128.99,+0.87%,9.42,+47.63%,119462.93,80918.62,2.72 Ar,+3.12%,+38.58%,37792.06,27270.74,3.88,53.98,0.00%,535000.0,535000.0,+6.78%,165598.97,155077.65,Hydro Power,Super Mai Hydropower Limited,SMH,508.40,+1.56%,1364771.69,1343849.89,+1.59%,664172.72,653772.25,+47.52%,138409.18,93826.04,-1.85%,-28.11%,ok,skipped,0,,,,,,,,,,,,,,,0,,,,,,,,,,,,,,,,,,,,,,,2026-10-02 03:51,0.0719,0.948
SMHL,+14.06%,+82.61%,+30.84%,18.4,14.06,+7.03%,119.5,111.65,+0.94%,18.4,+46.84%,1299931.55,885282.91,10.37 Ar,+2.80%,+74.46%,425993.1,244182.51,3.94,25.57,0.00%,2315250.0,2315250.0,+67.43%,451432.24,269621.7,Hydro Power,Super Madi Hydropower Limited,SMHL,470.40,-0.35%,9613485.99,9647551.38,-3.06%,6846803.75,7062679.68,+42.07%,1330432.29,936435.75,+0.09%,-33.80%,ok,skipped,0,,,,,,,,,,,,,,,0,,,,,,,,,,,,,,,,,,,,,,,2026-10-02 03:51,0.154,2.4747
SMJC,-10.11%,+24.67%,+24.08%,3.78,3.05,+1.38%,109.59,108.09,+0.37%,3.78,+16.80%,177073.93,151608.94,4.75 Ar,+1.12%,+65.44%,44387.81,26829.35,3.69,106.91,0.00%,1173200.0,1173200.0,+18.49%,112501.23,94942.77,Hydro Power,Sagarmatha Jalabidhyut Company Limited,SMJC,404.50,+5.08%,2586660.14,2461554.34,+9.01%,1300958.9,1193411.58,+28.97%,223447.15,173249.34,-1.82%,-24.81%,ok,skipped,0,,,,,,,,,,,,,,,0,,,,,,,,,,,,,,,,,,,,,,,2026-10-02 03:51,0.0345,1.0119
SMPDA,-8.94%,-34.71%,+29.03%,32.52,25.2,+8.67%,173.92,160.04,-1.38%,32.52,+48.31%,847098.48,571152.66,5.06 Ar,-0.40%,+72.03%,227902.85,132475.74,4.15,22.21,0.00%,700858.35,700858.35,+23.10%,518056.14,420825.43,Microcredit,Sampada Laghubitta Bittiya Sanstha Limited,SMPDA,722.10,-1.23%,10830454.43,10965801.95,-2.36%,9611539.94,9844118.18,+40.93%,1422209.52,1009153.77,-3.72%,-20.21%,ok,skipped,0,,,,,,,,,,,,,,,0,,,,,,,,,,,,,,,,,,,,,,,2026-10-02 03:51,0.187,7.8853
SNLI,-6.33%,+39.63%,-7.67%,7.92,8.58,+1.06%,142.88,141.38,-0.07%,7.92,+38.41%,1375901.0,994102.52,20.76 Ar,+6.48%,+23.11%,418599.55,340023.15,3.86,52.08,0.00%,5282793.6,5282793.6,+20.24%,368423.98,306409.62,Life Insurance,Sun Nepal Life Insurance Company Limited,SNLI,412.70,+6.54%,20907531.44,19623988.16,+9.91%,13359695.13,12155219.38,+45.85%,6079830.16,4168670.89,-1.97%,+0.05%,ok,skipped,0,,,,,,,,,,,,,,,0,,,,,,,,,,,,,,,,,,,,,,,2026-10-02 03:51,0.0554,1.77
SNORL,+77.83%,+170.40%,+34.11%,11.93,8.89,+4.60%,112.09,107.16,-3.99%,11.93,+54.08%,341183.78,221428.37,7.91 Ar,+7.64%,+123.52%,111818.24,50026.43,7.53,70.75,+25.00%,937500.0,750000.0,+110.98%,113360.21,53731.46,Hydro Power,Snow Rivers Limited,SNORL,843.90,+2.86%,3015430.19,2931580.22,-7.67%,1964569.99,2127848.76,+51.31%,377510.89,249500.79,-6.13%,+170.40%,ok,skipped,0,,,,,,,,,,,,,,,0,,,,,,,,,,,,,,,,,,,,,,,2026-10-02 03:51,0.1064,1.8695
SOHL,+0.96%,+90.91%,-2.64%,11.14,11.44,+1.89%,138.04,135.49,-1.25%,11.14,+30.60%,1380251.75,1056881.39,63.00 Ar,-4.40%,+29.81%,1113879.58,858102.79,4.56,56.56,0.00%,10000000.0,10000000.0,+7.21%,3804387.72,3548610.93,Hydro Power,Solu Hydropower Limited,SOHL,630.00,-22.06%,25953095.76,33297901.92,-38.49%,12148708.04,19749290.99,+24.46%,2629245.89,2112492.26,-2.33%,+90.91%,ok,skipped,0,,,,,,,,,,,,,,,0,,,,,,,,,,,,,,,,,,,,,,,2026-10-02 03:51,0.0807,0.8801
SONA,-2.33%,+33.33%,+11.82%,10.96,9.81,+1.82%,200.81,197.22,0.00%,10.96,+45.26%,1280339.82,881394.75,12.92 Ar,+3.19%,+49.09%,337147.95,226134.71,2.09,38.31,0.00%,3075050.0,3075050.0,+3.69%,3100100.91,2989715.49,Manufacturing And Processing,Sonapur Minerals And Oil Limited,SONA,420.00,+5.90%,15352901.37,14497461.3,+8.84%,9177750.16,8432695.81,+45.20%,4419490.8,3043812.17,-3.43%,-2.60%,ok,skipped,0,,,,,,,,,,,,,,,0,,,,,,,,,,,,,,,,,,,,,,,2026-10-02 03:51,0.0546,1.4862
SOPL,-25.19%,+117.72%,,,,,,,-4.04%,,,,,11.36 Ar,-9.45%,,,,,,,,,,,,Manufacturing And Processing,Sopan Pharmaceuticals Limited,SOPL,662.10,,,,,,,,,,-9.92%,+117.72%,ok,skipped,0,,,,,,,,,,,,,,,0,,,,,,,,,,,,,,,,,,,,,,,2026-10-02 03:51,,
SPC,-7.48%,+21.25%,"-1,246.48%",3.97,-0.35,+2.94%,109.88,106.74,-1.09%,3.97,+57.07%,208896.33,132998.2,1.94 Ar,+0.94%,"-1,628.64%",19848.57,-1298.44,3.54,97.89,0.00%,500000.0,500000.0,+46.63%,49399.42,33688.88,Hydro Power,Samling Power Company Limited,SPC,388.60,-0.56%,2129734.25,2141774.6,-1.73%,1580334.84,1608085.73,+53.61%,235192.15,153109.33,-2.14%,-19.89%,ok,skipped,0,,,,,,,,,,,,,,,0,,,,,,,,,,,,,,,,,,,,,,,2026-10-02 03:51,0.0361,2.8765
SPDL,-5.64%,+29.12%,+13.40%,6.05,5.33,+1.88%,109.19,107.18,+0.81%,6.05,+40.06%,213627.76,152521.47,4.21 Ar,-0.49%,+51.20%,80495.39,53236.54,3.19,57.5,0.00%,1330848.75,1330848.75,+28.02%,122256.25,95498.98,Hydro Power,Synergy Power Development Ltd.,SPDL,347.80,+1.84%,1795359.64,1762872.73,+1.70%,342254.64,336525.0,+42.03%,230469.11,162269.05,-3.09%,-7.45%,ok,skipped,0,,,,,,,,,,,,,,,0,,,,,,,,,,,,,,,,,,,,,,,2026-10-02 03:51,0.0554,0.2355
SPHL,-9.19%,+144.63%,-80.19%,1.0,5.05,-2.95%,91.84,94.63,-9.66%,1.0,+4.25%,44156.17,42354.42,1.57 Ar,+0.58%,-73.58%,3004.66,11372.97,5.71,523.19,0.00%,300000.0,300000.0,+51.98%,-24466.41,-16098.1,Hydro Power,Sayapatri Hydropower Limited,SPHL,524.00,-1.65%,508548.89,517094.16,-0.08%,233015.3,233192.26,+8.01%,50249.14,46523.37,+2.34%,-4.38%,ok,skipped,0,,,,,,,,,,,,,,,0,,,,,,,,,,,,,,,,,,,,,,,2026-10-02 03:51,0.0109,0.8457
SPIL,-13.14%,-16.47%,+510.80%,11.65,1.91,+4.08%,260.26,250.06,-0.16%,11.65,+130.79%,1311430.26,568230.87,17.06 Ar,+2.01%,+714.39%,326852.23,40134.37,1.29,52.21,0.00%,2806549.9,2806549.9,+64.75%,548278.56,332788.43,Non Life Insurance,Siddhartha Premier Insurance Limited,SPIL,608.00,-4.88%,20314929.94,21357020.33,-9.27%,13010473.81,14339072.81,+60.86%,3092178.32,1922225.74,-2.41%,-11.86%,ok,skipped,0,,,,,,,,,,,,,,,0,,,,,,,,,,,,,,,,,,,,,,,2026-10-02 03:51,0.0448,1.7812
SPL,-11.01%,+103.02%,-35.15%,5.29,8.16,+0.11%,101.23,101.11,+0.64%,5.29,+28.18%,16532.23,12897.86,1.18 Ar,-7.24%,-13.53%,10578.04,12233.32,5.85,111.89,0.00%,200000.0,200000.0,+10.27%,2451.04,2222.8,Hydro Power,Shuvam Power Limited,SPL,591.79,-1.17%,237494.83,240306.75,-7.98%,35043.79,38083.95,+30.47%,20486.45,15701.77,-0.54%,-36.37%,ok,skipped,0,,,,,,,,,,,,,,,0,,,,,,,,,,,,,,,,,,,,,,,2026-10-02 03:51,0.0523,0.1731
SRBLD83,-4.09%,-0.39%,,,,,,,-0.67%,,,,,0.00,+2.47%,,,,,,,,,,,,Bond,10.25% Sunrise Bank Debenture 2083,SRBLD83,"1,031.00",,,,,,,,,,-0.67%,-7.12%,ok,skipped,0,,,,,,,,,,,,,,,0,,,,,,,,,,,,,,,,,,,,,,,2026-10-02 03:51,,
SRLI,-3.38%,-10.32%,-15.54%,7.65,9.06,+0.86%,112.62,111.65,-0.73%,7.65,+43.51%,1400687.32,976018.97,18.51 Ar,+4.56%,+12.62%,383865.02,340858.58,3.44,48.22,0.00%,5014924.06,5014924.06,+11.46%,359883.81,322871.84,Life Insurance,Sanima Reliance Life Insurance Limited,SRLI,369.10,+7.29%,32268660.68,30077097.11,+8.76%,26621028.92,24477877.05,+44.87%,9499907.64,6557629.81,-1.26%,-1.20%,ok,skipped,0,,,,,,,,,,,,,,,0,,,,,,,,,,,,,,,,,,,,,,,2026-10-02 03:51,0.0679,4.7137
SRLIP,-5.77%,-12.11%,,,,,,,-0.81%,7.65,,,,0.00,0.00%,,,,3.28,48.22,,,,,,,Life Insurance,Sanima Reliance Life Insurance Limited Promoter Share,SRLIP,196.00,,,,,,,,,,0.00%,-2.00%,ok,skipped,0,,,,,,,,,,,,,,,0,,,,,,,,,,,,,,,,,,,,,,,2026-10-02 03:51,,
SSHL,+2.05%,-1.42%,+29.67%,-4.03,-3.11,-3.12%,52.89,54.59,+1.36%,-4.03,+16.05%,363091.89,312874.56,3.08 Ar,+8.99%,+72.90%,-119110.37,-68890.55,3.94,-51.71,0.00%,2952800.0,2952800.0,+3.75%,-1391116.22,-1340896.41,Hydro Power,Shiva Shree Hydropower Ltd,SSHL,208.60,-0.72%,4917861.5,4953418.78,+0.44%,3356177.72,3341515.19,+17.00%,375129.34,320610.66,+0.72%,+18.52%,ok,skipped,0,,,,,,,,,,,,,,,0,,,,,,,,,,,,,,,,,,,,,,,2026-10-02 03:51,-0.0762,2.1491
STC,+6.13%,+27.28%,,,,,,,-1.23%,38.83,,,,17.82 Ar,+7.26%,,,,10.94,143.09,,,,,,,Trading,Salt Trading Corporation,STC,"5,555.90",,,,,,,,,,-0.13%,+15.01%,ok,skipped,0,,,,,,,,,,,,,,,0,,,,,,,,,,,,,,,,,,,,,,,2026-10-02 03:51,,
SWASTIK,-16.22%,+332.25%,-1.05%,21.11,21.33,-7.76%,146.61,158.94,-1.62%,21.11,+24.82%,52587.21,42129.68,1.02 Ar,-3.51%,+31.93%,12191.29,9240.49,12.01,83.42,0.00%,57750.0,57750.0,-20.92%,26917.95,34037.12,Microcredit,Swastik Laghubitta Bittiya Sanstha Limited,SWASTIK,"1,761.00",+12.98%,855649.04,757323.68,+15.84%,770981.09,665536.56,+28.11%,93412.14,72913.39,-2.98%,+332.25%,ok,skipped,0,,,,,,,,,,,,,,,0,,,,,,,,,,,,,,,,,,,,,,,2026-10-02 03:51,0.144,9.1059
SWBBL,-0.98%,-16.68%,+44.03%,35.41,24.59,+6.76%,241.91,226.59,-0.70%,35.41,+46.74%,2071206.13,1411465.93,11.52 Ar,+4.21%,+92.04%,619756.39,322725.55,2.87,19.63,0.00%,1750000.0,1750000.0,+12.11%,2483509.75,2215311.35,Microcredit,Swabalamban Bikas Bank,SWBBL,695.10,+5.59%,28092868.49,26606639.95,+5.38%,23859358.75,22641328.6,+42.32%,3656323.85,2569172.06,-1.17%,-10.38%,ok,skipped,0,,,,,,,,,,,,,,,0,,,,,,,,,,,,,,,,,,,,,,,2026-10-02 03:51,0.1464,5.6358
SWMF,-2.25%,-31.58%,-13.72%,19.69,22.82,+1.59%,155.26,152.82,+0.96%,19.69,+53.08%,1011181.45,660545.98,6.72 Ar,+5.16%,+15.03%,217849.11,189376.76,3.91,30.87,0.00%,1106286.3,1106286.3,+4.61%,611329.55,584391.58,Microcredit,Suryodaya Womi Laghubitta Bittiya Sanstha Limited,SWMF,607.79,+1.32%,13210267.62,13037997.22,+1.28%,11492651.77,11347319.34,+44.66%,1745722.05,1206743.43,-1.49%,-13.54%,ok,skipped,0,,,,,,,,,,,,,,,0,,,,,,,,,,,,,,,,,,,,,,,2026-10-02 03:51,0.1268,6.691
SYPNL,+1.25%,+290.67%,+67.56%,5.16,3.08,+2.61%,111.78,108.94,+1.78%,5.16,+64.55%,295611.36,179652.52,17.97 Ar,+9.04%,+123.42%,67516.49,30219.74,12.29,266.21,0.00%,1308136.1,1308136.1,+31.87%,154148.24,116896.18,Manufacturing And Processing,SY Panel Nepal Limited,SYPNL,"1,374.00",+1.03%,1734566.35,1716943.48,-6.56%,272282.01,291410.93,+53.20%,815901.29,532575.49,+4.11%,+290.67%,ok,skipped,0,,,,,,,,,,,,,,,0,,,,,,,,,,,,,,,,,,,,,,,2026-10-02 03:51,0.0462,0.1862
TAMOR,+18.09%,+62.31%,+86.53%,18.73,10.04,+9.49%,128.83,117.67,-0.42%,18.73,+56.25%,1772759.9,1134531.53,17.55 Ar,+6.40%,+148.71%,624291.37,251016.36,4.09,28.12,0.00%,3332497.0,3332497.0,+63.16%,960859.72,588890.38,Hydro Power,Sanima Middle Tamor Hydropower Limited,TAMOR,526.70,+2.02%,14339356.98,14056020.73,-0.87%,10046000.26,10134633.34,+54.39%,2025176.1,1311728.6,-1.33%,+9.27%,ok,skipped,0,,,,,,,,,,,,,,,0,,,,,,,,,,,,,,,,,,,,,,,2026-10-02 03:52,0.1454,2.3399
TPC,-0.06%,+99.89%,+6.44%,11.17,10.49,+3.17%,103.64,100.45,+0.28%,11.17,+39.41%,124604.16,89377.58,2.87 Ar,+4.97%,+41.93%,89339.14,62947.97,3.46,32.15,0.00%,800000.0,800000.0,+708.93%,29094.41,3596.63,Hydro Power,Terhathum Power Company Limited,TPC,359.00,-1.88%,1176004.35,1198513.28,-12.16%,346909.94,394916.64,+39.99%,182612.26,130443.86,-1.64%,+10.12%,ok,skipped,0,,,,,,,,,,,,,,,0,,,,,,,,,,,,,,,,,,,,,,,2026-10-02 03:52,0.1078,0.4184
TPKHL,-21.06%,+41.45%,-43.07%,2.96,5.21,-1.53%,102.44,104.03,-0.20%,2.96,+37.08%,233612.87,170423.5,5.86 Ar,-2.11%,+17.24%,35575.68,30345.11,4.76,164.61,+54.45%,1200000.0,776933.2,-6.35%,29327.7,31315.87,Hydro Power,Taksar Pikhuwa Khola Hydropower Limited,TPKHL,488.00,+2.38%,2086644.42,2038232.19,-30.30%,857316.71,1229983.12,+29.15%,250247.77,193768.84,-2.40%,+41.45%,ok,skipped,0,,,,,,,,,,,,,,,0,,,,,,,,,,,,,,,,,,,,,,,2026-10-02 03:52,0.0289,0.6974
TRH,+4.19%,+148.62%,+265.49%,-35.97,-9.84,-19.41%,118.71,147.3,-1.26%,-35.97,-213.89%,77984.81,-68473.32,15.74 Ar,+1.56%,+387.32%,-705788.59,-144831.73,6.76,-22.3,0.00%,1962120.16,1962120.16,-60.45%,367029.61,927986.46,Hotels,Taragaon Regency Hotel,TRH,802.30,-12.21%,3601445.93,4102545.77,+4.94%,1272296.16,1212439.14,+76.98%,416221.93,235174.53,-1.43%,-4.38%,ok,skipped,0,,,,,,,,,,,,,,,0,,,,,,,,,,,,,,,,,,,,,,,2026-10-02 03:52,-0.303,0.5462
TSHL,-23.26%,+21.75%,-30.28%,-6.4,-9.18,+0.79%,61.47,60.99,-0.38%,-6.4,+118.18%,119131.66,54602.21,1.68 Ar,+3.89%,-7.04%,-31523.66,-33911.15,5.56,-53.35,0.00%,492500.0,492500.0,-1.24%,-189746.63,-192134.11,Hydro Power,Three Star Hydropower Limited,TSHL,341.50,+4.89%,1414217.91,1348289.69,+6.06%,1111464.54,1047923.79,+38.60%,135868.57,98028.85,-5.11%,-59.35%,ok,skipped,0,,,,,,,,,,,,,,,0,,,,,,,,,,,,,,,,,,,,,,,2026-10-02 03:52,-0.1041,3.6712
TTL,-10.27%,+67.12%,,,,,,,-0.74%,0.91,,,,5.49 Ar,+0.27%,,,,6.4,743.48,,,,,,,Trading,Trade Tower Limited,TTL,673.00,,,,,,,,,,-2.76%,-8.56%,ok,skipped,0,,,,,,,,,,,,,,,0,,,,,,,,,,,,,,,,,,,,,,,2026-10-02 03:52,,
TVCL,-40.21%,-1.63%,+5.01%,-7.36,-7.01,-2.69%,76.12,78.22,-1.36%,-7.36,0.00%,0.0,0.0,5.37 Ar,-14.20%,+40.01%,-131655.36,-94033.04,3.81,-39.41,0.00%,1789162.77,1789162.77,+9.66%,-427285.6,-389663.28,Hydro Power,Trishuli Jal Vidhyut Company Limited,TVCL,290.00,+7.63%,8355917.38,7763608.88,+9.90%,6994040.21,6364109.39,0.00%,0.0,0.0,-4.92%,-36.40%,ok,skipped,0,,,,,,,,,,,,,,,0,,,,,,,,,,,,,,,,,,,,,,,2026-10-02 03:52,-0.0967,5.1356
UAIL,-18.06%,-9.57%,-167.81%,2.73,-4.03,+7.60%,188.01,174.73,-0.30%,2.73,+100.35%,743980.46,371348.1,8.44 Ar,-2.61%,-190.41%,63099.83,-69790.49,1.38,133.69,0.00%,2310000.0,2310000.0,+161.76%,143910.18,54977.97,Non Life Insurance,United Ajod Insurance Limited,UAIL,365.20,+15.75%,9053967.9,7822137.16,+24.44%,4710849.31,3785778.19,+42.95%,1805210.21,1262868.41,-1.80%,-12.13%,ok,skipped,0,,,,,,,,,,,,,,,0,,,,,,,,,,,,,,,,,,,,,,,2026-10-02 03:52,0.0145,1.0847
UHEWA,-0.68%,+371.20%,+0.99%,18.91,18.72,+4.36%,119.99,114.97,+0.34%,18.91,+35.05%,252990.59,187332.96,2.93 Ar,-1.35%,+34.65%,108703.99,80728.39,4.88,31.0,0.00%,575000.0,575000.0,+33.50%,114925.46,86084.63,Hydro Power,Upper Hewakhola Hydropower Company Limited,UHEWA,586.00,+2.17%,1608019.71,1573815.51,+0.59%,918094.25,912730.87,+36.60%,261670.88,191556.86,-0.17%,+17.14%,ok,skipped,0,,,,,,,,,,,,,,,0,,,,,,,,,,,,,,,,,,,,,,,2026-10-02 03:52,0.1576,1.3307
ULBSL,-9.30%,+226.89%,+37.47%,52.93,38.5,+10.32%,305.54,276.96,+0.59%,52.93,+42.16%,215388.0,151509.0,2.70 Ar,+2.00%,+83.29%,56182.0,30652.02,8.33,48.07,0.00%,106148.2,106148.2,+16.15%,218176.59,187839.27,Microcredit,Upakar Laghubitta Bittiya Sanstha Limited,ULBSL,"2,544.00",-12.58%,2882694.2,3297432.14,-14.82%,2558369.41,3003444.68,+37.78%,379140.0,275187.0,-0.31%,-28.72%,ok,skipped,0,,,,,,,,,,,,,,,0,,,,,,,,,,,,,,,,,,,,,,,2026-10-02 03:52,0.1732,7.8883
ULHC,-18.98%,+32.58%,+427.23%,-5.69,-1.08,-5.34%,88.51,93.5,-0.57%,-5.69,+25.59%,53212.4,42369.78,1.78 Ar,+21.74%,+602.97%,-29018.59,-4127.97,3.95,-61.49,0.00%,509804.0,509804.0,+76.87%,-58594.01,-33128.39,Hydro Power,Upper Lohore Khola Hydropower Company Limited,ULHC,350.00,-2.06%,1189910.0,1214930.15,+8.23%,738700.01,682509.45,+24.19%,69820.76,56219.68,+3.24%,-23.36%,ok,skipped,0,,,,,,,,,,,,,,,0,,,,,,,,,,,,,,,,,,,,,,,2026-10-02 03:52,-0.0643,1.6372
UMHL,-4.86%,+42.24%,+5.41%,5.74,5.44,-5.10%,105.98,111.68,+0.23%,5.74,+33.26%,267858.0,201008.0,6.79 Ar,-1.46%,+50.39%,75562.0,50245.0,5.21,96.15,+7.00%,1316635.0,1230500.0,-45.22%,78735.0,143728.0,Hydro Power,United Modi Hydropower,UMHL,551.79,+1.51%,2210594.0,2177697.0,+1.51%,815584.0,803471.0,+31.44%,282985.0,215298.0,-1.29%,+9.42%,ok,skipped,0,,,,,,,,,,,,,,,0,,,,,,,,,,,,,,,,,,,,,,,2026-10-02 03:52,0.0542,0.5846
UMRH,-2.28%,+18.40%,-39.82%,11.53,19.15,-2.47%,112.0,114.84,+0.41%,11.53,+11.75%,157112.38,140587.04,2.35 Ar,+0.22%,-19.75%,55777.8,69508.4,4.56,44.33,0.00%,483865.2,483865.2,-19.12%,58068.94,71799.54,Hydro Power,United IDI Mardi RB Hydropower Limited,UMRH,511.00,-1.92%,1404031.95,1431564.61,-1.58%,862097.82,875899.88,+12.78%,180288.54,159856.26,-1.35%,-7.45%,ok,skipped,0,,,,,,,,,,,,,,,0,,,,,,,,,,,,,,,,,,,,,,,2026-10-02 03:52,0.1029,1.5908
UNHPL,-8.91%,+11.56%,-16.80%,4.36,5.24,+0.41%,105.02,104.59,-0.50%,4.36,+28.01%,79389.37,62016.98,2.69 Ar,+1.27%,+10.94%,32678.58,29457.2,3.41,82.16,0.00%,750000.0,750000.0,+9.37%,37619.34,34397.96,Hydro Power,Union Hydropower Limited,UNHPL,358.00,+0.39%,790772.42,787686.24,-4.11%,3153.08,3288.28,+28.03%,81315.96,63512.38,-0.28%,-29.53%,ok,skipped,0,,,,,,,,,,,,,,,0,,,,,,,,,,,,,,,,,,,,,,,2026-10-02 03:52,0.0415,0.004
UNL,+5.58%,+221.49%,-0.28%,1712.27,1717.12,+8.25%,5537.13,5114.98,-0.20%,1712.27,+37.30%,4118200.0,2999500.0,45.21 Ar,+6.16%,+32.96%,1577000.0,1186100.0,8.87,28.68,0.00%,92100.0,92100.0,+8.42%,5007600.0,4618800.0,Manufacturing And Processing,Unilever Nepal,UNL,"49,100.00",+5.92%,7729400.0,7297100.0,+1.68%,2629900.0,2586400.0,+39.46%,8036200.0,5762300.0,+2.29%,+5.49%,ok,skipped,0,,,,,,,,,,,,,,,0,,,,,,,,,,,,,,,,,,,,,,,2026-10-02 03:52,0.3092,0.5157
UNLB,-8.03%,+23.31%,+183.17%,34.39,12.15,+11.34%,247.59,222.36,-2.00%,34.39,+36.47%,261372.0,191525.95,1.81 Ar,-0.80%,+277.55%,51097.79,13533.87,4.93,35.47,0.00%,148575.0,148575.0,+20.62%,219280.49,181799.59,Microcredit,Unique Nepal Laghubitta Bittiya Sanstha Limited,UNLB,"1,220.00",+3.10%,3873077.76,3756779.46,+2.30%,3505222.28,3426404.87,+35.79%,510745.66,376116.13,-2.86%,-41.88%,ok,skipped,0,,,,,,,,,,,,,,,0,,,,,,,,,,,,,,,,,,,,,,,2026-10-02 03:52,0.1389,9.5288
UPCL,-5.92%,+7.12%,+2.29%,1.13,1.1,-4.59%,109.67,114.95,+0.63%,1.13,+31.66%,184591.51,140207.22,7.61 Ar,+1.18%,+36.39%,27968.11,20506.23,3.04,296.69,0.00%,2485123.62,2485123.62,-35.32%,240308.41,371552.09,Hydro Power,Universal Power Company Ltd,UPCL,333.90,-3.68%,4245653.64,4407679.28,-1.98%,1520221.61,1551003.58,+34.22%,239675.99,178563.99,-0.63%,-11.05%,ok,skipped,0,,,,,,,,,,,,,,,0,,,,,,,,,,,,,,,,,,,,,,,2026-10-02 03:52,0.0103,0.5578
UPPER,-1.80%,-45.19%,+142.17%,4.37,1.81,-4.74%,44.48,46.69,+1.00%,4.37,+38.25%,10409836.54,7529543.63,40.45 Ar,+5.06%,+222.90%,925934.77,286757.55,4.29,43.69,0.00%,21180000.0,21180000.0,+4.15%,-11758926.02,-11290524.53,Hydro Power,Upper Tamakoshi Hydropower Ltd,UPPER,191.00,-0.46%,80943425.81,81320181.88,+0.13%,71522351.83,71430706.4,+38.23%,10668812.79,7718105.75,-1.19%,+3.19%,ok,skipped,0,,,,,,,,,,,,,,,0,,,,,,,,,,,,,,,,,,,,,,,2026-10-02 03:52,0.0982,7.5917
USHEC,+0.71%,+38.80%,-24.30%,15.46,20.43,+0.06%,119.02,118.95,+0.30%,15.46,+15.78%,635997.24,549336.8,6.69 Ar,+2.38%,+0.93%,208763.01,206841.8,4.16,32.04,0.00%,1350000.0,1350000.0,+0.37%,256755.35,255803.05,Hydro Power,Upper Solu Hydro Electric Company Limited,USHEC,495.50,-0.77%,4810204.56,4847388.14,-1.18%,3203449.22,3241585.09,+18.34%,738286.14,623873.44,-1.29%,+4.98%,ok,skipped,0,,,,,,,,,,,,,,,0,,,,,,,,,,,,,,,,,,,,,,,2026-10-02 03:52,0.1299,1.9937
USHL,-4.29%,+84.65%,-83.35%,0.87,5.2,+4.56%,100.1,95.74,0.00%,0.87,+17.60%,62356.86,53024.6,1.13 Ar,+0.19%,-77.79%,1906.44,8585.48,5.14,594.3,0.00%,220000.0,220000.0,-102.32%,217.85,-9378.77,Hydro Power,Upper Syange Hydropower Limited,USHL,515.00,+2.16%,608492.41,595614.96,+0.85%,388274.56,384993.73,+18.50%,65534.33,55301.0,0.00%,-27.87%,ok,skipped,0,,,,,,,,,,,,,,,0,,,,,,,,,,,,,,,,,,,,,,,2026-10-02 03:52,0.0087,1.7631
USLB,-7.63%,-12.62%,+17.02%,28.02,23.94,+5.96%,178.87,168.81,0.00%,28.02,+40.38%,311350.8,221785.78,2.84 Ar,+17.95%,+56.03%,69161.09,44325.54,6.43,41.05,0.00%,246865.74,246865.74,+14.62%,194692.14,169856.58,Microcredit,Unnati Sahakarya Laghubitta Bittiya Sanstha Limited,USLB,"1,150.00",+2.66%,4410752.86,4296551.49,+2.30%,3969194.99,3880021.06,+37.75%,546659.36,396858.76,+0.52%,-39.22%,ok,skipped,0,,,,,,,,,,,,,,,0,,,,,,,,,,,,,,,,,,,,,,,2026-10-02 03:52,0.1567,8.9891
VLBS,-9.87%,-41.37%,-649.03%,24.78,-4.51,+9.74%,173.82,158.39,+0.73%,24.78,+131.53%,742451.39,320671.53,4.60 Ar,+0.90%,-832.04%,196159.56,-26796.15,3.55,24.92,0.00%,791722.06,791722.06,+26.42%,584453.69,462308.5,Microcredit,Vijaya Laghubitta Bittiya Sanstha,VLBS,617.50,-1.70%,11773047.99,11977210.9,-3.04%,10396872.24,10723180.34,+73.71%,1348655.39,776365.04,-1.07%,-22.81%,ok,skipped,0,,,,,,,,,,,,,,,0,,,,,,,,,,,,,,,,,,,,,,,2026-10-02 03:52,0.1426,7.5549
VLUCL,-15.93%,-5.45%,-167.46%,4.73,-7.01,+7.82%,137.71,127.73,-1.27%,4.73,+48.18%,528206.59,356472.09,7.27 Ar,+0.24%,-189.95%,90455.71,-100566.89,2.76,80.32,0.00%,1912500.0,1912500.0,+36.03%,721269.75,530247.16,Hydro Power,Vision Lumbini Urja Company Limited,VLUCL,379.90,+2.97%,6683226.33,6490381.55,+0.05%,4049456.58,4047634.4,+49.58%,582327.54,389315.49,-2.56%,-35.06%,ok,skipped,0,,,,,,,,,,,,,,,0,,,,,,,,,,,,,,,,,,,,,,,2026-10-02 03:52,0.0343,1.5375
YMHL,-26.71%,+46.38%,-40.25%,-16.04,-26.85,-6.25%,93.47,99.71,-1.37%,-16.04,+6.26%,142611.8,134210.72,3.54 Ar,-11.25%,+32.77%,-112279.3,-84564.96,5.4,-31.48,+66.67%,700000.0,420000.0,"+3,656.98%",-45683.28,-1215.96,Hydro Power,Yambaling Hydropower Limited,YMHL,505.00,-0.46%,1861868.21,1870463.04,-16.72%,1215811.44,1459938.94,+21.07%,180118.75,148767.45,-9.34%,+46.38%,ok,skipped,0,,,,,,,,,,,,,,,0,,,,,,,,,,,,,,,,,,,,,,,2026-10-02 03:52,-0.1716,1.8819
