Ticker,3-Month Change (%),5-Year Change (%),Annualized EPS % Change,Annualized EPS (Latest),Annualized EPS (Previous),Book Value per Share % Change,Book Value per Share (Latest),Book Value per Share (Previous),Daily Change (%),EPS (Trailing),Gross Profit % Change,Gross Profit (Latest),Gross Profit (Previous),Market Cap,Monthly Change (%),Net Profit % Change,Net Profit (Latest),Net Profit (Previous),P/B Ratio,P/E Ratio,Paid-up Capital % Change,Paid-up Capital (Latest),Paid-up Capital (Previous),Reserves % Change,Reserves (Latest),Reserves (Previous),Sector,Stock Name,Ticker (Page),Today's Price,Total Assets % Change,Total Assets (Latest),Total Assets (Previous),Total Liabilities % Change,Total Liabilities (Latest),Total Liabilities (Previous),Total Revenue % Change,Total Revenue (Latest Quarter),Total Revenue (Previous Quarter),Weekly Change (%),Yearly Change (%),Scrape Status,Dividend Scrape Status,Dividend Records,Latest Dividend FY,Latest Bonus %,Latest Cash %,Latest Total Dividend %,Latest Dividend Book Close (BS),Latest Cash Dividend per Share (Rs),Cash Dividend Yield (%),Avg Total Dividend % (5Y),Avg Cash % (5Y),Avg Bonus % (5Y),"Avg Cash Yield % (5Y avg, on current price)",Years Dividend Paid (last 5),Latest Right Share,Latest Right Book Close (BS),Right Share Count,Dividend History (All),Right Share History (All),Div Y1 FY,Div Y1 Bonus %,Div Y1 Cash %,Div Y1 Total %,Div Y2 FY,Div Y2 Bonus %,Div Y2 Cash %,Div Y2 Total %,Div Y3 FY,Div Y3 Bonus %,Div Y3 Cash %,Div Y3 Total %,Div Y4 FY,Div Y4 Bonus %,Div Y4 Cash %,Div Y4 Total %,Div Y5 FY,Div Y5 Bonus %,Div Y5 Cash %,Div Y5 Total %,Scraped At,ROE,D/E Ratio
ACLBSL,-5.62%,-29.68%,-18.33%,27.79,34.02,+0.95%,180.9,179.21,-1.83%,27.79,+42.08%,474512.62,333973.72,3.15 Ar,-1.24%,+8.90%,102017.98,93684.51,4.74,30.84,0.00%,367143.41,367143.41,+2.14%,297033.08,290810.33,Microcredit,Aarambha Chautari Laghubitta Bittiya Sanstha Limited,ACLBSL,857.00,-3.41%,5950772.97,6160957.14,-3.93%,5286596.48,5503003.4,+35.36%,819953.84,605751.25,+0.11%,-13.39%,ok,skipped,0,,,,,,,,,,,,,,,0,,,,,,,,,,,,,,,,,,,,,,,2026-10-09 18:27,0.1536,7.9596
ADBL,+2.30%,-12.83%,+50.37%,16.11,10.71,+1.52%,233.99,230.49,+1.32%,16.11,+37.49%,9121508.26,6634494.24,43.78 Ar,+4.31%,+88.72%,2630641.84,1393973.95,1.35,19.61,0.00%,19738231.09,19738231.09,+2.68%,19168096.67,18667678.78,Commercial Banks,Agriculture Development Bank,ADBL,316.00,+5.09%,420134125.1,399787449.61,+5.49%,381227797.3,361381539.74,+35.79%,20974502.04,15446740.24,+0.61%,+6.14%,ok,skipped,0,,,,,,,,,,,,,,,0,,,,,,,,,,,,,,,,,,,,,,,2026-10-09 18:27,0.0688,9.7986
AHL,-10.86%,+12.60%,-9.86%,-17.41,-19.31,-4.10%,68.43,71.36,+0.57%,-17.41,+99.56%,60172.5,30152.73,1.27 Ar,+3.85%,+20.19%,-59183.63,-49240.48,5.44,-21.38,0.00%,340000.0,340000.0,+10.21%,-107326.74,-97383.6,Hydro Power,Asian Hydropower Limited,AHL,372.10,+5.72%,1351716.06,1278625.89,+8.01%,1119042.8,1036009.49,+56.76%,81461.84,51964.86,-1.60%,-41.46%,ok,skipped,0,,,,,,,,,,,,,,,0,,,,,,,,,,,,,,,,,,,,,,,2026-10-09 18:27,-0.2544,4.8095
AHPC,+2.52%,+17.41%,-22.64%,3.41,4.41,-0.91%,109.71,110.71,+0.31%,3.41,+19.54%,240411.7,201121.98,9.81 Ar,+4.81%,+3.15%,137892.44,133685.44,2.32,74.72,0.00%,4040403.15,4040403.15,-9.41%,392135.81,432889.09,Hydro Power,Arun Valley Hydropower Development,AHPC,255.00,-1.11%,4720989.53,4773912.25,-4.05%,288450.57,300620.02,+25.28%,287047.96,229118.16,-0.31%,-0.28%,ok,skipped,0,,,,,,,,,,,,,,,0,,,,,,,,,,,,,,,,,,,,,,,2026-10-09 18:27,0.0311,0.0651
AKJCL,+2.33%,+91.59%,+24.42%,3.18,2.56,+1.37%,93.69,92.42,-0.31%,3.18,+32.18%,188284.16,142440.52,7.00 Ar,+3.85%,+65.89%,63595.21,38335.96,3.73,110.04,0.00%,2000000.0,2000000.0,-16.67%,-126268.72,-151527.97,Hydro Power,Ankhu Khola Jalvidhyut Company Ltd.,AKJCL,349.90,+0.03%,2558235.75,2557504.45,-3.46%,684504.47,709032.42,+30.04%,224292.68,172480.16,-0.76%,+85.71%,ok,skipped,0,,,,,,,,,,,,,,,0,,,,,,,,,,,,,,,,,,,,,,,2026-10-09 18:27,0.0339,0.3653
AKPL,-1.19%,-7.37%,-58.44%,2.05,4.92,-1.59%,101.77,103.42,+0.40%,2.05,+19.96%,536557.72,447270.46,9.74 Ar,0.00%,-44.58%,79681.7,143780.05,2.46,122.23,0.00%,3895942.1,3895942.1,-48.17%,68964.42,133062.78,Hydro Power,Arun Kabeli Power Ltd.,AKPL,250.00,-1.68%,7316444.41,7441625.99,-1.79%,3351537.89,3412621.12,+23.08%,613304.19,498284.73,-1.11%,+0.57%,ok,skipped,0,,,,,,,,,,,,,,,0,,,,,,,,,,,,,,,,,,,,,,,2026-10-09 18:27,0.0201,0.8453
ALBSL,+10.79%,+23.14%,+11.46%,32.63,29.28,+6.56%,174.67,163.92,-0.17%,32.63,+42.16%,884504.48,622200.83,8.65 Ar,+6.10%,+48.61%,261939.32,176262.59,6.76,36.16,0.00%,802685.68,802685.68,+16.82%,599383.8,513095.44,Microcredit,Asha Laghubitta Bittiya Sanstha Ltd,ALBSL,"1,180.00",+2.28%,12314836.38,12040384.92,+1.75%,10912766.9,10724603.8,+38.46%,1537326.33,1110273.23,-0.34%,+29.48%,ok,skipped,0,,,,,,,,,,,,,,,0,,,,,,,,,,,,,,,,,,,,,,,2026-10-09 18:27,0.1868,7.7833
ALICL,-4.17%,-12.44%,-14.83%,7.89,9.26,-3.91%,120.13,125.01,+1.06%,7.89,+33.16%,1801939.31,1353167.6,20.92 Ar,+4.02%,+19.23%,414200.48,347386.59,3.8,53.04,+5.00%,5251217.17,5001159.21,-26.57%,526725.18,717318.77,Life Insurance,Asian Life Insurance,ALICL,418.40,+2.86%,62335123.93,60602514.87,+3.08%,56026879.85,54350432.84,+41.69%,14256928.25,10062267.52,-2.13%,-3.10%,ok,skipped,0,,,,,,,,,,,,,,,0,,,,,,,,,,,,,,,,,,,,,,,2026-10-09 18:27,0.0657,8.8815
ANLB,-17.87%,+1488.76%,-15.49%,69.71,82.49,-25.24%,362.38,484.74,-0.23%,69.71,+39.90%,153659.59,109832.7,3.77 Ar,-1.03%,+28.74%,62399.54,48469.67,13.27,68.98,+14.25%,89507.2,78343.28,-22.08%,234850.93,301417.26,Microcredit,Aatmanirbhar Laghubitta Bittiya Sanstha Limited,ANLB,"4,809.00",+4.64%,2182422.96,2085564.09,+8.93%,1858064.83,1705803.54,+40.58%,232898.68,165665.49,-2.03%,-16.30%,ok,skipped,0,,,,,,,,,,,,,,,0,,,,,,,,,,,,,,,,,,,,,,,2026-10-09 18:27,0.1924,5.7284
APHL,-30.46%,+72.95%,+91.75%,-4.12,-2.15,-7.36%,102.41,110.55,+3.00%,-4.12,"+2,555.60%",16718.81,629.57,2.89 Ar,-12.37%,+265.24%,-19365.85,-5302.21,5.99,-148.99,+42.86%,470000.0,329000.0,-67.31%,11345.98,34705.63,Hydro Power,Appolo Hydropower Limited,APHL,613.90,-47.51%,1570851.32,2992708.62,-7.04%,1089505.35,1172056.82,+711.48%,32523.39,4007.92,-3.56%,+72.95%,ok,skipped,0,,,,,,,,,,,,,,,0,,,,,,,,,,,,,,,,,,,,,,,2026-10-09 18:27,-0.0402,2.2635
API,+1.42%,+45.72%,+9.40%,15.06,13.76,+3.63%,119.51,115.32,+0.69%,15.06,+35.17%,1527791.42,1130238.0,20.54 Ar,+2.50%,+45.87%,960605.09,658546.63,2.83,22.45,0.00%,6379724.2,6379724.2,+27.29%,1244503.23,977657.04,Hydro Power,Api Power,API,338.00,-2.96%,15612787.44,16089667.85,-8.52%,7988559.99,8732286.61,+35.43%,1766558.36,1304385.66,-1.55%,+26.00%,ok,skipped,0,,,,,,,,,,,,,,,0,,,,,,,,,,,,,,,,,,,,,,,2026-10-09 18:27,0.126,1.0478
AVYAN,-2.66%,+194.59%,+8.59%,57.04,52.53,+0.58%,158.75,157.84,-0.20%,57.04,+37.88%,311683.51,226058.78,2.56 Ar,+3.33%,+44.78%,142608.42,98498.19,6.44,17.92,0.00%,250000.0,250000.0,+1.57%,146875.33,144605.21,Microcredit,Aviyan Laghubitta Bittiya Sanstha Limited,AVYAN,"1,022.00",+1.11%,3710635.02,3669983.76,+1.17%,3313759.69,3275378.55,+35.13%,518436.39,383655.61,-1.54%,+5.03%,ok,skipped,0,,,,,,,,,,,,,,,0,,,,,,,,,,,,,,,,,,,,,,,2026-10-09 18:27,0.3593,8.3496
BANDIPUR,-19.26%,+87.24%,-0.45%,-1.96,-1.96,-0.52%,91.41,91.9,-0.85%,-1.96,+19.05%,19737.47,16578.66,16.47 Ar,-8.77%,+32.74%,-55344.65,-41693.66,6.37,-297.6,0.00%,2829993.0,2829993.0,+5.95%,-242956.9,-229305.91,Hotels,Bandipur Cablecar and Tourism Limited,BANDIPUR,582.00,-0.15%,3880296.55,3886144.71,+0.61%,1293260.46,1285457.62,+37.73%,83771.74,60824.94,-5.78%,+87.24%,ok,skipped,0,,,,,,,,,,,,,,,0,,,,,,,,,,,,,,,,,,,,,,,2026-10-09 18:27,-0.0214,0.4999
BARUN,+0.95%,+87.66%,+3.37%,2.08,2.01,+0.44%,108.19,107.72,+0.03%,2.08,+39.72%,90330.63,64651.07,3.43 Ar,+3.56%,+37.83%,23367.22,16953.84,2.96,153.77,0.00%,1122532.43,1122532.43,+6.12%,91909.07,86608.99,Hydro Power,Barun Hydropower,BARUN,320.10,-0.14%,1490067.88,1492110.72,-2.59%,275626.38,282969.3,+44.94%,109238.01,75366.95,-3.32%,+6.15%,ok,skipped,0,,,,,,,,,,,,,,,0,,,,,,,,,,,,,,,,,,,,,,,2026-10-09 18:27,0.0192,0.227
BBC,-6.12%,-27.72%,,,,,,,+0.22%,3.67,,,,159.04 Ar,-1.11%,,,,30.76,1079.21,,,,,,,Trading,Bishal Bazar,BBC,"3,966.00",,,,,,,,,,-1.59%,-19.01%,ok,skipped,0,,,,,,,,,,,,,,,0,,,,,,,,,,,,,,,,,,,,,,,2026-10-09 18:27,,
BEDC,-8.13%,+32.29%,"+1,261.24%",-1.7,-0.12,-3.35%,46.28,47.88,+0.54%,-1.7,+33.61%,57689.31,43175.89,1.61 Ar,+3.33%,"+1,714.99%",-9227.59,-508.41,6.41,-174.87,0.00%,544053.4,544053.4,+3.08%,-292261.54,-283542.36,Hydro Power,Bhugol Energy Development Company Limited,BEDC,296.60,-2.76%,816359.85,839538.46,-2.50%,564567.99,579027.43,+26.31%,62444.81,49435.88,-1.34%,-54.19%,ok,skipped,0,,,,,,,,,,,,,,,0,,,,,,,,,,,,,,,,,,,,,,,2026-10-09 18:27,-0.0367,2.2422
BFC,-13.34%,+3.86%,-10.93%,7.84,8.8,+0.32%,113.08,112.72,-0.65%,7.84,+14.28%,118404.88,103609.61,3.97 Ar,+2.72%,+18.76%,69778.87,58755.96,3.94,56.91,0.00%,890424.24,890424.24,+2.81%,116468.24,113284.24,Finance,Best Finance,BFC,446.00,+0.84%,7513636.52,7451218.29,+0.92%,6506744.04,6447509.81,+27.56%,465121.73,364635.38,-0.24%,+1.10%,ok,skipped,0,,,,,,,,,,,,,,,0,,,,,,,,,,,,,,,,,,,,,,,2026-10-09 18:27,0.0693,6.4622
BGWT,-14.90%,+48.48%,-19.29%,9.01,11.16,+0.57%,113.3,112.67,+2.09%,9.01,+16.07%,129160.12,111273.45,2.91 Ar,+3.88%,+7.61%,61090.05,56770.3,4.32,54.29,0.00%,678239.9,678239.9,+5.03%,90238.3,85918.54,Hydro Power,Bhagawati Hydropower Development Company Limited,BGWT,489.00,+0.13%,985754.79,984465.12,-1.38%,217276.59,220306.68,+19.26%,154099.6,129217.98,-1.24%,-41.59%,ok,skipped,0,,,,,,,,,,,,,,,0,,,,,,,,,,,,,,,,,,,,,,,2026-10-09 18:27,0.0795,0.2827
BHCL,+16.71%,+77.99%,+3.69%,10.81,10.43,+2.64%,112.53,109.64,+3.58%,10.81,+36.93%,176672.42,129024.14,4.89 Ar,+7.90%,+38.25%,98272.48,71083.1,4.78,49.77,0.00%,909101.3,909101.3,+30.07%,113936.36,87596.4,Hydro Power,Bikash Hydropower Company Limited,BHCL,538.00,-7.38%,1191612.62,1286599.94,-41.85%,168574.96,289902.24,+38.19%,190898.91,138139.74,+0.36%,+32.38%,ok,skipped,0,,,,,,,,,,,,,,,0,,,,,,,,,,,,,,,,,,,,,,,2026-10-09 18:27,0.0961,0.1648
BHDC,-2.15%,+38.86%,-10.86%,11.79,13.22,+0.75%,118.32,117.43,-0.17%,11.79,+29.02%,444964.27,344876.58,4.77 Ar,+0.67%,+18.86%,139841.02,117655.74,3.57,35.8,0.00%,1186290.0,1186290.0,+5.05%,217273.89,206821.36,Hydro Power,Bindhyabasini Hydropower Development Company Limited,BHDC,422.00,+9.48%,3193230.87,2916602.47,+17.47%,1789666.98,1523491.11,+29.04%,455635.11,353104.81,-1.12%,-20.70%,ok,skipped,0,,,,,,,,,,,,,,,0,,,,,,,,,,,,,,,,,,,,,,,2026-10-09 18:27,0.0996,1.2751
BHL,+6.68%,+107.49%,-7.99%,7.91,8.59,+1.60%,81.22,79.95,+1.92%,7.91,+30.26%,1050128.23,806182.45,8.15 Ar,+9.40%,+22.68%,289106.76,235658.82,2.75,28.2,0.00%,3655940.0,3655940.0,-6.36%,-686410.81,-733066.68,Hydro Power,Balephi Hydropower Limited,BHL,223.00,+1.54%,8803225.77,8669860.0,+1.51%,5833696.58,5746986.68,+31.26%,1153198.49,878539.64,+1.91%,+20.88%,ok,skipped,0,,,,,,,,,,,,,,,0,,,,,,,,,,,,,,,,,,,,,,,2026-10-09 18:27,0.0974,1.9645
BHPL,-12.60%,+101.22%,-49.30%,-0.3,-0.59,+0.01%,50.03,50.03,-0.49%,-0.3,+18.64%,26261.73,22135.8,1.07 Ar,-5.91%,-32.41%,-742.2,-1098.03,8.55,-1441.32,0.00%,250000.0,250000.0,-0.01%,-124917.56,-124930.46,Hydro Power,Barahi Hydropower Public Limited,BHPL,427.90,-3.80%,357326.73,371443.0,-5.73%,232244.29,246373.46,+18.58%,28215.46,23794.39,-1.80%,-37.88%,ok,skipped,0,,,,,,,,,,,,,,,0,,,,,,,,,,,,,,,,,,,,,,,2026-10-09 18:27,-0.006,1.8567
BJHL,-29.19%,+82.60%,-20.20%,-2.6,-3.26,+0.15%,88.95,88.82,+0.98%,-2.6,+27.05%,131337.17,103377.24,5.48 Ar,-17.54%,+6.40%,-25992.36,-24428.84,6.16,-210.75,0.00%,1000000.0,1000000.0,-1.18%,-110505.37,-111828.48,Hydro Power,Bhujung Hydropower Limited,BJHL,547.79,-0.18%,1822133.29,1825403.01,-0.49%,932638.65,937231.49,+37.06%,170084.2,124093.86,-7.26%,+82.60%,ok,skipped,0,,,,,,,,,,,,,,,0,,,,,,,,,,,,,,,,,,,,,,,2026-10-09 18:27,-0.0292,1.0485
BNHC,-11.18%,+49.29%,-80.20%,1.49,7.53,+23.04%,100.38,81.58,+2.52%,1.49,+24.28%,172928.8,139149.85,1.11 Ar,+2.70%,-48.79%,11953.74,23342.85,2.76,185.64,+93.97%,801690.4,413304.4,-104.02%,3059.04,-76123.33,Hydro Power,Buddha Bhumi Nepal Hydropower Company Limited,BNHC,276.80,+19.49%,1587996.25,1328961.06,-21.03%,783246.82,991779.96,+26.36%,185017.46,146421.73,-1.46%,-4.93%,ok,skipped,0,,,,,,,,,,,,,,,0,,,,,,,,,,,,,,,,,,,,,,,2026-10-09 18:27,0.0148,0.9733
BNL,+5.43%,+659.95%,+199.52%,450.71,150.48,+11.03%,3660.87,3297.17,-0.01%,450.71,+75.94%,3918816.0,2227365.0,28.50 Ar,+5.00%,+299.36%,878391.0,219949.0,3.99,32.45,0.00%,194889.0,194889.0,+11.38%,6939748.0,6230926.0,Manufacturing And Processing,Bottlers Nepal (Balaju),BNL,"14,624.90",-7.96%,13223117.0,14365992.0,-23.32%,6088480.0,7940177.0,+55.63%,12053168.0,7744894.0,+3.00%,-6.84%,ok,skipped,0,,,,,,,,,,,,,,,0,,,,,,,,,,,,,,,,,,,,,,,2026-10-09 18:27,0.1231,0.8534
BNT,+1.30%,+15.56%,+78.47%,544.86,305.29,+10.59%,3470.17,3137.85,+1.17%,544.86,+70.74%,2814131.0,1648168.0,14.38 Ar,+0.44%,+137.96%,659281.0,277051.0,3.43,21.82,0.00%,121000.0,121000.0,+10.94%,4077905.0,3675804.0,Manufacturing And Processing,Bottlers Nepal (Terai),BNT,"11,888.00",-14.29%,8157998.0,9517745.0,-30.80%,3959093.0,5720941.0,+56.39%,8838064.0,5651476.0,-1.25%,+7.69%,ok,skipped,0,,,,,,,,,,,,,,,0,,,,,,,,,,,,,,,,,,,,,,,2026-10-09 18:27,0.157,0.9429
BOKD86,-2.14%,+9.50%,,,,,,,+2.28%,,,,,1.79 Ar,+0.96%,,,,,,,,,,,,Bond,8.5% BOK Debenture 2086,BOKD86,"1,120.00",,,,,,,,,,+1.38%,+2.24%,ok,skipped,0,,,,,,,,,,,,,,,0,,,,,,,,,,,,,,,,,,,,,,,2026-10-09 18:27,,
BPCL,+1.86%,+64.86%,-15.95%,9.84,11.71,+0.99%,216.97,214.84,-0.29%,9.84,+13.90%,359859.0,315933.0,22.40 Ar,+2.47%,+12.07%,335442.0,299317.0,3.03,66.77,0.00%,3409065.0,3409065.0,+1.86%,3987618.0,3914844.0,Hydro Power,Butwal Power,BPCL,657.00,+0.52%,7871053.0,7830268.0,-6.32%,474370.0,506359.0,+28.73%,801615.0,622704.0,+0.60%,-5.09%,ok,skipped,0,,,,,,,,,,,,,,,0,,,,,,,,,,,,,,,,,,,,,,,2026-10-09 18:27,0.0454,0.0641
BUNGAL,-23.73%,+37.70%,+388.80%,-3.84,-0.79,-3.85%,81.42,84.68,+1.51%,-3.84,+14.31%,258035.75,225724.45,3.86 Ar,-13.75%,+551.73%,-31869.77,-4890.0,5.71,-121.08,0.00%,830000.0,830000.0,+21.26%,-154217.33,-127181.06,Hydro Power,Bungal Hydro Limited,BUNGAL,464.90,-0.66%,2975146.25,2994993.73,+0.31%,2299363.58,2292174.78,+19.37%,282478.45,236641.65,-5.82%,+37.70%,ok,skipped,0,,,,,,,,,,,,,,,0,,,,,,,,,,,,,,,,,,,,,,,2026-10-09 18:27,-0.0472,3.4025
C30MF,-2.92%,+24.82%,,,,,,,-2.44%,,,,,69.14 Cr,+1.96%,,,,,,,,,,,,Mutual Fund,Citizens Super 30 Mutual Fund,C30MF,9.21,,,,,,,,,,-0.42%,+8.65%,ok,skipped,0,,,,,,,,,,,,,,,0,,,,,,,,,,,,,,,,,,,,,,,2026-10-09 18:27,,
CBBL,+2.95%,+9.01%,+7.47%,35.91,33.41,+3.77%,251.06,241.93,+0.11%,35.91,+36.56%,3008419.12,2203023.14,30.48 Ar,0.00%,+43.30%,1298965.54,906476.53,3.78,26.4,0.00%,3617264.1,3617264.1,+6.43%,5464086.64,5133860.65,Microcredit,Chhimek Laghubitta Bikas Bank,CBBL,948.00,+0.85%,57662220.7,57174457.85,+0.33%,48580869.96,48423333.1,+36.79%,6717349.51,4910866.13,-0.16%,+8.46%,ok,skipped,0,,,,,,,,,,,,,,,0,,,,,,,,,,,,,,,,,,,,,,,2026-10-09 18:27,0.143,5.3495
CFCL,-6.94%,+23.25%,+158.98%,13.44,5.19,+6.56%,122.15,114.62,-0.87%,13.44,+33.39%,219534.62,164584.16,5.41 Ar,+2.50%,+245.30%,127549.16,36938.26,4.67,42.4,0.00%,948875.46,948875.46,+51.45%,210132.98,138743.04,Finance,Central Finance,CFCL,570.00,-0.08%,9938698.52,9947036.36,-0.90%,8779690.09,8859417.86,+32.91%,639321.28,481029.84,+0.52%,+20.04%,ok,skipped,0,,,,,,,,,,,,,,,0,,,,,,,,,,,,,,,,,,,,,,,2026-10-09 18:27,0.11,7.5752
CGH,-2.37%,-36.61%,-761.81%,5.12,-0.77,+5.69%,105.9,100.2,+0.13%,5.12,+82.83%,377705.36,206591.78,11.64 Ar,-1.56%,-982.39%,82489.86,-9348.49,7.17,148.21,0.00%,1610795.55,1610795.55,"+2,903.76%",95038.33,3163.98,Hotels,Chandragiri Hills Limited,CGH,759.00,+3.90%,4128613.36,3973672.1,+2.67%,2422779.49,2359712.57,+66.94%,806210.44,482935.97,-0.26%,-7.43%,ok,skipped,0,,,,,,,,,,,,,,,0,,,,,,,,,,,,,,,,,,,,,,,2026-10-09 18:27,0.0483,1.4203
CHCL,-31.59%,-14.24%,+18.17%,7.59,6.42,+2.40%,123.9,121.0,+2.46%,7.59,+36.18%,912434.69,669997.57,29.25 Ar,-9.24%,+57.56%,720059.19,456995.1,2.69,43.86,0.00%,9484988.68,9484988.68,+13.80%,2267245.51,1992273.37,Hydro Power,Chilime Hydropower,CHCL,333.00,+2.25%,12186987.59,11918749.91,-1.53%,434753.42,441487.85,+41.76%,1167632.06,823664.77,-4.89%,-27.80%,ok,skipped,0,,,,,,,,,,,,,,,0,,,,,,,,,,,,,,,,,,,,,,,2026-10-09 18:27,0.0613,0.037
CHDC,+10.72%,+233.19%,+0.11%,61.12,61.05,+4.43%,268.77,257.36,+0.26%,61.12,+33.15%,646450.52,485493.27,24.10 Ar,+4.22%,+33.48%,632116.08,473558.98,8.67,38.12,0.00%,1034237.06,1034237.06,+7.25%,1745499.95,1627473.63,Organized Fund,CEDB Holdings Limited,CHDC,"2,330.10",+3.67%,2837755.72,2737370.7,-23.32%,58018.71,75660.01,+33.58%,650675.33,487109.4,-1.62%,+6.85%,ok,skipped,0,,,,,,,,,,,,,,,0,,,,,,,,,,,,,,,,,,,,,,,2026-10-09 18:27,0.2274,0.0209
CHL,-0.39%,+1.72%,-47.11%,1.72,3.25,-0.94%,84.29,85.09,+0.39%,1.72,+21.05%,137044.31,113211.18,2.00 Ar,+4.47%,-29.48%,13317.65,18885.66,3.06,149.94,0.00%,773955.0,773955.0,+5.36%,-121566.73,-115387.21,Hydro Power,Chhyangdi Hydropower Ltd.,CHL,258.00,-1.13%,1323949.36,1339147.05,-1.33%,671561.09,680579.26,+26.25%,176038.94,139439.13,-1.49%,+2.84%,ok,skipped,0,,,,,,,,,,,,,,,0,,,,,,,,,,,,,,,,,,,,,,,2026-10-09 18:28,0.0204,1.0294
CIT,+1.17%,+6.96%,+2.71%,19.84,19.32,+0.19%,286.85,286.31,-0.19%,19.84,+37.46%,2166548.0,1576186.0,110.50 Ar,+0.47%,+36.94%,1350310.0,986058.0,5.94,85.92,0.00%,6805798.0,6805798.0,+0.28%,12716331.0,12680193.0,Organized Fund,Citizen Investment Trust,CIT,"1,704.80",+12.01%,370279496.0,330588135.0,+12.75%,350757367.0,311102142.0,+37.14%,2250080.0,1640775.0,-1.73%,-3.42%,ok,skipped,0,,,,,,,,,,,,,,,0,,,,,,,,,,,,,,,,,,,,,,,2026-10-09 18:28,0.0692,17.9672
CITY,-8.11%,+202.67%,-6.44%,-5.74,-6.14,-1.18%,96.13,97.28,+1.97%,-5.74,+46.22%,120738.6,82570.44,5.80 Ar,+0.89%,+24.75%,-173090.73,-138746.75,3.61,-60.35,0.00%,3013200.0,3013200.0,+42.26%,-116631.61,-81982.91,Hotels,City Hotel Limited,CITY,346.70,-0.48%,5611543.89,5638745.48,+0.28%,2714975.51,2707528.39,+41.32%,531381.19,376023.98,-0.85%,-36.69%,ok,skipped,0,,,,,,,,,,,,,,,0,,,,,,,,,,,,,,,,,,,,,,,2026-10-09 18:28,-0.0597,0.9373
CIZBD86,+0.88%,+9.62%,,,,,,,+3.00%,,,,,0.00,-5.79%,,,,,,,,,,,,Bond,10.25% Citizens Bank Debenture 2086,CIZBD86,"1,174.20",,,,,,,,,,-5.79%,-1.21%,ok,skipped,0,,,,,,,,,,,,,,,0,,,,,,,,,,,,,,,,,,,,,,,2026-10-09 18:28,,
CKHL,-10.00%,+60.91%,+208.09%,13.25,4.3,+11.12%,100.19,90.17,-1.69%,13.25,+29.67%,112794.7,86984.79,2.09 Ar,-10.46%,+310.78%,53005.44,12903.52,5.21,39.39,0.00%,400000.0,400000.0,-101.98%,778.99,-39322.94,Hydro Power,Chirkhwa Hydropower Limited,CKHL,522.00,+1.81%,1186204.23,1165152.16,-2.37%,785425.24,804475.1,+29.90%,131416.52,101166.26,-0.38%,-12.38%,ok,skipped,0,,,,,,,,,,,,,,,0,,,,,,,,,,,,,,,,,,,,,,,2026-10-09 18:28,0.1322,1.9597
CLI,-4.45%,+30.25%,-18.59%,7.82,9.6,+0.33%,131.6,131.17,+0.70%,7.82,+24.49%,1350882.95,1085164.22,21.60 Ar,+3.87%,+8.54%,390804.42,360044.1,3.93,55.27,0.00%,5000000.0,5000000.0,+5.81%,498340.49,470963.81,Life Insurance,Citizen Life Insurance Company Limited,CLI,432.00,+8.24%,34411807.9,31791080.61,+10.30%,27831687.74,25232775.29,+47.77%,11185011.27,7569078.66,-1.61%,-0.55%,ok,skipped,0,,,,,,,,,,,,,,,0,,,,,,,,,,,,,,,,,,,,,,,2026-10-09 18:28,0.0594,4.2297
CORBL,-56.45%,+108.28%,-22.14%,9.54,12.26,+0.33%,139.73,139.27,+0.91%,9.54,+8.84%,73715.39,67729.64,4.09 Ar,-10.01%,+3.81%,50103.86,48263.02,5.58,81.73,0.00%,525000.0,525000.0,+1.19%,208606.91,206162.42,Development Bank,Corporate Development Bank,CORBL,780.00,+5.18%,3336160.32,3171872.35,+6.63%,2602553.41,2440709.93,+24.91%,206681.62,165458.11,-4.20%,-57.06%,ok,skipped,0,,,,,,,,,,,,,,,0,,,,,,,,,,,,,,,,,,,,,,,2026-10-09 18:28,0.0683,3.5476
CREST,-13.17%,+215.42%,-84.34%,0.34,2.15,-5.47%,105.09,111.17,+0.06%,0.34,+9.85%,154635.21,140768.42,7.88 Ar,-0.06%,-79.12%,2526.42,12102.54,10.89,3117.06,0.00%,750000.0,750000.0,-159.58%,-27185.04,45630.77,Life Insurance,Crest Micro Life Insurance Limited,CREST,"1,050.00",+0.91%,1224711.83,1213688.85,+14.90%,436547.39,379923.62,+33.86%,487568.59,364247.85,-2.83%,+2.33%,ok,skipped,0,,,,,,,,,,,,,,,0,,,,,,,,,,,,,,,,,,,,,,,2026-10-09 18:28,0.0032,0.5539
CSY,-6.08%,-8.80%,,,,,,,+2.24%,,,,,1.09 Ar,+2.41%,,,,,,,,,,,,Mutual Fund,Citizens Santulit Yojana,CSY,8.69,,,,,,,,,,0.00%,-8.80%,ok,skipped,0,,,,,,,,,,,,,,,0,,,,,,,,,,,,,,,,,,,,,,,2026-10-09 18:28,,
CYCL,+5.09%,+393.58%,+313.82%,110.66,26.74,+32.73%,357.75,269.54,+2.25%,110.66,+50.71%,455163.79,302010.29,3.95 Ar,-6.44%,+451.76%,294812.21,53430.92,4.15,13.4,0.00%,266424.39,266424.39,+52.03%,686707.99,451691.12,Microcredit,CYC Nepal Laghubitta Bittiya Sanstha Limited,CYCL,"1,482.90",-1.57%,7266015.04,7381634.53,-5.26%,6312882.64,6663519.02,+42.03%,869494.13,612195.4,-4.90%,-8.56%,ok,skipped,0,,,,,,,,,,,,,,,0,,,,,,,,,,,,,,,,,,,,,,,2026-10-09 18:28,0.3093,6.6233
CZBIL,+8.84%,-24.77%,+20.47%,13.53,11.23,+2.90%,160.51,155.99,+3.37%,13.53,+34.51%,6293653.95,4678859.98,31.30 Ar,+6.60%,+60.63%,2098603.03,1306461.35,1.32,15.66,0.00%,15507463.61,15507463.61,+8.08%,9384183.24,8682316.22,Commercial Banks,Citizen Bank International,CZBIL,211.90,+8.08%,268685134.6,248586906.4,+8.64%,243793487.8,224397126.6,+33.16%,15011949.88,11273333.93,+0.23%,+8.96%,ok,skipped,0,,,,,,,,,,,,,,,0,,,,,,,,,,,,,,,,,,,,,,,2026-10-09 18:28,0.0843,9.7942
DDBL,+3.40%,-4.34%,+9.11%,48.15,44.13,+6.88%,226.87,212.26,-0.47%,48.15,+37.96%,2185676.22,1584308.54,15.79 Ar,+0.25%,+45.48%,989443.9,680132.17,3.72,17.55,0.00%,2055114.27,2055114.27,+13.01%,2607244.38,2307124.45,Microcredit,Deprosc Laghubitta,DDBL,845.00,+2.74%,29736626.33,28943198.11,+2.01%,25074267.69,24580959.4,+36.52%,3687342.44,2700875.2,+0.12%,+10.63%,ok,skipped,0,,,,,,,,,,,,,,,0,,,,,,,,,,,,,,,,,,,,,,,2026-10-09 18:28,0.2122,5.378
DHEL,-14.70%,+12.79%,+128.05%,-9.88,-4.33,-7.72%,118.14,128.02,+0.60%,-9.88,-18.53%,66336.63,81428.96,5.17 Ar,-10.73%,+204.07%,-101817.07,-33484.77,4.25,-50.81,0.00%,1030500.0,1030500.0,-35.26%,186913.22,288730.29,Hydro Power,Daramkhola Hydro Energy Limited,DHEL,502.00,-5.17%,2885239.29,3042563.26,-3.22%,1667826.07,1723332.98,+32.11%,113974.06,86269.35,-4.95%,+12.79%,ok,skipped,0,,,,,,,,,,,,,,,0,,,,,,,,,,,,,,,,,,,,,,,2026-10-09 18:28,-0.0836,1.37
DHPL,-4.37%,-7.24%,+88.72%,5.51,2.92,+65.68%,8.38,5.06,-1.49%,5.51,+42.33%,99202.4,69700.98,69.96 Cr,+0.37%,+151.62%,14555.04,5784.5,31.62,48.07,0.00%,264000.0,264000.0,-3.50%,-241875.78,-250646.33,Hydro Power,Dibyashwori Hydropower Ltd.,DHPL,265.00,+0.66%,754291.21,749320.27,-0.52%,732166.99,735966.6,+41.92%,104418.84,73575.81,-1.47%,-6.60%,ok,skipped,0,,,,,,,,,,,,,,,0,,,,,,,,,,,,,,,,,,,,,,,2026-10-09 18:28,0.6575,33.0935
DLBS,-10.49%,+498.22%,-14.04%,15.72,18.29,+1.26%,150.57,148.7,+1.85%,15.72,+37.84%,151279.58,109749.18,1.46 Ar,+7.50%,+14.61%,20923.49,18255.5,7.27,69.65,0.00%,133100.0,133100.0,+3.85%,67313.68,64817.5,Microcredit,Dhaulagiri Laghubitta Bittiya Sanstha Limited,DLBS,"1,094.90",-1.62%,2459132.93,2499598.51,-1.87%,2258719.24,2301681.01,+34.99%,295205.86,218679.35,-6.27%,-20.07%,ok,skipped,0,,,,,,,,,,,,,,,0,,,,,,,,,,,,,,,,,,,,,,,2026-10-09 18:28,0.1044,11.2703
DOLTI,-6.97%,+6.93%,+4.54%,0.87,0.83,+2.28%,59.87,58.54,+2.77%,0.87,+41.99%,96163.69,67725.5,1.69 Ar,+11.11%,+42.89%,4768.64,3337.32,5.27,363.88,+2.52%,549986.0,536486.0,-0.78%,-220685.82,-222418.39,,,DOLTI,315.50,+3.22%,1054550.84,1021663.34,+2.50%,725250.65,707595.73,+31.13%,102334.15,78041.7,-0.32%,-42.08%,ok,skipped,0,,,,,,,,,,,,,,,0,,,,,,,,,,,,,,,,,,,,,,,2026-10-09 18:28,0.0145,2.2024
DORDI,+6.92%,+27.28%,+71.31%,1.42,0.83,+0.76%,106.3,105.5,-0.04%,1.42,+31.10%,231428.81,176534.7,5.57 Ar,+10.04%,+128.42%,29972.81,13121.91,2.48,185.72,0.00%,2108520.8,2108520.8,+14.53%,132799.46,115948.56,Hydro Power,Dordi Khola Jal Bidyut Company Limited,DORDI,264.00,+14.81%,4284849.38,3732157.23,+35.54%,2043529.13,1507687.87,+33.37%,274553.1,205865.31,+1.42%,+15.83%,ok,skipped,0,,,,,,,,,,,,,,,0,,,,,,,,,,,,,,,,,,,,,,,2026-10-09 18:28,0.0134,0.9118
EBL,+6.89%,+75.15%,+14.21%,36.95,32.35,+5.00%,256.47,244.27,+1.28%,36.95,+34.49%,9190459.0,6833470.0,91.91 Ar,+3.92%,+52.28%,5069936.0,3329316.0,2.77,19.22,0.00%,13721376.0,13721376.0,+8.46%,21470507.0,19795848.0,Commercial Banks,Everest Bank,EBL,710.00,+1.34%,383758236.0,378693500.0,+0.98%,348566353.0,345176279.0,+33.87%,20102585.0,15016560.0,+0.69%,+13.48%,ok,skipped,0,,,,,,,,,,,,,,,0,,,,,,,,,,,,,,,,,,,,,,,2026-10-09 18:28,0.1441,9.9047
EBLD85,+2.07%,+13.00%,,,,,,,0.00%,,,,,2.26 Ar,+0.89%,,,,,,,,,,,,Bond,10.50% Everest Bank Limited Debenture 2085,EBLD85,"1,130.00",,,,,,,,,,0.00%,-3.00%,ok,skipped,0,,,,,,,,,,,,,,,0,,,,,,,,,,,,,,,,,,,,,,,2026-10-09 18:28,,
EBLD86,+2.75%,+17.93%,,,,,,,0.00%,,,,,0.00,+2.58%,,,,,,,,,,,,Bond,8.5% Everest Bank Limited Debenture 2086,EBLD86,"1,110.00",,,,,,,,,,+0.73%,+2.40%,ok,skipped,0,,,,,,,,,,,,,,,0,,,,,,,,,,,,,,,,,,,,,,,2026-10-09 18:28,,
EBLD91,+5.50%,+12.20%,,,,,,,+2.74%,,,,,0.00,+4.74%,,,,,,,,,,,,Bond,Everest Bank Limited Debenture 2091,EBLD91,"1,181.50",,,,,,,,,,+2.68%,+7.47%,ok,skipped,0,,,,,,,,,,,,,,,0,,,,,,,,,,,,,,,,,,,,,,,2026-10-09 18:28,,
ECL,+283.76%,+283.76%,0.00%,7.38,0.0,0.00%,116.63,0.0,+2.09%,7.38,0.00%,91665.34,0.0,3.81 Ar,-3.27%,0.00%,22130.08,0.0,10.88,172.03,0.00%,300000.0,0.0,0.00%,49900.53,0.0,Manufacturing And Processing,Everest Colour Limited,ECL,"1,269.00",0.00%,414972.79,0.0,0.00%,65072.26,0.0,0.00%,173049.77,0.0,-1.82%,+283.76%,ok,skipped,0,,,,,,,,,,,,,,,0,,,,,,,,,,,,,,,,,,,,,,,2026-10-09 18:28,0.0633,0.186
EDBL,0.00%,+8.52%,+49.02%,24.76,16.61,-3.34%,177.85,184.0,-0.34%,24.76,+56.13%,648818.33,415551.76,7.04 Ar,+0.14%,+98.69%,309400.75,155717.28,3.17,22.74,0.00%,1249694.47,1249694.47,-7.32%,972925.91,1049793.56,Development Bank,Excel Development Bank,EDBL,563.00,+5.56%,21329580.33,20206851.22,+6.70%,19106959.95,17907363.19,+42.76%,1213900.1,850279.46,-1.76%,-4.24%,ok,skipped,0,,,,,,,,,,,,,,,0,,,,,,,,,,,,,,,,,,,,,,,2026-10-09 18:28,0.1392,8.5966
EHPL,-13.00%,+31.82%,-47.17%,3.39,6.42,-1.83%,76.3,77.73,+0.89%,3.39,+17.17%,126404.28,107884.4,1.96 Ar,-0.92%,-29.55%,21033.37,29857.25,4.14,93.15,0.00%,620000.0,620000.0,+6.39%,-146917.06,-138093.18,Hydro Power,Eastern Hydropower Limited,EHPL,316.00,-1.46%,1079472.12,1095460.23,-1.17%,606389.17,613553.42,+23.94%,146820.58,118457.97,-1.51%,-38.32%,ok,skipped,0,,,,,,,,,,,,,,,0,,,,,,,,,,,,,,,,,,,,,,,2026-10-09 18:28,0.0444,1.2818
ENL,-40.83%,+72.51%,-36.56%,2.7,4.26,-0.45%,110.08,110.58,-0.12%,2.7,-7.61%,19236.74,20821.88,2.70 Ar,-17.16%,-15.41%,15013.78,17748.45,4.42,180.0,0.00%,555600.0,555600.0,-4.65%,56027.75,58762.45,Organized Fund,Emerging Nepal Limited,ENL,486.40,-0.27%,625166.68,626829.57,+8.60%,13538.92,12467.12,+0.23%,22590.92,22539.01,-5.80%,-50.22%,ok,skipped,0,,,,,,,,,,,,,,,0,,,,,,,,,,,,,,,,,,,,,,,2026-10-09 18:28,0.0245,0.0221
FMDBL,-3.46%,+24.05%,+25.80%,14.18,11.27,+4.35%,137.26,131.53,+0.93%,14.18,+34.96%,227491.72,168563.19,9.82 Ar,-0.40%,+67.73%,190728.22,113712.97,5.32,51.47,0.00%,1344871.32,1344871.32,+18.16%,501037.09,424021.85,Microcredit,First Micro Finance Development Bank,FMDBL,729.90,-1.41%,5694795.77,5776215.4,-3.95%,3848887.36,4007322.23,+30.60%,404702.25,309881.65,-2.12%,-6.99%,ok,skipped,0,,,,,,,,,,,,,,,0,,,,,,,,,,,,,,,,,,,,,,,2026-10-09 18:28,0.1033,2.0851
FOWAD,-12.50%,-41.47%,+187.21%,52.14,18.15,+16.26%,278.57,239.61,+1.38%,52.14,+39.95%,1517725.67,1084474.5,10.52 Ar,-1.36%,+282.95%,623582.58,162835.7,3.16,16.88,0.00%,1195953.71,1195953.71,+27.91%,2135642.79,1669611.27,Microcredit,Forward Community Microfinance Bittiya Sanstha Ltd.,FOWAD,880.00,+4.03%,24073759.87,23141584.64,+2.30%,20742163.36,20276019.66,+37.24%,2958558.77,2155789.63,-0.91%,-18.95%,ok,skipped,0,,,,,,,,,,,,,,,0,,,,,,,,,,,,,,,,,,,,,,,2026-10-09 18:28,0.1872,6.2259
GBBD85,-0.92%,+8.00%,,,,,,,+0.01%,,,,,0.00,+0.93%,,,,,,,,,,,,Bond,"Garima Debenture, 2085",GBBD85,"1,080.09",,,,,,,,,,+3.34%,-0.46%,ok,skipped,0,,,,,,,,,,,,,,,0,,,,,,,,,,,,,,,,,,,,,,,2026-10-09 18:28,,
GBBL,+11.58%,+24.99%,+20.82%,28.04,23.21,+5.78%,177.26,167.58,+0.50%,28.04,+36.28%,3815635.15,2799889.84,22.95 Ar,+1.78%,+61.10%,1688666.31,1048231.02,2.28,14.41,0.00%,6021348.37,6021348.37,+14.32%,4651893.66,4069108.57,Development Bank,Garima Bikas Bank,GBBL,404.00,+4.39%,113041649.0,108290878.7,+4.24%,102368406.9,98200421.81,+34.12%,7505139.45,5595932.22,-0.15%,+16.09%,ok,skipped,0,,,,,,,,,,,,,,,0,,,,,,,,,,,,,,,,,,,,,,,2026-10-09 18:28,0.1582,9.5911
GBIME,+4.65%,-16.25%,+6.12%,16.34,15.4,+2.58%,183.14,178.53,+2.17%,16.34,+36.34%,16203053.0,11884412.0,93.46 Ar,+1.97%,+41.49%,6227157.0,4401177.0,1.34,15.01,0.00%,38115853.0,38115853.0,+5.88%,31690411.0,29931373.0,Commercial Banks,Global Ime Bank,GBIME,245.20,+5.92%,820770089.0,774887689.0,+6.24%,750963825.0,706840464.0,+35.16%,40302472.0,29818037.0,-1.60%,+9.38%,ok,skipped,0,,,,,,,,,,,,,,,0,,,,,,,,,,,,,,,,,,,,,,,2026-10-09 18:28,0.0892,10.7578
GBIMESY2,-1.74%,-9.60%,,,,,,,+2.99%,,,,,1.40 Ar,+2.61%,,,,,,,,,,,,Mutual Fund,Global IME Sammunat Yojana -2,GBIMESY2,9.30,,,,,,,,,,+0.44%,-2.27%,ok,skipped,0,,,,,,,,,,,,,,,0,,,,,,,,,,,,,,,,,,,,,,,2026-10-09 18:28,,
GBLBS,-13.10%,-34.74%,-33.67%,26.53,40.0,-1.53%,290.66,295.18,0.00%,26.53,+36.58%,1383565.6,1013038.18,6.39 Ar,+0.46%,-11.56%,266712.68,301588.72,2.24,24.5,0.00%,1005350.0,1005350.0,-2.32%,1916786.85,1962278.29,Microcredit,Grameen Bikas Laghubitta,GBLBS,650.00,+0.38%,16359817.44,16298628.01,+0.80%,13437680.6,13330999.73,+36.03%,2160341.68,1588151.48,-3.27%,-10.96%,ok,skipped,0,,,,,,,,,,,,,,,0,,,,,,,,,,,,,,,,,,,,,,,2026-10-09 18:28,0.0913,4.5986
GCIL,+16.49%,-2.61%,+45.62%,-6.13,-4.21,-1.76%,165.73,168.7,-0.36%,-6.13,+24.06%,1183446.93,953962.82,17.81 Ar,+5.22%,+94.16%,-308072.29,-158668.17,2.35,-63.61,0.00%,5024454.27,5024454.27,-4.33%,3302354.29,3451758.42,Manufacturing And Processing,Ghorahi Cement Industry Limited,GCIL,390.00,-2.54%,21397698.38,21954624.94,-3.02%,13070889.82,13478412.25,+33.39%,4773598.91,3578649.87,+0.10%,-3.74%,ok,skipped,0,,,,,,,,,,,,,,,0,,,,,,,,,,,,,,,,,,,,,,,2026-10-09 18:28,-0.037,1.5697
GFCL,-9.27%,-10.40%,+4.75%,14.96,14.28,+1.85%,211.01,207.18,-0.88%,14.96,+0.52%,313737.49,312108.36,5.23 Ar,-2.62%,+39.66%,141529.38,101336.5,2.62,36.97,0.00%,946115.2,946115.2,+3.58%,1050277.94,1014015.91,Finance,Goodwill Finance,GFCL,553.10,-9.49%,16180145.45,17876964.96,-10.89%,14183752.32,15916833.85,+19.53%,1026603.37,858862.62,-0.71%,-7.02%,ok,skipped,0,,,,,,,,,,,,,,,0,,,,,,,,,,,,,,,,,,,,,,,2026-10-09 18:28,0.0709,7.1047
GHL,+30.65%,+58.30%,-38.33%,-1.33,-2.15,-0.02%,95.05,95.07,-0.31%,-1.33,+54.05%,108127.84,70189.43,4.70 Ar,+25.44%,-17.78%,-21877.1,-26607.57,3.0,-215.03,0.00%,1650000.0,1650000.0,+0.43%,-81664.16,-81311.48,Hydro Power,Ghalemdi Hydro Limited,GHL,285.10,+0.37%,2270942.24,2262566.76,+1.26%,702606.4,693878.24,+44.91%,136901.28,94471.62,+4.53%,+34.91%,ok,skipped,0,,,,,,,,,,,,,,,0,,,,,,,,,,,,,,,,,,,,,,,2026-10-09 18:28,-0.014,0.448
GIBF1,+6.58%,+58.08%,,,,,,,-1.05%,,,,,1.06 Ar,+4.74%,,,,,,,,,,,,Mutual Fund,Global IME Balanced Fund-1,GIBF1,10.34,,,,,,,,,,+4.50%,+15.22%,ok,skipped,0,,,,,,,,,,,,,,,0,,,,,,,,,,,,,,,,,,,,,,,2026-10-09 18:28,,
GILB,-0.72%,-27.54%,+36.99%,61.87,45.16,+12.98%,242.58,214.72,+0.18%,61.87,+37.41%,1007427.83,733151.15,6.80 Ar,-1.47%,+82.66%,401105.14,219594.48,4.53,17.75,0.00%,648297.8,648297.8,+24.29%,924320.44,743698.71,Microcredit,Global IME Laghubitta Bittiya Sanstha,GILB,"1,098.00",+5.82%,11897057.92,11242759.39,+4.81%,10324439.68,9850762.88,+34.93%,1565845.86,1160509.66,-1.44%,-2.77%,ok,skipped,0,,,,,,,,,,,,,,,0,,,,,,,,,,,,,,,,,,,,,,,2026-10-09 18:28,0.255,6.5651
GLBSL,-5.62%,+67.95%,-23.41%,31.11,40.62,+0.36%,169.51,168.91,-0.12%,31.11,+38.57%,184973.85,133490.63,1.94 Ar,+4.35%,+2.12%,41180.52,40327.58,9.9,53.93,0.00%,132358.05,132358.05,+0.87%,92006.66,91208.6,Microcredit,Gurans Laghubitta Bittiya Sanstha,GLBSL,"1,678.00",-1.98%,2319420.33,2366283.64,-2.22%,2095055.62,2142716.98,+36.78%,308002.8,225175.9,0.00%,-11.93%,ok,skipped,0,,,,,,,,,,,,,,,0,,,,,,,,,,,,,,,,,,,,,,,2026-10-09 18:28,0.1835,9.3377
GLH,+11.49%,-30.60%,+6.86%,2.33,2.18,+0.62%,112.05,111.36,-1.55%,2.33,0.00%,0.0,0.0,4.92 Ar,+13.31%,+42.48%,41905.78,29411.08,2.44,117.39,0.00%,1800000.0,1800000.0,+6.11%,216950.71,204456.0,Hydro Power,GreenLife Hydropower Limited,GLH,273.30,+3.21%,11717957.23,11353838.48,+3.76%,9701006.52,9349382.48,0.00%,0.0,0.0,-0.79%,+7.18%,ok,skipped,0,,,,,,,,,,,,,,,0,,,,,,,,,,,,,,,,,,,,,,,2026-10-09 18:28,0.0208,4.8097
GMFBS,-13.71%,-19.00%,-46.60%,28.68,53.71,-6.79%,158.0,169.51,-0.26%,28.68,+17.71%,174174.41,147974.82,1.57 Ar,-11.05%,-28.80%,43465.95,61044.93,6.57,36.19,0.00%,151554.53,151554.53,-16.56%,87895.49,105340.89,Microcredit,Ganapati Microfinance Bittiya Sanstha,GMFBS,"1,038.00",-5.10%,2495069.1,2629058.96,-4.91%,2255619.08,2372163.53,+23.67%,312290.74,252511.97,-4.52%,-34.63%,ok,skipped,0,,,,,,,,,,,,,,,0,,,,,,,,,,,,,,,,,,,,,,,2026-10-09 18:29,0.1815,9.42
GMFIL,-9.56%,-1.21%,-24.02%,4.56,6.0,-6.43%,157.55,168.38,-0.41%,4.56,+20.17%,210424.0,175104.0,4.16 Ar,-1.32%,+1.31%,46163.0,45567.0,2.61,90.05,0.00%,1012176.0,1012176.0,-15.84%,582528.0,692151.0,Finance,Guheshowori Merchant Bank & Finance,GMFIL,410.70,-1.14%,10032098.0,10148114.0,-0.08%,8437392.0,8443785.0,+25.61%,612954.0,487969.0,+0.07%,-7.53%,ok,skipped,0,,,,,,,,,,,,,,,0,,,,,,,,,,,,,,,,,,,,,,,2026-10-09 18:29,0.0289,5.2909
GMLI,-20.78%,+180.88%,-17.36%,2.14,2.59,+0.18%,107.28,107.08,+1.08%,2.14,+60.69%,114262.82,71105.5,7.05 Ar,-2.91%,+10.18%,16068.55,14583.9,9.04,438.75,0.00%,750000.0,750000.0,+4.58%,30187.5,28866.16,Life Insurance,Guardian Micro Life Insurance Limited,GMLI,940.00,+4.78%,1321499.83,1261272.62,+12.82%,516884.9,458142.34,+37.09%,560382.29,408768.41,-1.74%,-52.31%,ok,skipped,0,,,,,,,,,,,,,,,0,,,,,,,,,,,,,,,,,,,,,,,2026-10-09 18:29,0.0199,0.6424
GRDBL,-12.06%,+176.62%,+54.06%,11.76,7.63,+5.17%,122.83,116.8,+0.16%,11.76,+47.39%,246145.88,167005.74,5.24 Ar,-2.34%,+105.41%,72385.81,35240.1,7.49,78.19,0.00%,615500.0,615500.0,+35.93%,140542.66,103396.95,Development Bank,Green Development Bank Ltd.,GRDBL,919.50,+6.22%,7240419.41,6816507.55,+6.34%,6484376.75,6097610.6,+36.77%,508432.02,371751.71,-1.08%,-4.42%,ok,skipped,0,,,,,,,,,,,,,,,0,,,,,,,,,,,,,,,,,,,,,,,2026-10-09 18:29,0.0957,8.5767
GSY,-8.24%,+1.44%,,,,,,,-1.10%,,,,,1.13 Ar,+2.24%,,,,,,,,,,,,Mutual Fund,Garima Samriddhi Yojana,GSY,9.03,,,,,,,,,,+0.22%,+0.88%,ok,skipped,0,,,,,,,,,,,,,,,0,,,,,,,,,,,,,,,,,,,,,,,2026-10-09 18:29,,
GUFL,-10.93%,-44.53%,+27.09%,25.28,19.89,+6.05%,167.43,157.88,+0.18%,25.28,+43.35%,313307.49,218555.93,4.24 Ar,-0.39%,+69.46%,219401.55,129474.71,2.92,19.35,0.00%,867993.8,867993.8,+16.50%,585247.42,502359.69,Finance,Gurkhas Finance Ltd.,GUFL,489.00,+3.76%,11166023.69,10761757.98,+3.42%,9712782.46,9391404.49,+34.80%,695399.62,515893.45,-1.83%,+1.69%,ok,skipped,0,,,,,,,,,,,,,,,0,,,,,,,,,,,,,,,,,,,,,,,2026-10-09 18:29,0.151,6.6835
GVL,+4.33%,+82.21%,-31.85%,13.07,19.18,-1.15%,124.33,125.77,+0.04%,13.07,-3.14%,778942.93,804160.98,16.97 Ar,+3.03%,-9.14%,449234.2,494414.7,3.97,37.78,0.00%,3437500.0,3437500.0,-5.61%,836288.39,885964.4,Hydro Power,Green Ventures Limited,GVL,493.70,-0.36%,10776605.07,10814998.96,+0.17%,6502816.68,6491534.56,+14.89%,1488581.24,1295694.95,+0.30%,-1.50%,ok,skipped,0,,,,,,,,,,,,,,,0,,,,,,,,,,,,,,,,,,,,,,,2026-10-09 18:29,0.1051,1.5216
H8020,+5.24%,+53.14%,,,,,,,+0.53%,,,,,1.15 Ar,+6.11%,,,,,,,,,,,,Mutual Fund,Himalayan 80-20,H8020,11.45,,,,,,,,,,+3.17%,+24.19%,ok,skipped,0,,,,,,,,,,,,,,,0,,,,,,,,,,,,,,,,,,,,,,,2026-10-09 18:29,,
HATHY,-39.83%,+82.88%,-37.24%,0.6,0.95,+1.52%,68.47,67.44,-0.47%,0.6,+14.85%,126224.05,109902.61,11.92 Ar,-26.43%,-16.33%,18918.94,22610.4,6.15,705.67,0.00%,1585584.0,1585584.0,+5.87%,585557.08,553110.5,Organized Fund,Hathway Investment Nepal Limited,HATHY,421.00,-1.93%,2687317.9,2740139.46,-14.18%,516176.82,601444.96,+21.35%,142026.31,117040.51,-7.03%,-55.71%,ok,skipped,0,,,,,,,,,,,,,,,0,,,,,,,,,,,,,,,,,,,,,,,2026-10-09 18:29,0.0088,0.2377
HBL,-1.58%,-40.19%,+45.60%,6.56,4.5,+3.21%,177.48,171.96,+0.67%,6.56,+28.95%,8810162.44,6832100.62,42.06 Ar,+3.71%,+94.14%,1480385.46,762536.32,1.09,29.62,0.00%,22581662.53,22581662.53,+7.67%,17496261.13,16250565.09,Commercial Banks,Himalayan Bank,HBL,194.20,+2.73%,417995276.8,406902211.9,+2.68%,377917353.1,368069984.2,+31.69%,22758925.82,17282439.37,-0.21%,-2.58%,ok,skipped,0,,,,,,,,,,,,,,,0,,,,,,,,,,,,,,,,,,,,,,,2026-10-09 18:29,0.037,9.4296
HDHPC,+10.45%,+7.69%,-22.03%,-3.4,-4.36,-2.86%,71.97,74.09,-1.49%,-3.4,+160.14%,38877.18,14944.97,6.30 Ar,+15.89%,+3.96%,-95223.76,-91600.36,3.12,-66.13,0.00%,2800000.0,2800000.0,+8.19%,-784731.48,-725350.87,Hydro Power,Himal Dolakha Hydropower Company Limited,HDHPC,224.90,+5.74%,2454941.0,2321625.24,+78.02%,439672.48,246976.11,-0.01%,69600.8,69604.77,+2.15%,+30.46%,ok,skipped,0,,,,,,,,,,,,,,,0,,,,,,,,,,,,,,,,,,,,,,,2026-10-09 18:29,-0.0472,0.2182
HDL,+11.07%,-17.32%,+6.28%,32.71,30.78,+7.30%,141.43,131.8,+2.04%,32.71,+42.44%,3183295.92,2234824.83,39.95 Ar,+7.33%,+41.70%,1206337.74,851305.53,9.19,39.74,0.00%,3688082.18,3688082.18,+30.27%,1527823.34,1172791.13,Manufacturing And Processing,Himalayan Distillery,HDL,"1,300.00",-0.99%,5773015.76,5830750.56,-42.56%,557110.24,969877.26,+41.24%,4429748.29,3136253.71,-0.93%,+14.50%,ok,skipped,0,,,,,,,,,,,,,,,0,,,,,,,,,,,,,,,,,,,,,,,2026-10-09 18:29,0.2313,0.1068
HEI,-15.74%,+12.91%,+129.19%,13.51,5.9,+4.22%,213.94,205.28,-0.47%,13.51,+102.01%,1344620.29,665633.73,11.12 Ar,-2.83%,+205.59%,337885.14,110568.88,1.51,32.92,0.00%,2500157.4,2500157.4,+82.96%,274792.45,150194.69,Non Life Insurance,Himalayan Everest Insurance Limited,HEI,444.90,-9.33%,10725459.47,11829493.43,-19.72%,5376658.1,6697119.7,+55.51%,3008056.27,1934353.65,-0.36%,-10.05%,ok,skipped,0,,,,,,,,,,,,,,,0,,,,,,,,,,,,,,,,,,,,,,,2026-10-09 18:29,0.0631,1.0052
HEIP,-1.64%,+45.20%,,,,,,,0.00%,13.51,,,,0.00,+8.70%,,,,2.08,32.92,,,,,,,Non Life Insurance,Himalayan Everest Insurance Limited Promoter,HEIP,323.60,,,,,,,,,,-0.74%,-4.22%,ok,skipped,0,,,,,,,,,,,,,,,0,,,,,,,,,,,,,,,,,,,,,,,2026-10-09 18:29,,
HFIN,-18.10%,+390.16%,+1.29%,-12.23,-12.07,-2.92%,107.28,110.51,+0.18%,-12.23,+207.19%,-14642.89,-4766.72,10.98 Ar,-11.61%,+35.05%,-244568.61,-181089.69,5.12,-44.9,0.00%,2000000.0,2000000.0,-30.73%,145633.9,210235.09,Hotels,Hotel Forest Inn Limited,HFIN,549.00,-0.17%,4402572.85,4409939.75,+2.60%,2256938.95,2199704.66,+43.51%,196362.29,136829.51,-5.83%,+390.16%,ok,skipped,0,,,,,,,,,,,,,,,0,,,,,,,,,,,,,,,,,,,,,,,2026-10-09 18:29,-0.114,1.0519
HHL,+1.60%,+36.32%,-11.64%,7.32,8.29,+1.32%,85.28,84.17,-0.56%,7.32,+28.28%,289482.11,225656.38,3.72 Ar,+7.18%,+17.81%,80177.89,68055.42,3.99,46.43,0.00%,1095000.0,1095000.0,-6.99%,-161185.5,-173307.97,Hydro Power,Himalayan Hydropower Limited,HHL,340.00,+0.09%,2250737.36,2248631.53,-0.75%,1316922.86,1326939.51,+29.44%,329471.8,254538.5,-1.36%,+1.45%,ok,skipped,0,,,,,,,,,,,,,,,0,,,,,,,,,,,,,,,,,,,,,,,2026-10-09 18:29,0.0858,1.4103
HIDCL,-1.74%,-1.22%,-6.85%,2.73,2.93,+0.04%,112.65,112.61,+0.40%,2.73,+30.30%,1005560.0,771754.0,61.15 Ar,+3.33%,+24.20%,679337.0,546985.0,2.21,91.37,0.00%,24928211.0,24928211.0,+0.33%,3152596.0,3142283.0,Organized Fund,Hydroelectricity Investment and Development Company,HIDCL,249.00,+0.05%,28827359.0,28813334.0,+0.50%,746551.0,742840.0,+31.19%,1034371.0,788442.0,-0.80%,-4.17%,ok,skipped,0,,,,,,,,,,,,,,,0,,,,,,,,,,,,,,,,,,,,,,,2026-10-09 18:29,0.0242,0.0266
HIDCLP,+0.05%,+104.04%,,,,,,,+0.75%,2.73,,,,6.18 Ar,+3.33%,,,,2.21,91.37,,,,,,,Organized Fund,Hydorelectricity Investment and Development Company Limited Promoter,HIDCLP,187.40,,,,,,,,,,-1.22%,+3.33%,ok,skipped,0,,,,,,,,,,,,,,,0,,,,,,,,,,,,,,,,,,,,,,,2026-10-09 18:29,,
HIMSTAR,-15.86%,+124.30%,+18.11%,-29.72,-25.16,-13.73%,68.14,78.98,+0.83%,-29.72,-27.31%,25609.75,35233.01,2.26 Ar,-7.69%,+57.48%,-110847.11,-70389.04,8.88,-20.36,0.00%,373000.0,373000.0,+51.61%,-118845.04,-78386.97,Hydro Power,Him Star Urja Company Limited,HIMSTAR,605.00,+2.65%,1324244.35,1290097.53,+7.49%,1070089.39,995484.49,+8.68%,144775.3,133213.0,-3.85%,-4.00%,ok,skipped,0,,,,,,,,,,,,,,,0,,,,,,,,,,,,,,,,,,,,,,,2026-10-09 18:29,-0.4362,4.2104
HLBSL,-1.94%,-11.74%,-1.35%,31.26,31.68,+4.23%,185.53,178.01,+1.40%,31.26,+38.75%,442191.02,318694.67,2.78 Ar,-1.37%,+31.53%,106610.03,81054.16,4.69,27.83,0.00%,341086.04,341086.04,+9.64%,291724.0,266064.18,Microcredit,Himalayan Laghubitta Bittiya Sanstha Limited,HLBSL,870.00,+6.89%,6146982.71,5750904.52,+7.20%,5514172.67,5143754.31,+36.09%,711423.94,522764.65,-2.49%,-1.57%,ok,skipped,0,,,,,,,,,,,,,,,0,,,,,,,,,,,,,,,,,,,,,,,2026-10-09 18:29,0.1685,8.7138
HLI,-8.73%,-10.36%,-8.84%,3.48,3.81,-7.11%,93.31,100.45,+0.04%,3.48,+48.02%,2320295.16,1567517.52,26.88 Ar,-0.71%,+21.54%,317771.31,261444.38,2.64,84.59,0.00%,9143237.31,9143237.31,+5.03%,1046444.86,996313.88,Life Insurance,Himalayan Life Insurance Limited,HLI,294.00,+3.21%,102936049.2,99735832.7,+4.26%,94404912.85,90551525.26,+39.78%,24245828.75,17345836.39,-3.32%,-21.63%,ok,skipped,0,,,,,,,,,,,,,,,0,,,,,,,,,,,,,,,,,,,,,,,2026-10-09 18:29,0.0373,11.0659
HLICF,-9.83%,-14.85%,,,,,,,+1.69%,,,,,4.20 Ar,+0.61%,,,,,,,,,,,,Mutual Fund,HLI Large Cap Fund,HLICF,8.40,,,,,,,,,,-0.84%,-14.85%,ok,skipped,0,,,,,,,,,,,,,,,0,,,,,,,,,,,,,,,,,,,,,,,2026-10-09 18:29,,
HPPL,+10.50%,+27.66%,-20.26%,12.57,15.76,+2.16%,130.56,127.79,-0.53%,12.57,+39.79%,711227.28,508768.64,4.24 Ar,+8.93%,+59.48%,200874.55,125959.38,3.05,31.66,+50.00%,1598125.5,1065417.0,+64.92%,488344.32,296118.49,Hydro Power,Himalayan Power Partner Ltd.,HPPL,397.90,+0.77%,5460023.51,5418238.51,-16.84%,3373553.7,4056703.02,+40.12%,768416.37,548403.76,+5.29%,+22.70%,ok,skipped,0,,,,,,,,,,,,,,,0,,,,,,,,,,,,,,,,,,,,,,,2026-10-09 18:29,0.0963,1.6169
HRL,-14.15%,+56.32%,,,,,,,+0.33%,-21.5,,,,53.31 Ar,-2.63%,,,,4.24,-22.82,,,,,,,ReInsurance,Himalayan Reinsurance Limited,HRL,490.50,,,,,,,,,,-2.30%,-39.19%,ok,skipped,0,,,,,,,,,,,,,,,0,,,,,,,,,,,,,,,,,,,,,,,2026-10-09 18:29,,
HURJA,+13.04%,+3.98%,+89.88%,7.57,3.99,+4.90%,98.13,93.55,-0.43%,7.57,+40.65%,476735.61,338958.15,5.13 Ar,+12.07%,+153.17%,149917.97,59216.34,2.64,34.19,0.00%,1980000.0,1980000.0,-71.02%,-37021.39,-127765.11,Hydro Power,Himalaya Urja Bikas Company Limited,HURJA,258.89,+1.00%,3591062.53,3555590.65,-3.24%,1648083.92,1703355.76,+40.65%,486464.91,345875.66,0.00%,+20.65%,ok,skipped,0,,,,,,,,,,,,,,,0,,,,,,,,,,,,,,,,,,,,,,,2026-10-09 18:29,0.0771,0.8482
ICFC,-1.41%,+5.50%,+92.17%,22.33,11.62,+7.20%,189.32,176.61,+0.54%,22.33,+42.42%,645421.02,453174.54,7.01 Ar,+2.85%,+156.23%,264224.94,103122.02,3.13,26.53,0.00%,1183470.96,1183470.96,+16.59%,1057107.68,906711.59,Finance,ICFC Finance,ICFC,592.40,+1.95%,26187515.89,25686075.2,+1.49%,23946937.25,23595892.65,+35.59%,1803299.71,1329971.16,-0.64%,-2.94%,ok,skipped,0,,,,,,,,,,,,,,,0,,,,,,,,,,,,,,,,,,,,,,,2026-10-09 18:29,0.1179,10.6878
ICFCD88,+5.70%,+9.55%,,,,,,,-2.90%,,,,,0.00,+8.36%,,,,,,,,,,,,Bond,9% ICFC Finance Limited Debenture 2088,ICFCD88,"1,170.00",,,,,,,,,,+6.63%,+8.56%,ok,skipped,0,,,,,,,,,,,,,,,0,,,,,,,,,,,,,,,,,,,,,,,2026-10-09 18:29,,
ICFCD89,+0.46%,+1.83%,,,,,,,+0.44%,,,,,0.00,+3.13%,,,,,,,,,,,,Bond,8% ICFC Finance Limited Debenture 2089,ICFCD89,"1,125.00",,,,,,,,,,+1.17%,+1.83%,ok,skipped,0,,,,,,,,,,,,,,,0,,,,,,,,,,,,,,,,,,,,,,,2026-10-09 18:29,,
IGI,-10.35%,-42.16%,+590.67%,0.13,0.02,-1.74%,179.53,182.72,+0.13%,0.13,+55.91%,664422.39,426146.07,11.69 Ar,+1.45%,+821.89%,4038.49,438.07,1.07,2895.44,0.00%,3029334.64,3029334.64,+208.14%,18440.54,5984.49,Non Life Insurance,IGI Prudential insurance Limited,IGI,386.00,-1.49%,14420181.43,14638531.88,-1.34%,8981571.53,9103446.33,+44.11%,2244482.47,1557453.46,-0.28%,-8.21%,ok,skipped,0,,,,,,,,,,,,,,,0,,,,,,,,,,,,,,,,,,,,,,,2026-10-09 18:29,0.0007,1.6514
IHL,-10.13%,+0.03%,-298.50%,-5.24,2.64,-7.36%,90.53,97.73,+1.56%,-5.24,+3.62%,185825.44,179338.51,1.96 Ar,+5.98%,-364.67%,-31418.73,11871.12,3.6,-62.26,0.00%,600000.0,600000.0,+316.38%,-56816.51,-13645.37,Hydro Power,Ingwa Hydropower Limited,IHL,326.00,-2.45%,2359184.24,2418459.42,-0.88%,1816000.75,1832104.8,+17.09%,255419.08,218138.04,+0.38%,-40.85%,ok,skipped,0,,,,,,,,,,,,,,,0,,,,,,,,,,,,,,,,,,,,,,,2026-10-09 18:29,-0.0579,3.3433
ILBS,+4.34%,-19.75%,+80.48%,36.66,20.31,+15.46%,161.73,140.07,+0.21%,36.66,+65.41%,479173.54,289689.2,4.55 Ar,+9.60%,+140.64%,182365.1,75782.07,5.66,24.95,0.00%,497415.94,497415.94,+54.06%,307073.66,199323.6,Microcredit,Infinity Laghubitta Bittiya Sanstha Limited,ILBS,914.90,-1.17%,6079442.13,6151216.42,-3.29%,5274952.53,5454476.88,+48.50%,806029.62,542769.88,-3.68%,-21.16%,ok,skipped,0,,,,,,,,,,,,,,,0,,,,,,,,,,,,,,,,,,,,,,,2026-10-09 18:29,0.2267,6.5569
ILI,+2.27%,-2.07%,+19.10%,11.68,9.81,+3.17%,135.66,131.49,-0.12%,11.68,+56.21%,1659523.11,1062367.32,21.35 Ar,+4.78%,+58.80%,584244.35,367916.11,3.74,36.54,0.00%,5000000.0,5000000.0,+36.96%,713355.3,520844.72,Life Insurance,IME Life Insurance Company Limited,ILI,427.00,+8.51%,26795615.86,24693621.16,+10.45%,20012517.05,18119144.67,+46.84%,8994827.92,6125743.59,+1.28%,+0.99%,ok,skipped,0,,,,,,,,,,,,,,,0,,,,,,,,,,,,,,,,,,,,,,,2026-10-09 18:29,0.0861,2.9504
JBBL,0.00%,-17.97%,+19.86%,22.88,19.09,+4.61%,170.97,163.43,+1.18%,22.88,+46.69%,2341970.48,1596533.95,15.08 Ar,+3.04%,+59.81%,1005952.99,629462.4,2.01,14.99,0.00%,4395785.89,4395785.89,+11.89%,3119768.05,2788302.2,Development Bank,Jyoti Bikas Bank,JBBL,343.00,+1.98%,77911050.85,76397742.92,+1.71%,70395496.92,69213654.84,+39.14%,5135795.93,3691061.25,-1.71%,+7.18%,ok,skipped,0,,,,,,,,,,,,,,,0,,,,,,,,,,,,,,,,,,,,,,,2026-10-09 18:29,0.1338,9.3666
JBLB,+1.57%,-22.61%,+29.47%,61.8,47.73,+9.68%,279.95,255.24,+0.71%,61.8,+39.07%,2350833.1,1690345.93,19.48 Ar,+0.38%,+72.62%,1082224.43,626927.76,4.53,20.52,0.00%,1751235.56,1751235.56,+15.92%,3151329.87,2718627.23,Microcredit,Jeevan Bikas Laghubitta Bittya Sanstha Ltd,JBLB,"1,268.00",+4.88%,34295921.47,32699882.65,+4.12%,29393356.04,28230019.86,+36.09%,4225066.13,3104575.83,-1.49%,+2.13%,ok,skipped,0,,,,,,,,,,,,,,,0,,,,,,,,,,,,,,,,,,,,,,,2026-10-09 18:29,0.2208,5.9955
JFL,-29.10%,-45.07%,-124.09%,1.35,-5.62,-86.20%,-0.89,-6.46,-0.90%,1.35,+144.78%,171512.26,70067.5,1.89 Ar,+3.71%,-132.12%,9343.98,-29089.56,-307.44,202.47,0.00%,690472.8,690472.8,-5.23%,-696626.41,-735059.94,Finance,Janaki Finance,JFL,274.00,-3.51%,4436704.63,4598228.68,-4.31%,4442858.24,4642815.83,+67.09%,355584.06,212806.84,-1.25%,-37.16%,ok,skipped,0,,,,,,,,,,,,,,,0,,,,,,,,,,,,,,,,,,,,,,,2026-10-09 18:29,-1.5169,-721.9922
JHAPA,-13.82%,+215.71%,-31.56%,3.86,5.63,-0.41%,101.94,102.36,-0.75%,3.86,+26.69%,91743.75,72416.68,3.71 Ar,-5.35%,-8.75%,14657.2,16062.42,9.57,252.93,0.00%,380190.0,380190.0,-17.62%,7389.02,8969.24,Hydro Power,Jhapa Energy Limited,JHAPA,975.10,-0.87%,838066.25,845455.62,-1.27%,450487.23,456296.38,+28.19%,104712.11,81683.38,-3.39%,+215.71%,ok,skipped,0,,,,,,,,,,,,,,,0,,,,,,,,,,,,,,,,,,,,,,,2026-10-09 18:29,0.0379,1.1623
JOSHI,-1.27%,+14.92%,-10.90%,-6.54,-7.34,-1.57%,64.93,65.96,+0.59%,-6.54,+587.24%,-5343.32,-777.5,1.58 Ar,-0.66%,+18.80%,-40051.46,-33712.54,3.97,-39.44,0.00%,612810.0,612810.0,+3.04%,-214916.42,-208577.5,Hydro Power,Joshi Hydropower Development Company Ltd,JOSHI,257.80,-0.55%,442391.35,444820.15,+9.63%,44497.77,40587.65,+81.88%,8851.53,4866.79,-2.32%,-14.28%,ok,skipped,0,,,,,,,,,,,,,,,0,,,,,,,,,,,,,,,,,,,,,,,2026-10-09 18:29,-0.1007,0.1118
JSLBB,-5.36%,-63.04%,+32.34%,10.7,8.09,+2.45%,175.1,170.91,+1.71%,10.7,+55.97%,151415.29,97081.63,1.59 Ar,-1.82%,+76.45%,18206.96,10318.53,5.33,87.23,0.00%,170091.9,170091.9,+5.90%,127734.59,120619.04,Microcredit,Janautthan Samudayic Laghubitta Bikas Bank,JSLBB,933.70,+4.42%,2404469.79,2302740.86,+4.70%,2106643.3,2012029.92,+43.82%,281142.77,195483.95,-3.71%,-21.54%,ok,skipped,0,,,,,,,,,,,,,,,0,,,,,,,,,,,,,,,,,,,,,,,2026-10-09 18:29,0.0611,7.0734
KAHL,-8.93%,+30.56%,-66.55%,3.75,11.2,-5.10%,101.85,107.33,+2.82%,3.75,+17.05%,454801.39,388566.83,6.38 Ar,-8.18%,-31.38%,52451.82,76442.89,4.48,121.71,+53.85%,1400000.0,910000.0,-61.08%,25961.77,66708.11,Hydro Power,Kalanga Hydro Limited,KAHL,456.00,-0.40%,4282993.22,4300337.9,-14.04%,2857031.45,3323629.79,+24.94%,512008.32,409811.93,-5.03%,+30.56%,ok,skipped,0,,,,,,,,,,,,,,,0,,,,,,,,,,,,,,,,,,,,,,,2026-10-09 18:29,0.0368,2.0036
KBL,+8.56%,-9.45%,+32.61%,28.17,21.24,+7.74%,170.8,158.53,+1.40%,28.17,+29.14%,12013083.6,9302222.93,60.58 Ar,+7.85%,+76.81%,7387197.91,4178048.41,1.35,8.2,0.00%,26225861.34,26225861.34,+20.97%,18568209.82,15348934.58,Commercial Banks,Kumari Bank,KBL,231.00,+3.38%,490334711.2,474306833.5,+2.96%,445540640.1,432732037.6,+31.89%,28459535.79,21578301.42,+2.19%,+22.76%,ok,skipped,0,,,,,,,,,,,,,,,0,,,,,,,,,,,,,,,,,,,,,,,2026-10-09 18:29,0.1649,9.9464
KBLD89,+0.08%,+29.10%,,,,,,,0.00%,,,,,0.00,-1.53%,,,,,,,,,,,,Bond,11% KBL Debenture 2089,KBLD89,"1,291.00",,,,,,,,,,-4.37%,+3.78%,ok,skipped,0,,,,,,,,,,,,,,,0,,,,,,,,,,,,,,,,,,,,,,,2026-10-09 18:30,,
KBLPO,0.00%,-25.78%,,,,,,,+0.02%,28.17,,,,0.00,0.00%,,,,1.35,8.2,,,,,,,Commercial Banks,Kumari Bank Promoter,KBLPO,100.00,,,,,,,,,,0.00%,-6.45%,ok,skipped,0,,,,,,,,,,,,,,,0,,,,,,,,,,,,,,,,,,,,,,,2026-10-09 18:30,,
KBSH,-29.42%,+112.43%,-24.91%,7.46,9.93,+0.01%,130.21,130.2,+4.91%,7.46,+23.70%,30850.8,24939.99,1.30 Ar,+16.30%,+0.11%,10999.53,10986.97,7.45,130.04,0.00%,147459.68,147459.68,+0.03%,44547.38,44534.82,Hydro Power,Kutheli Bukhari Small Hydropower Limited,KBSH,970.00,-1.72%,208824.29,212479.92,-17.91%,16817.24,20485.43,+22.98%,33104.64,26918.13,+14.43%,-44.57%,ok,skipped,0,,,,,,,,,,,,,,,0,,,,,,,,,,,,,,,,,,,,,,,2026-10-09 18:30,0.0573,0.0876
KDBY,+3.96%,+55.97%,,,,,,,+0.60%,,,,,1.23 Ar,+0.30%,,,,,,,,,,,,,,KDBY,10.07,,,,,,,,,,-0.79%,+20.35%,ok,skipped,0,,,,,,,,,,,,,,,0,,,,,,,,,,,,,,,,,,,,,,,2026-10-09 18:30,,
KDL,-26.79%,+331.83%,-12.93%,9.16,10.52,+1.18%,109.21,107.94,+2.06%,9.16,+20.06%,82290.29,68539.51,3.24 Ar,-7.83%,+16.09%,57684.46,49690.53,4.94,58.97,0.00%,630000.0,630000.0,+15.98%,58012.77,50018.83,Hotels,Kalinchowk Darshan Limited,KDL,539.90,-6.61%,771970.06,826641.61,-42.74%,83957.29,146622.78,+22.84%,125872.39,102469.63,-7.66%,-35.75%,ok,skipped,0,,,,,,,,,,,,,,,0,,,,,,,,,,,,,,,,,,,,,,,2026-10-09 18:30,0.0839,0.122
KEF,-0.73%,+45.50%,,,,,,,+1.06%,,,,,95.00 Cr,-1.16%,,,,,,,,,,,,Mutual Fund,Kumari Equity Fund,KEF,9.50,,,,,,,,,,+0.53%,+14.96%,ok,skipped,0,,,,,,,,,,,,,,,0,,,,,,,,,,,,,,,,,,,,,,,2026-10-09 18:30,,
KHPL,-29.02%,+92.55%,-43.52%,1.1,1.95,-0.57%,106.31,106.91,0.00%,1.1,0.00%,0.0,0.0,3.47 Ar,-16.31%,0.00%,6063.36,6063.36,5.94,572.37,+32.80%,550000.0,414150.0,+21.18%,34688.18,28624.81,,,KHPL,631.00,+13.81%,1373925.18,1207169.99,+3.25%,789237.0,764395.18,0.00%,0.0,0.0,-5.68%,+92.55%,ok,skipped,0,,,,,,,,,,,,,,,0,,,,,,,,,,,,,,,,,,,,,,,2026-10-09 18:30,0.0103,1.3498
KKHC,+9.12%,+32.88%,+44.35%,-3.01,-2.08,-1.94%,86.85,88.57,-0.29%,-3.01,+17.10%,101374.22,86572.44,2.53 Ar,+2.94%,+92.46%,-28013.59,-14555.21,3.13,-90.44,0.00%,931428.6,931428.6,+15.03%,-122438.36,-106438.27,Hydro Power,Khanikhola Hydropower Co. Ltd.,KKHC,272.00,-1.58%,1462386.0,1485931.46,-1.14%,653395.76,660941.13,+17.10%,101374.22,86572.44,+0.18%,+17.08%,ok,skipped,0,,,,,,,,,,,,,,,0,,,,,,,,,,,,,,,,,,,,,,,2026-10-09 18:30,-0.0347,0.8077
KMCDB,-1.25%,+0.42%,+526.34%,27.4,4.37,+15.34%,178.73,154.96,-0.64%,27.4,+41.70%,470918.78,332339.51,3.18 Ar,-1.85%,+735.13%,122883.81,14714.35,4.36,28.47,0.00%,448461.54,448461.54,+43.26%,353081.13,246454.77,Microcredit,Kalika Laghubitta Bittiya Sanstha,KMCDB,780.00,+4.55%,5785271.89,5533349.37,+3.00%,4983729.23,4838433.06,+38.74%,743476.03,535894.15,-2.61%,-14.38%,ok,skipped,0,,,,,,,,,,,,,,,0,,,,,,,,,,,,,,,,,,,,,,,2026-10-09 18:30,0.1533,6.2177
KPCL,-1.53%,+46.47%,-12.00%,11.24,12.77,+1.34%,125.18,123.52,+0.46%,11.24,+26.61%,173685.07,137181.44,4.30 Ar,+1.31%,+17.34%,104989.95,89475.51,3.67,40.92,0.00%,933949.5,933949.5,+7.06%,235167.35,219652.92,Hydro Power,Kalika Power Company,KPCL,460.00,-1.10%,1311554.7,1326155.57,+8.45%,142437.85,131333.6,+26.10%,198583.7,157485.67,+1.08%,-14.14%,ok,skipped,0,,,,,,,,,,,,,,,0,,,,,,,,,,,,,,,,,,,,,,,2026-10-09 18:30,0.0898,0.1218
KSBBL,-2.09%,+5.09%,+13.92%,23.15,20.32,+4.31%,180.07,172.63,+1.55%,23.15,+32.58%,2410802.81,1818349.36,16.08 Ar,+0.16%,+51.89%,894178.13,588698.72,2.54,19.78,0.00%,4211930.82,4211930.82,+11.71%,2742420.45,2454921.92,Development Bank,Kamana Sewa Bikas Bank Limited,KSBBL,458.00,+2.27%,75636414.33,73955199.84,+2.07%,68682063.07,67288347.11,+32.77%,5192758.29,3911201.19,+0.45%,+6.67%,ok,skipped,0,,,,,,,,,,,,,,,0,,,,,,,,,,,,,,,,,,,,,,,2026-10-09 18:30,0.1286,9.8761
KSY,-4.06%,+0.29%,,,,,,,-1.01%,,,,,65.61 Cr,+1.48%,,,,,,,,,,,,Mutual Fund,Kumari Sabal Yojana,KSY,8.81,,,,,,,,,,-1.11%,+2.70%,ok,skipped,0,,,,,,,,,,,,,,,0,,,,,,,,,,,,,,,,,,,,,,,2026-10-09 18:30,,
LBBL,+0.08%,+21.20%,+13.63%,23.48,20.67,+4.05%,213.73,205.4,+1.28%,23.48,+37.58%,1997221.86,1451716.6,17.54 Ar,+0.40%,+51.51%,851015.56,561683.38,2.26,20.61,0.00%,3623678.16,3623678.16,+7.90%,4121079.55,3819393.79,Development Bank,Lumbini Bikas Bank Ltd.,LBBL,484.00,+2.79%,67937610.51,66092768.66,+2.63%,60192852.8,58649696.71,+32.91%,4598990.83,3460306.88,-0.02%,+2.55%,ok,skipped,0,,,,,,,,,,,,,,,0,,,,,,,,,,,,,,,,,,,,,,,2026-10-09 18:30,0.1099,7.7721
LEC,+20.50%,-3.27%,+87.64%,1.12,0.6,+0.89%,70.39,69.77,-1.50%,1.12,+9.74%,153905.99,140239.85,5.60 Ar,+18.13%,+150.18%,25240.95,10088.94,3.54,221.96,0.00%,2250000.0,2250000.0,-2.06%,-666125.8,-680156.13,Hydro Power,Liberty Energy Company Limited,LEC,249.00,-0.10%,5958946.97,5964946.52,-0.46%,4375072.77,4395102.65,+10.05%,174518.23,158576.96,+0.20%,+26.72%,ok,skipped,0,,,,,,,,,,,,,,,0,,,,,,,,,,,,,,,,,,,,,,,2026-10-09 18:30,0.0159,2.7623
LICN,+0.13%,-2.63%,-5.03%,7.38,7.77,+0.79%,177.87,176.47,+0.01%,7.38,+41.24%,3925372.3,2779212.69,42.91 Ar,+3.76%,+26.62%,405777.01,320467.34,5.26,105.74,0.00%,5500000.0,5500000.0,+2.97%,2656118.65,2579600.88,Life Insurance,Life Insurance Nepal,LICN,780.10,+2.59%,159304850.6,155281347.3,+2.71%,149522100.5,145575299.6,+37.64%,33469910.21,24317459.43,0.00%,-2.07%,ok,skipped,0,,,,,,,,,,,,,,,0,,,,,,,,,,,,,,,,,,,,,,,2026-10-09 18:30,0.0415,15.2843
LLBS,-11.18%,-40.06%,+39.99%,24.2,17.29,+5.83%,204.16,192.91,-1.19%,24.2,+43.75%,506568.85,352388.42,3.54 Ar,-6.79%,+86.65%,106886.76,57265.34,3.92,33.07,0.00%,441662.1,441662.1,+12.11%,460038.82,410328.5,Microcredit,Laxmi Laghubitta Bittiya Sanstha,LLBS,800.40,+10.97%,7366455.08,6638390.03,+11.72%,6464754.16,5786399.43,+39.39%,867327.83,622229.43,-0.99%,-15.45%,ok,skipped,0,,,,,,,,,,,,,,,0,,,,,,,,,,,,,,,,,,,,,,,2026-10-09 18:30,0.1185,7.1695
LSD92,+4.55%,+4.55%,,,,,,,+0.01%,,,,,0.00,+4.55%,,,,,,,,,,,,Bond,7% Laxmi Sunrise Debenture 2092,LSD92,"1,150.09",,,,,,,,,,+1.77%,+4.55%,ok,skipped,0,,,,,,,,,,,,,,,0,,,,,,,,,,,,,,,,,,,,,,,2026-10-09 18:30,,
LSH12,-3.53%,-3.53%,,,,,,,+0.67%,,,,,1.36 Ar,-2.17%,,,,,,,,,,,,Mutual Fund,LS Horizon 12,LSH12,9.08,,,,,,,,,,+0.22%,-3.53%,ok,skipped,0,,,,,,,,,,,,,,,0,,,,,,,,,,,,,,,,,,,,,,,2026-10-09 18:30,,
LSL,+17.34%,+3.99%,+14.70%,11.64,10.15,+1.11%,177.02,175.08,+1.13%,11.64,+47.13%,11588515.0,7876279.0,62.98 Ar,+13.19%,+52.94%,3117133.0,2038184.0,1.46,22.23,0.00%,26781163.0,26781163.0,+2.59%,20627015.0,20105969.0,Commercial Banks,Laxmi Sunrise Bank Limited,LSL,258.70,+4.31%,511809447.0,490645638.0,+4.65%,464401268.0,443758505.0,+39.61%,26402674.0,18911243.0,-0.85%,+28.42%,ok,skipped,0,,,,,,,,,,,,,,,0,,,,,,,,,,,,,,,,,,,,,,,2026-10-09 18:30,0.0658,9.7958
LUK,-9.61%,+38.10%,,,,,,,+0.43%,,,,,61.02 Cr,-4.81%,,,,,,,,,,,,Mutual Fund,Laxmi Unnati Kosh,LUK,9.35,,,,,,,,,,+0.11%,-0.75%,ok,skipped,0,,,,,,,,,,,,,,,0,,,,,,,,,,,,,,,,,,,,,,,2026-10-09 18:30,,
LVF2,-4.60%,+13.74%,,,,,,,-0.31%,,,,,76.00 Cr,+5.41%,,,,,,,,,,,,Mutual Fund,Laxmi Value Fund 2,LVF2,9.50,,,,,,,,,,+4.26%,+3.70%,ok,skipped,0,,,,,,,,,,,,,,,0,,,,,,,,,,,,,,,,,,,,,,,2026-10-09 18:30,,
MABEL,-13.97%,+47.74%,-60.18%,-1.16,-2.92,+1.01%,102.22,101.19,+0.43%,-1.16,+52.11%,74766.61,49153.94,2.00 Ar,-12.08%,-46.90%,-4485.25,-8447.32,5.07,-445.93,0.00%,385824.0,385824.0,+85.94%,8572.69,4610.54,Hydro Power,Mabilung Energy Limited,MABEL,518.40,+0.87%,1249742.38,1238974.2,+0.80%,855345.69,848539.66,+46.72%,84493.96,57587.35,-8.13%,+47.74%,ok,skipped,0,,,,,,,,,,,,,,,0,,,,,,,,,,,,,,,,,,,,,,,2026-10-09 18:30,-0.0113,2.1687
MAKAR,-11.44%,+58.12%,-32.64%,10.3,15.28,-1.01%,114.62,115.79,+0.89%,10.3,+16.48%,365370.96,313686.3,3.09 Ar,+0.80%,-10.19%,78243.93,87117.47,3.55,39.51,0.00%,760000.0,760000.0,-7.40%,111100.84,119974.39,Hydro Power,Makar Jitumaya Suri Hydropower Limited,MAKAR,406.80,-1.75%,2671316.09,2719034.23,-2.11%,1800215.25,1839059.84,+21.04%,392099.57,323952.01,-1.42%,-31.08%,ok,skipped,0,,,,,,,,,,,,,,,0,,,,,,,,,,,,,,,,,,,,,,,2026-10-09 18:30,0.0899,2.0666
MANDU,+10.09%,+119.18%,-3.77%,23.36,24.27,+2.15%,162.88,159.45,-1.16%,23.36,+35.11%,733506.24,542904.07,10.50 Ar,+11.29%,+28.31%,318551.2,248265.54,4.73,32.96,0.00%,1363637.0,1363637.0,+5.77%,857471.32,810668.96,Hydro Power,Mandu Hydropower Limited,MANDU,770.00,-1.07%,5237811.91,5294473.5,-3.32%,3016703.59,3120167.54,+38.09%,794934.7,575660.81,+3.71%,+4.49%,ok,skipped,0,,,,,,,,,,,,,,,0,,,,,,,,,,,,,,,,,,,,,,,2026-10-09 18:30,0.1434,1.3582
MATRI,-15.95%,-38.72%,+198.58%,45.13,15.11,+9.92%,145.42,132.3,+0.57%,45.13,+81.52%,754473.53,415633.6,4.46 Ar,-2.62%,+298.10%,283569.49,71230.48,4.88,15.73,0.00%,628357.34,628357.34,+40.64%,285419.21,202943.83,Microcredit,Matribhumi Lagubitta Bittiya Sanstha Limited,MATRI,710.00,-4.68%,12199645.38,12798184.9,-5.69%,11285868.83,11966883.74,+53.10%,1517898.42,991472.86,-2.09%,-27.58%,ok,skipped,0,,,,,,,,,,,,,,,0,,,,,,,,,,,,,,,,,,,,,,,2026-10-09 18:30,0.3103,12.3508
MBJC,+10.73%,+173.00%,+65.74%,2.83,1.71,+1.63%,96.25,94.7,+0.07%,2.83,+47.92%,1924680.09,1301119.82,18.03 Ar,+7.25%,+120.98%,169583.86,76741.65,3.12,106.32,0.00%,6000000.0,6000000.0,-29.19%,-225258.13,-318100.35,Hydro Power,Madhya Bhotekoshi Jalavidyut Company Limited,MBJC,300.50,-0.69%,22221943.74,22375225.49,-1.47%,16447201.89,16693326.54,+50.00%,2144669.86,1429765.01,+2.25%,+4.63%,ok,skipped,0,,,,,,,,,,,,,,,0,,,,,,,,,,,,,,,,,,,,,,,2026-10-09 18:30,0.0294,2.8481
MBL,+9.68%,-5.50%,-23.41%,14.01,18.3,-7.17%,156.01,168.05,+0.35%,14.01,+38.12%,6074927.54,4398350.26,30.08 Ar,+7.70%,+27.46%,2114120.76,1658659.81,1.66,18.47,0.00%,15086211.56,15086211.56,+2.73%,8449662.65,8224772.52,Commercial Banks,Machhapuchhre Bank,MBL,258.80,+2.84%,256391750.9,249301924.8,+3.04%,232855876.6,225990940.7,+35.38%,13720570.13,10134678.6,+2.38%,+23.27%,ok,skipped,0,,,,,,,,,,,,,,,0,,,,,,,,,,,,,,,,,,,,,,,2026-10-09 18:30,0.0898,9.8937
MBLEF,-1.50%,+8.25%,,,,,,,+0.66%,,,,,1.12 Ar,+0.55%,,,,,,,,,,,,Mutual Fund,MBL Equity Fund,MBLEF,9.21,,,,,,,,,,+0.66%,+10.43%,ok,skipped,0,,,,,,,,,,,,,,,0,,,,,,,,,,,,,,,,,,,,,,,2026-10-09 18:30,,
MCHL,-10.32%,+0.16%,-211.24%,-1.03,0.93,+7.23%,-25.6,-23.87,+0.94%,-1.03,+28.43%,130163.56,101349.98,1.40 Ar,+3.27%,-248.32%,-5592.56,3770.52,-10.08,-250.31,0.00%,542583.3,542583.3,+1.39%,-681468.08,-672105.0,Hydro Power,Menchhiyam Hydropower Limited,MCHL,258.00,-2.14%,1331662.84,1360716.27,-1.32%,1470547.62,1490237.97,+28.24%,133051.09,103750.05,-6.68%,-49.38%,ok,skipped,0,,,,,,,,,,,,,,,0,,,,,,,,,,,,,,,,,,,,,,,2026-10-09 18:30,0.0402,-10.5883
MDB,-2.63%,+43.17%,+10.07%,11.6,10.54,+2.75%,143.2,139.36,-0.34%,11.6,+38.75%,307429.52,221577.27,6.79 Ar,+0.70%,+46.77%,141215.83,96218.8,3.9,48.09,0.00%,1217100.0,1217100.0,+9.74%,525728.62,479066.43,Development Bank,Miteri Development Bank,MDB,558.00,+3.31%,10725647.49,10381607.5,+3.42%,8982818.87,8685441.07,+36.54%,674168.89,493752.13,+0.52%,-2.67%,ok,skipped,0,,,,,,,,,,,,,,,0,,,,,,,,,,,,,,,,,,,,,,,2026-10-09 18:30,0.081,5.1542
MEHL,-23.83%,+9.69%,+40.57%,1.73,1.23,+1.66%,64.67,63.61,+2.51%,1.73,+35.43%,120429.64,88925.38,2.02 Ar,+8.25%,+87.42%,13876.19,7403.65,3.91,145.86,0.00%,800000.0,800000.0,-2.90%,-282673.26,-291121.54,Hydro Power,Manakamana Engineering Hydropower Limited,MEHL,253.00,+0.52%,1274413.33,1267844.26,-0.25%,757086.59,758965.79,+37.83%,145562.11,105612.3,-5.00%,-40.52%,ok,skipped,0,,,,,,,,,,,,,,,0,,,,,,,,,,,,,,,,,,,,,,,2026-10-09 18:30,0.0268,1.4635
MEL,-1.40%,-13.17%,-11.00%,-2.77,-3.11,-0.74%,58.19,58.62,0.00%,-2.77,+34.95%,409008.0,303072.0,6.12 Ar,+5.87%,+18.67%,-80299.0,-67668.0,3.63,-76.2,0.00%,2900000.0,2900000.0,+1.05%,-1212584.0,-1199953.0,Hydro Power,Modi Energy Limited,MEL,211.00,-1.17%,5299516.0,5362154.0,-1.37%,3612101.0,3662108.0,+35.13%,469204.0,347219.0,+0.48%,-25.70%,ok,skipped,0,,,,,,,,,,,,,,,0,,,,,,,,,,,,,,,,,,,,,,,2026-10-09 18:30,-0.0476,2.1406
MEN,+11.95%,-8.00%,+13.30%,25.52,22.52,+6.00%,150.78,142.24,+0.96%,25.52,+43.03%,1309983.84,915858.37,16.74 Ar,+0.62%,+51.06%,797043.76,527633.11,4.27,25.2,0.00%,3123258.85,3123258.85,+20.22%,1585941.17,1319224.63,Hydro Power,Mountain Energy Nepal Limited,MEN,643.10,+2.40%,7517540.45,7341283.78,-3.28%,2878046.66,2975675.88,+42.03%,1533543.69,1079737.87,-0.16%,+24.29%,ok,skipped,0,,,,,,,,,,,,,,,0,,,,,,,,,,,,,,,,,,,,,,,2026-10-09 18:30,0.1693,0.6203
MEPDL,+79.13%,+79.13%,-30.23%,10.09,14.46,-1.16%,111.38,112.69,+0.32%,10.09,+30.96%,291498.82,222582.14,5.33 Ar,-1.59%,+32.89%,86778.36,65299.49,5.57,61.44,+42.86%,860000.0,602000.0,+28.11%,97878.82,76399.96,Hydro Power,Mount Everest Power Development Limited,MEPDL,620.00,-0.14%,2277952.2,2281101.56,-17.63%,1320073.38,1602701.61,+29.31%,336953.72,260576.49,-1.44%,+79.13%,ok,skipped,0,,,,,,,,,,,,,,,0,,,,,,,,,,,,,,,,,,,,,,,2026-10-09 18:30,0.0906,1.3781
MERO,-16.56%,-39.20%,-36.46%,8.47,13.33,-1.32%,149.87,151.87,+0.36%,8.47,+44.71%,1204431.74,832311.5,8.26 Ar,-3.19%,-15.28%,125871.61,148575.61,3.88,68.73,0.00%,1486402.5,1486402.5,-3.85%,741223.07,770938.31,Microcredit,Mero Microfinance Bittiya Sanstha Ltd.,MERO,582.00,+13.14%,20713571.83,18307439.54,+15.18%,18485946.26,16050098.74,+40.19%,2023360.07,1443262.78,-1.88%,-21.32%,ok,skipped,0,,,,,,,,,,,,,,,0,,,,,,,,,,,,,,,,,,,,,,,2026-10-09 18:30,0.0565,8.2985
MFIL,-3.03%,+3.31%,+28.95%,27.85,21.6,+6.27%,193.63,182.2,+3.01%,27.85,+35.02%,924547.61,684772.75,10.39 Ar,+2.82%,+71.94%,376384.66,218910.21,3.97,27.61,0.00%,1351552.85,1351552.85,+13.90%,1265431.23,1110976.84,Finance,Manjushree Financial Institution,MFIL,769.00,+3.60%,28384631.2,27398821.73,+3.33%,25767647.12,24936292.04,+32.36%,2098685.87,1585582.01,-0.45%,+21.38%,ok,skipped,0,,,,,,,,,,,,,,,0,,,,,,,,,,,,,,,,,,,,,,,2026-10-09 18:30,0.1438,9.8463
MHCL,-13.89%,+76.66%,-30.88%,7.19,10.4,-0.70%,87.28,87.89,+0.04%,7.19,+16.18%,160659.96,138284.74,2.20 Ar,-1.93%,-7.83%,57710.06,62615.13,3.14,38.12,0.00%,802500.0,802500.0,+5.05%,-102088.1,-97183.03,Hydro Power,Molung Hydropower Company Limited,MHCL,274.10,+0.05%,1137402.64,1136803.34,+1.28%,436990.73,431486.37,+18.78%,176528.31,148618.05,-4.20%,-32.41%,ok,skipped,0,,,,,,,,,,,,,,,0,,,,,,,,,,,,,,,,,,,,,,,2026-10-09 18:30,0.0824,0.6239
MHL,-6.82%,+89.24%,+3.43%,8.76,8.47,+2.12%,115.85,113.44,-0.34%,8.76,+30.35%,108770.7,83443.7,2.85 Ar,-0.67%,+37.90%,56658.89,41086.51,3.81,50.34,0.00%,646767.0,646767.0,+17.92%,102494.8,86922.42,Hydro Power,Mandakini Hydropower Limited,MHL,441.00,+11.12%,1150075.96,1034956.76,+33.04%,400814.08,301267.26,+29.91%,121708.66,93685.3,-0.56%,-5.85%,ok,skipped,0,,,,,,,,,,,,,,,0,,,,,,,,,,,,,,,,,,,,,,,2026-10-09 18:30,0.0756,0.5349
MHNL,+7.26%,-34.57%,+56.09%,12.78,8.19,+90.89%,70.11,36.73,+2.63%,12.78,+78.70%,270947.54,151625.54,3.22 Ar,+5.46%,+108.12%,159720.24,76743.93,3.67,20.16,0.00%,1250000.0,1250000.0,-52.76%,-373618.26,-790907.71,Hydro Power,Mountain Hydro Nepal Limited,MHNL,257.60,+12.06%,3952949.62,3527608.57,+0.26%,3076567.88,3068516.28,+57.32%,454569.94,288943.13,-2.33%,+3.25%,ok,skipped,0,,,,,,,,,,,,,,,0,,,,,,,,,,,,,,,,,,,,,,,2026-10-09 18:30,0.1823,3.5105
MKCL,-29.96%,+318.71%,,,,,,,-1.84%,-3.49,,,,5.24 Ar,-15.33%,,,,7.21,-214.6,,,,,,,Trading,Muktinath Krishi Company Limited,MKCL,748.00,,,,,,,,,,-10.04%,-44.57%,ok,skipped,0,,,,,,,,,,,,,,,0,,,,,,,,,,,,,,,,,,,,,,,2026-10-09 18:30,,
MKHC,-16.14%,-13.87%,-59.36%,1.59,3.9,-2.18%,61.77,63.15,+0.40%,1.58,+27.77%,379439.0,296962.0,2.52 Ar,-2.14%,-45.81%,15850.0,29251.0,4.09,159.31,0.00%,1000000.0,1000000.0,+3.74%,-382281.0,-368485.0,Hydro Power,Maya Khola Hydropower Company Limited,MKHC,252.50,-0.40%,3110508.0,3123067.0,+0.05%,2492789.0,2491551.0,+27.77%,379439.0,296962.0,-0.98%,-33.64%,ok,skipped,0,,,,,,,,,,,,,,,0,,,,,,,,,,,,,,,,,,,,,,,2026-10-09 18:30,0.0256,4.0355
MKHL,+3.77%,+64.51%,+252.54%,13.83,3.92,+10.04%,114.34,103.9,+0.81%,13.83,-463.86%,-77307.33,21246.34,1.96 Ar,+0.16%,+370.05%,54236.54,11538.45,4.37,36.15,0.00%,392156.8,392156.8,+267.18%,56224.79,15312.59,Hydro Power,Mai Khola Hydropower Limited,MKHL,500.00,+31.80%,990144.06,751235.22,+57.60%,541762.47,343765.83,+51.05%,37631.9,24914.25,-0.60%,-32.05%,ok,skipped,0,,,,,,,,,,,,,,,0,,,,,,,,,,,,,,,,,,,,,,,2026-10-09 18:31,0.121,1.2083
MKJC,-27.29%,-30.20%,-88.76%,0.46,4.09,-2.50%,101.97,104.59,-0.92%,0.46,+18.78%,84936.5,71508.21,1.21 Ar,+18.61%,-85.01%,1732.66,11556.27,3.16,699.36,0.00%,376319.8,376319.8,-56.93%,7431.4,17255.01,Hydro Power,Mailung Khola Jal Vidhyut Company Limited,MKJC,322.00,-3.90%,741603.03,771674.59,-5.36%,357851.83,378099.78,+22.53%,97118.71,79260.12,-3.85%,-44.92%,ok,skipped,0,,,,,,,,,,,,,,,0,,,,,,,,,,,,,,,,,,,,,,,2026-10-09 18:31,0.0045,0.9325
MLBBL,-18.21%,-12.41%,-47.66%,20.07,38.36,-15.90%,167.93,199.67,+0.54%,20.07,+33.65%,245647.67,183796.36,2.09 Ar,-1.46%,-30.22%,51357.08,73597.29,5.57,46.58,0.00%,255843.62,255843.62,-31.85%,173788.26,255003.97,Microcredit,Mithila Laghubitta Bikas Bank,MLBBL,935.00,+8.36%,3814178.38,3520025.12,+12.47%,3384546.5,3009177.52,+33.98%,430921.95,321636.34,-2.30%,-27.54%,ok,skipped,0,,,,,,,,,,,,,,,0,,,,,,,,,,,,,,,,,,,,,,,2026-10-09 18:31,0.1195,7.8778
MLBL,+1.90%,-18.24%,+2.72%,13.96,13.59,+2.11%,165.42,162.01,+1.03%,13.96,+31.63%,2148750.76,1632402.8,15.57 Ar,+3.91%,+36.96%,629951.63,459964.15,2.19,25.95,0.00%,4511281.07,4511281.07,+5.51%,2951362.28,2797322.25,Development Bank,Mahalaxmi Bikas Bank Limited,MLBL,362.40,+3.50%,65057015.42,62858591.91,+3.68%,57594372.08,55549988.59,+31.29%,4337979.32,3304003.14,+1.04%,+0.53%,ok,skipped,0,,,,,,,,,,,,,,,0,,,,,,,,,,,,,,,,,,,,,,,2026-10-09 18:31,0.0844,7.7177
MLBS,-17.56%,+141.07%,+53.53%,24.66,16.06,-26.99%,103.1,141.2,+0.82%,24.66,+31.57%,105064.81,79853.88,1.07 Ar,-2.61%,+104.71%,26970.39,13174.85,9.51,39.74,0.00%,109375.0,109375.0,-92.49%,3385.24,45064.3,Microcredit,Manushi Laghubitta Bittiya Sanstha Limited,MLBS,980.00,+6.60%,1796542.6,1685267.29,+9.99%,1683782.35,1530827.99,+33.68%,215845.64,161459.16,-0.97%,-34.81%,ok,skipped,0,,,,,,,,,,,,,,,0,,,,,,,,,,,,,,,,,,,,,,,2026-10-09 18:31,0.2392,14.9324
MLBSL,-36.86%,-54.45%,+12.36%,37.91,33.74,-38.90%,148.7,243.39,-2.09%,37.91,+76.18%,500576.66,284131.29,2.34 Ar,+1.95%,+49.81%,82487.58,55061.51,7.23,28.35,0.00%,217562.5,217562.5,-66.03%,105956.57,311957.1,Microcredit,Mahila Lagubitta Bittiya Sanstha Limited,MLBSL,"1,075.00",-4.81%,5499813.35,5777980.71,-1.38%,5176294.28,5248461.1,+55.68%,838150.53,538363.17,+1.57%,-47.91%,ok,skipped,0,,,,,,,,,,,,,,,0,,,,,,,,,,,,,,,,,,,,,,,2026-10-09 18:31,0.2549,16.0
MMF1,-9.81%,+2.42%,,,,,,,-1.25%,,,,,1.09 Ar,-1.78%,,,,,,,,,,,,Mutual Fund,Mega Mutual Fund -1,MMF1,8.72,,,,,,,,,,+0.91%,+0.34%,ok,skipped,0,,,,,,,,,,,,,,,0,,,,,,,,,,,,,,,,,,,,,,,2026-10-09 18:31,,
MMKJL,-25.40%,+34.05%,-1.36%,11.13,11.28,+2.69%,100.57,97.94,+2.56%,11.13,+31.65%,381881.0,290062.01,3.57 Ar,+0.58%,+31.52%,111282.99,84612.86,3.55,32.07,0.00%,1000000.0,1000000.0,-127.72%,5715.24,-20618.95,Hydro Power,Mathillo Mailun Khola Jalvidhyut Limited,MMKJL,356.90,+0.34%,3115892.43,3105351.68,-0.74%,2110177.19,2125970.63,+31.65%,431136.03,327496.7,-5.69%,-43.41%,ok,skipped,0,,,,,,,,,,,,,,,0,,,,,,,,,,,,,,,,,,,,,,,2026-10-09 18:31,0.1107,2.0982
MNBBL,-9.59%,-19.25%,+20.81%,18.98,15.71,+4.34%,161.82,155.09,+0.61%,18.98,+37.67%,4743849.0,3445804.0,23.40 Ar,+3.64%,+61.08%,1518362.0,942598.0,2.05,17.49,0.00%,8000389.0,8000389.0,+12.22%,4946027.0,4407606.0,Development Bank,Muktinath Bikas Bank,MNBBL,332.00,+4.61%,141062321.0,134847588.0,+4.64%,128115904.0,122439593.0,+33.77%,9696562.0,7248453.0,-0.30%,-14.43%,ok,skipped,0,,,,,,,,,,,,,,,0,,,,,,,,,,,,,,,,,,,,,,,2026-10-09 18:31,0.1173,9.8959
MNBBLP,+61.67%,+58.73%,,,,,,,0.00%,18.98,,,,0.00,0.00%,,,,2.05,17.49,,,,,,,,,MNBBLP,236.20,,,,,,,,,,0.00%,0.00%,ok,skipped,0,,,,,,,,,,,,,,,0,,,,,,,,,,,,,,,,,,,,,,,2026-10-09 18:31,,
MNMF1,-4.87%,+3.26%,,,,,,,-0.77%,,,,,1.14 Ar,+1.10%,,,,,,,,,,,,Mutual Fund,Muktinath Mutual Fund 1,MNMF1,9.08,,,,,,,,,,+2.23%,+2.97%,ok,skipped,0,,,,,,,,,,,,,,,0,,,,,,,,,,,,,,,,,,,,,,,2026-10-09 18:31,,
MPFL,-8.02%,+79.31%,+665.63%,8.91,1.16,+2.05%,121.76,119.31,+0.53%,8.91,+58.26%,84124.05,53155.81,3.50 Ar,-2.56%,+920.85%,54347.92,5323.77,4.71,64.33,0.00%,610200.0,610200.0,+12.68%,132753.62,117811.31,Finance,Multipurpose Finance,MPFL,573.00,+3.10%,4568216.61,4430762.97,+3.31%,3825262.99,3702751.66,+40.74%,263972.65,187559.5,-2.53%,+3.86%,ok,skipped,0,,,,,,,,,,,,,,,0,,,,,,,,,,,,,,,,,,,,,,,2026-10-09 18:31,0.0732,5.1487
MSHL,-11.03%,+86.18%,-20.59%,14.55,18.32,-11.66%,118.26,133.87,+0.98%,14.55,+42.31%,253940.26,178437.4,4.03 Ar,+5.91%,+21.76%,125192.69,102817.49,4.56,37.05,+15.00%,860660.0,748400.0,-37.99%,157198.21,253506.79,Hydro Power,Mid Solu Hydropower Limited,MSHL,539.00,+0.52%,2234618.75,2223039.99,-0.36%,1216760.54,1221133.21,+41.85%,283659.87,199973.84,-0.26%,-32.63%,ok,skipped,0,,,,,,,,,,,,,,,0,,,,,,,,,,,,,,,,,,,,,,,2026-10-09 18:31,0.123,1.1954
MSLB,-4.51%,-8.42%,+18.03%,49.88,42.26,+8.34%,227.91,210.37,-0.17%,49.88,+36.26%,497435.44,365055.99,4.38 Ar,-1.08%,+57.38%,193278.21,122811.2,5.2,23.74,0.00%,387494.87,387494.87,+15.89%,495636.49,427667.34,Microcredit,Mahuli Samudayik Laghubitta Sanstha Ltd.,MSLB,"1,184.00",+3.08%,6662324.39,6463020.49,+2.33%,5779193.03,5647858.28,+36.82%,842394.56,615680.73,-0.67%,-10.41%,ok,skipped,0,,,,,,,,,,,,,,,0,,,,,,,,,,,,,,,,,,,,,,,2026-10-09 18:31,0.2189,6.544
NABBC,-2.28%,+160.22%,-18.95%,-10.25,-12.64,-10.63%,29.47,32.98,-0.55%,-10.25,+14.03%,-2799.04,-2454.69,1.81 Ar,-2.27%,+8.07%,-53796.88,-49781.51,23.41,-67.34,0.00%,524993.06,524993.06,+5.23%,-370273.82,-351872.55,Development Bank,Narayani Development Bank,NABBC,690.00,+12.50%,773549.27,687581.8,+20.29%,618830.03,514461.29,+40.07%,22877.32,16332.21,-2.69%,-7.98%,ok,skipped,0,,,,,,,,,,,,,,,0,,,,,,,,,,,,,,,,,,,,,,,2026-10-09 18:31,-0.3478,3.9997
NABIL,+7.20%,-33.68%,-12.35%,29.22,33.34,+1.63%,247.28,243.3,+0.60%,29.22,+36.52%,17009288.0,12459400.0,145.08 Ar,+3.32%,+16.87%,7905796.0,6764648.0,2.17,18.35,0.00%,32056997.0,32056997.0,+2.77%,39849568.0,38773846.0,Commercial Banks,Nabil Bank,NABIL,536.20,+2.27%,734731624.0,718429049.0,+2.35%,662825060.0,647598207.0,+33.44%,37955399.0,28443665.0,+0.85%,+13.70%,ok,skipped,0,,,,,,,,,,,,,,,0,,,,,,,,,,,,,,,,,,,,,,,2026-10-09 18:31,0.1182,9.2179
NABILD2089,-0.36%,+4.77%,,,,,,,-1.79%,,,,,0.00,+4.87%,,,,,,,,,,,,Bond,7% Nabil Debenture 2089,NABILD2089,"1,100.00",,,,,,,,,,+3.99%,+4.77%,ok,skipped,0,,,,,,,,,,,,,,,0,,,,,,,,,,,,,,,,,,,,,,,2026-10-09 18:31,,
NABILD87,+3.02%,+15.90%,,,,,,,0.00%,,,,,0.00,+6.57%,,,,,,,,,,,,Bond,9% Nabil Debenture 2087,NABILD87,"1,159.00",,,,,,,,,,0.00%,+4.32%,ok,skipped,0,,,,,,,,,,,,,,,0,,,,,,,,,,,,,,,,,,,,,,,2026-10-09 18:31,,
NADEP,-10.55%,-16.21%,+65.19%,29.52,17.87,+18.06%,192.29,162.87,+2.45%,29.52,+50.02%,487144.06,324713.61,3.25 Ar,-3.56%,+120.25%,143399.1,65105.98,3.48,22.66,0.00%,485760.0,485760.0,+46.78%,448289.73,305411.65,Microcredit,Nadep Laghubitta Bittiya Sanstha Ltd.,NADEP,669.00,+4.70%,7331805.92,7002629.91,+3.00%,6397756.19,6211458.26,+42.45%,838681.74,588746.25,-4.39%,-14.86%,ok,skipped,0,,,,,,,,,,,,,,,0,,,,,,,,,,,,,,,,,,,,,,,2026-10-09 18:31,0.1535,6.8495
NBBD2085,+0.72%,+3.90%,,,,,,,0.00%,,,,,0.00,-3.45%,,,,,,,,,,,,Bond,10.25% NBBL Debenture 2085,NBBD2085,"1,120.00",,,,,,,,,,-0.88%,-2.73%,ok,skipped,0,,,,,,,,,,,,,,,0,,,,,,,,,,,,,,,,,,,,,,,2026-10-09 18:31,,
NBF2,-1.53%,+28.17%,,,,,,,-2.36%,,,,,1.02 Ar,-3.40%,,,,,,,,,,,,Mutual Fund,Nabil Balanced Fund 2,NBF2,9.10,,,,,,,,,,+0.98%,+1.68%,ok,skipped,0,,,,,,,,,,,,,,,0,,,,,,,,,,,,,,,,,,,,,,,2026-10-09 18:31,,
NBF3,-7.63%,+4.94%,,,,,,,+0.22%,,,,,1.13 Ar,-1.42%,,,,,,,,,,,,Mutual Fund,Nabil Balanced Fund-3,NBF3,9.02,,,,,,,,,,-1.75%,+2.52%,ok,skipped,0,,,,,,,,,,,,,,,0,,,,,,,,,,,,,,,,,,,,,,,2026-10-09 18:31,,
NBL,+10.53%,-26.82%,+20.84%,30.63,25.34,+5.46%,287.7,272.79,+1.40%,30.63,+37.19%,10033060.54,7313205.86,43.64 Ar,+5.70%,+61.13%,4500199.27,2792981.92,1.03,9.7,0.00%,14694022.93,14694022.93,+8.63%,27580084.58,25390161.22,Commercial Banks,Nepal Bank,NBL,297.00,+7.47%,484453696.1,450762877.5,+7.67%,442179588.6,410678693.3,+35.54%,21953771.9,16197586.1,-0.03%,+17.63%,ok,skipped,0,,,,,,,,,,,,,,,0,,,,,,,,,,,,,,,,,,,,,,,2026-10-09 18:31,0.1065,10.4598
NBLD85,-4.11%,+23.94%,,,,,,,0.00%,,,,,0.00,+1.06%,,,,,,,,,,,,Bond,Nabil Debenture 2085,NBLD85,"1,051.00",,,,,,,,,,+0.52%,-2.32%,ok,skipped,0,,,,,,,,,,,,,,,0,,,,,,,,,,,,,,,,,,,,,,,2026-10-09 18:31,,
NESDO,-13.18%,+89.88%,-27.74%,47.03,65.09,-0.83%,285.09,287.49,-1.29%,47.03,+38.23%,295381.2,213694.41,3.79 Ar,-1.57%,-3.66%,137014.11,142216.07,4.56,27.66,0.00%,291337.5,291337.5,-1.28%,539246.77,546233.0,Microcredit,NESDO Sambridha Laghubitta Bittiye Sanstha Limited,NESDO,"1,301.00",-1.68%,4123384.82,4193832.81,-1.89%,3292800.55,3356262.3,+36.74%,527579.88,385835.33,-1.57%,-13.57%,ok,skipped,0,,,,,,,,,,,,,,,0,,,,,,,,,,,,,,,,,,,,,,,2026-10-09 18:31,0.165,3.9644
NFS,-18.33%,+35.65%,-33.81%,-8.95,-13.52,+0.64%,123.18,122.4,+0.43%,-8.95,+44.68%,84066.81,58104.54,3.96 Ar,-4.30%,-11.46%,-69616.36,-78625.21,3.83,-52.76,+0.32%,778146.75,775646.75,+3.84%,180400.36,173735.52,Finance,Nepal Finance,NFS,472.00,+0.52%,5669020.72,5639436.09,+0.44%,4710473.61,4690053.83,+36.43%,337469.63,247365.06,-2.08%,-24.92%,ok,skipped,0,,,,,,,,,,,,,,,0,,,,,,,,,,,,,,,,,,,,,,,2026-10-09 18:31,-0.0727,4.9142
NGPL,-3.10%,+111.43%,-8.91%,1.27,1.39,-8.91%,138.35,151.88,+1.20%,1.27,+27.22%,118576.55,93204.6,14.74 Ar,+0.10%,+21.45%,49150.18,40469.24,2.88,314.06,0.00%,3878429.97,3878429.97,-26.09%,1487269.4,2012278.44,Hydro Power,Ngadi Group Power Ltd.,NGPL,398.00,-8.17%,6441420.7,7014584.89,-4.28%,1075721.33,1123876.47,+30.69%,138054.46,105632.08,-0.86%,+8.48%,ok,skipped,0,,,,,,,,,,,,,,,0,,,,,,,,,,,,,,,,,,,,,,,2026-10-09 18:31,0.0092,0.2005
NHDL,-1.02%,+88.85%,-16.46%,14.0,16.75,+1.06%,124.92,123.6,+0.31%,14.0,+17.42%,96176.0,81907.0,2.48 Ar,+1.92%,+11.38%,59220.0,53167.0,5.12,45.73,0.00%,423134.0,423134.0,+5.58%,105427.0,99858.0,Hydro Power,Nepal Hydro Developers Ltd.,NHDL,640.00,-2.37%,616329.0,631302.0,-18.97%,87767.0,108311.0,+19.84%,112907.0,94214.0,+0.47%,+2.94%,ok,skipped,0,,,,,,,,,,,,,,,0,,,,,,,,,,,,,,,,,,,,,,,2026-10-09 18:31,0.1121,0.166
NHPC,+5.10%,+6.53%,-189.33%,-0.93,1.04,-1.72%,95.46,97.14,-0.56%,-0.93,-22.83%,64453.24,83517.33,6.57 Ar,+5.30%,-219.11%,-22929.16,19250.98,2.79,-286.75,0.00%,2467162.92,2467162.92,+58.40%,-111890.71,-70637.92,Hydro Power,National Hydro Power,NHPC,266.50,+2.11%,3483288.15,3411425.99,+11.15%,1128015.95,1014900.99,+1.28%,137268.28,135537.34,+2.45%,+38.14%,ok,skipped,0,,,,,,,,,,,,,,,0,,,,,,,,,,,,,,,,,,,,,,,2026-10-09 18:31,-0.0097,0.4789
NIBD84,-1.11%,+6.50%,,,,,,,0.00%,,,,,0.00,+2.90%,,,,,,,,,,,,Bond,8.5% Nepal Investment Bank Debenture 2084,NIBD84,"1,065.00",,,,,,,,,,+2.40%,+1.33%,ok,skipped,0,,,,,,,,,,,,,,,0,,,,,,,,,,,,,,,,,,,,,,,2026-10-09 18:31,,
NIBLGF,-6.03%,+14.22%,,,,,,,+0.46%,,,,,1.16 Ar,+1.63%,,,,,,,,,,,,Mutual Fund,NIBL Growth Fund,NIBLGF,8.77,,,,,,,,,,-0.91%,+0.34%,ok,skipped,0,,,,,,,,,,,,,,,0,,,,,,,,,,,,,,,,,,,,,,,2026-10-09 18:31,,
NIBLSTF,-6.29%,-7.22%,,,,,,,+1.80%,,,,,96.05 Cr,+1.21%,,,,,,,,,,,,,,NIBLSTF,8.50,,,,,,,,,,-1.30%,-0.83%,ok,skipped,0,,,,,,,,,,,,,,,0,,,,,,,,,,,,,,,,,,,,,,,2026-10-09 18:31,,
NIBSF2,-4.07%,+0.37%,,,,,,,-0.92%,,,,,1.30 Ar,+5.31%,,,,,,,,,,,,Mutual Fund,NIBL Samriddhi Fund -2,NIBSF2,8.65,,,,,,,,,,+1.16%,+1.51%,ok,skipped,0,,,,,,,,,,,,,,,0,,,,,,,,,,,,,,,,,,,,,,,2026-10-09 18:31,,
NICA,-6.78%,-52.93%,-2.89%,1.22,1.25,-0.38%,172.32,172.97,+1.13%,1.22,+24.36%,7845055.51,6308251.64,46.69 Ar,+0.49%,+29.49%,181702.47,140324.17,1.82,256.97,0.00%,14917566.92,14917566.92,-0.90%,10787978.58,10885935.79,Commercial Banks,NIC Asia Bank,NICA,313.00,+1.97%,393878938.8,386282218.8,+2.13%,368173393.3,360478716.1,+29.99%,22732145.62,17487944.03,-1.24%,-3.58%,ok,skipped,0,,,,,,,,,,,,,,,0,,,,,,,,,,,,,,,,,,,,,,,2026-10-09 18:31,0.0071,14.3227
NICAD2091,+2.80%,+4.76%,,,,,,,0.00%,,,,,0.00,+0.92%,,,,,,,,,,,,Bond,7% NIC ASIA Debenture 2091,NICAD2091,"1,100.00",,,,,,,,,,+1.29%,+4.66%,ok,skipped,0,,,,,,,,,,,,,,,0,,,,,,,,,,,,,,,,,,,,,,,2026-10-09 18:31,,
NICBF,-0.73%,+34.17%,,,,,,,0.00%,,,,,0.00,+10.05%,,,,,,,,,,,,Mutual Fund,NIC Asia Balanced Fund,NICBF,9.53,,,,,,,,,,+5.89%,+7.68%,ok,skipped,0,,,,,,,,,,,,,,,0,,,,,,,,,,,,,,,,,,,,,,,2026-10-09 18:31,,
NICFC,-5.34%,+7.07%,,,,,,,+2.82%,,,,,93.33 Cr,-1.88%,,,,,,,,,,,,Mutual Fund,NIC Asia Flexi CAP Fund,NICFC,9.11,,,,,,,,,,-1.34%,-1.56%,ok,skipped,0,,,,,,,,,,,,,,,0,,,,,,,,,,,,,,,,,,,,,,,2026-10-09 18:31,,
NICGF2,-4.35%,-2.22%,,,,,,,-1.02%,,,,,78.83 Cr,+1.15%,,,,,,,,,,,,Mutual Fund,NIC ASIA Growth Fund-2,NICGF2,8.71,,,,,,,,,,-0.90%,+2.09%,ok,skipped,0,,,,,,,,,,,,,,,0,,,,,,,,,,,,,,,,,,,,,,,2026-10-09 18:31,,
NICL,-15.39%,+8.61%,-9.77%,5.0,5.55,+2.20%,176.85,173.04,-1.57%,5.0,+33.17%,653144.17,490475.27,11.04 Ar,+2.09%,+20.31%,127550.26,106017.18,2.15,86.52,0.00%,2548575.01,2548575.01,+25.21%,57350.73,45805.26,Non Life Insurance,Nepal Insurance,NICL,433.00,+1.80%,7669079.6,7533282.76,+1.24%,3161859.34,3123179.03,+43.34%,1557185.43,1086327.13,-1.37%,-14.19%,ok,skipped,0,,,,,,,,,,,,,,,0,,,,,,,,,,,,,,,,,,,,,,,2026-10-09 18:32,0.0283,0.7015
NICLBSL,-10.65%,-56.11%,-14.41%,7.01,8.2,-15.37%,107.77,127.35,-0.57%,7.01,+64.19%,1402290.19,854070.94,8.56 Ar,-3.51%,+14.12%,122010.75,106916.0,4.57,70.17,0.00%,1739440.0,1739440.0,-71.58%,135191.92,475713.51,Microcredit,NIC ASIA Laghubitta Bittiya Sanstha Limited,NICLBSL,492.20,+2.37%,23927205.12,23373315.17,+4.23%,22052573.19,21158161.66,+49.67%,2482128.17,1658454.33,-2.56%,-11.61%,ok,skipped,0,,,,,,,,,,,,,,,0,,,,,,,,,,,,,,,,,,,,,,,2026-10-09 18:32,0.065,11.7637
NICSF,-10.64%,+4.80%,,,,,,,+1.19%,,,,,1.06 Ar,+1.82%,,,,,,,,,,,,Mutual Fund,NIC Asia Select Fund 30,NICSF,8.50,,,,,,,,,,-1.18%,-6.77%,ok,skipped,0,,,,,,,,,,,,,,,0,,,,,,,,,,,,,,,,,,,,,,,2026-10-09 18:32,,
NIFRA,+1.22%,-16.39%,+15.12%,4.57,3.97,+1.19%,117.22,115.84,+0.24%,4.57,+33.79%,1446678.0,1081269.0,53.03 Ar,+3.44%,+53.49%,987396.0,643310.0,2.09,53.7,0.00%,21600000.0,21600000.0,+8.72%,3718738.0,3420503.0,Development Bank,Nepal Infrastructure Bank Limited,NIFRA,245.50,+1.52%,41847044.0,41222146.0,+2.02%,16528308.0,16201643.0,+34.15%,2424011.0,1806987.0,-0.33%,-1.72%,ok,skipped,0,,,,,,,,,,,,,,,0,,,,,,,,,,,,,,,,,,,,,,,2026-10-09 18:32,0.039,0.6528
NIFRAGED,+5.32%,+9.91%,,,,,,,0.00%,,,,,0.00,+5.76%,,,,,,,,,,,,Bond,Nifra Green Energy Debenture 6% - 2088/89,NIFRAGED,"1,100.20",,,,,,,,,,+2.52%,+7.86%,ok,skipped,0,,,,,,,,,,,,,,,0,,,,,,,,,,,,,,,,,,,,,,,2026-10-09 18:32,,
NIL,-17.11%,-27.57%,+31.89%,10.4,7.89,+1.45%,226.33,223.11,+1.17%,10.4,+61.12%,1151945.17,714963.84,13.92 Ar,-0.39%,+75.85%,288321.88,163956.17,1.75,49.71,0.00%,2772278.3,2772278.3,-1.34%,365027.79,370002.08,Non Life Insurance,Neco Insurance,NIL,517.00,-1.38%,12158069.83,12327679.02,-4.22%,5883449.87,6142517.07,+50.05%,2525950.82,1683448.01,-2.72%,-8.74%,ok,skipped,0,,,,,,,,,,,,,,,0,,,,,,,,,,,,,,,,,,,,,,,2026-10-09 18:32,0.046,0.9377
NIMB,-0.83%,-44.48%,-34.52%,8.05,12.29,-1.01%,197.71,199.72,+1.57%,8.05,+35.59%,12988685.0,9579558.0,66.21 Ar,+4.83%,-12.70%,2747216.0,3146768.0,0.98,24.1,0.00%,34128595.0,34128595.0,-2.02%,33345915.0,34033347.0,Commercial Banks,Nepal Investment Bank,NIMB,194.00,-0.43%,613344229.0,616006748.0,-0.36%,545869720.0,547844806.0,+32.56%,31450071.0,23725140.0,-0.52%,-6.33%,ok,skipped,0,,,,,,,,,,,,,,,0,,,,,,,,,,,,,,,,,,,,,,,2026-10-09 18:32,0.0407,8.09
NIMBD90,+2.29%,+21.57%,,,,,,,0.00%,,,,,0.00,+5.40%,,,,,,,,,,,,Bond,10% NIMB Debenture 2090,NIMBD90,"1,240.00",,,,,,,,,,+1.22%,+1.06%,ok,skipped,0,,,,,,,,,,,,,,,0,,,,,,,,,,,,,,,,,,,,,,,2026-10-09 18:32,,
NIMBPO,+1.38%,-60.10%,,,,,,,0.00%,8.05,,,,26.91 Ar,+4.33%,,,,0.98,24.1,,,,,,,Commercial Banks,Nepal Investment Mega Bank Promoter,NIMBPO,147.00,,,,,,,,,,+2.15%,-11.45%,ok,skipped,0,,,,,,,,,,,,,,,0,,,,,,,,,,,,,,,,,,,,,,,2026-10-09 18:32,,
NLG,-14.72%,+12.96%,+24.56%,2.17,1.74,-2.67%,166.37,170.93,+0.10%,2.17,+34.98%,658899.63,488135.12,12.57 Ar,-2.93%,+66.08%,57812.13,34810.19,1.99,226.12,0.00%,2667833.41,2667833.41,-31.41%,11700.48,17057.41,Non Life Insurance,Nlg Insurance,NLG,490.00,-7.57%,9058789.95,9801164.08,-11.84%,4620449.49,5241115.49,+40.64%,1835970.32,1305418.84,-2.66%,-25.85%,ok,skipped,0,,,,,,,,,,,,,,,0,,,,,,,,,,,,,,,,,,,,,,,2026-10-09 18:32,0.013,1.041
NLIC,-3.10%,-39.20%,-23.26%,4.91,6.4,-0.20%,126.07,126.33,+0.42%,4.91,+49.28%,7087357.8,4747672.76,65.01 Ar,+2.15%,+2.32%,465450.35,454894.36,6.64,146.65,0.00%,9480201.37,9480201.37,+2.01%,799089.55,783333.52,Life Insurance,Nepal Life Insurance,NLIC,720.00,-0.58%,292098602.3,293806885.0,-0.60%,280146657.9,281830926.2,+42.18%,74457240.27,52366736.68,-1.50%,+1.23%,ok,skipped,0,,,,,,,,,,,,,,,0,,,,,,,,,,,,,,,,,,,,,,,2026-10-09 18:32,0.0389,23.4394
NLICL,-2.46%,+3.02%,-33.28%,6.51,9.76,-2.03%,127.75,130.39,+0.93%,6.51,+37.23%,3093544.82,2254307.25,31.09 Ar,+2.29%,-11.04%,370616.53,416629.89,5.23,87.23,0.00%,5691649.33,5691649.33,-6.68%,489868.7,524930.0,Life Insurance,National Life Insurance,NLICL,568.00,+3.09%,116934116.7,113426400.7,+3.78%,109663216.1,105664789.8,+49.62%,31602301.2,21121104.69,-1.25%,+2.69%,ok,skipped,0,,,,,,,,,,,,,,,0,,,,,,,,,,,,,,,,,,,,,,,2026-10-09 18:32,0.051,15.0825
NMB,+7.51%,-21.80%,+12.00%,20.81,18.58,+3.42%,181.8,175.79,+0.86%,20.81,+27.76%,9426239.0,7378022.0,47.20 Ar,+5.16%,+49.33%,4013673.0,2687786.0,1.41,12.35,0.00%,22285041.0,22285041.0,+7.93%,15774730.0,14616280.0,Commercial Banks,NMB Bank,NMB,257.00,+5.85%,397381305.0,375401623.0,+6.15%,359321535.0,338500303.0,+31.64%,21041592.0,15984078.0,-0.27%,+14.57%,ok,skipped,0,,,,,,,,,,,,,,,0,,,,,,,,,,,,,,,,,,,,,,,2026-10-09 18:32,0.1145,9.441
NMBHF2,-3.90%,+1.94%,,,,,,,-0.33%,,,,,1.22 Ar,-2.49%,,,,,,,,,,,,Mutual Fund,NMB Hybrid Fund L- II,NMBHF2,8.97,,,,,,,,,,+0.78%,+3.51%,ok,skipped,0,,,,,,,,,,,,,,,0,,,,,,,,,,,,,,,,,,,,,,,2026-10-09 18:32,,
NMBMF,-3.14%,-42.58%,+27.05%,20.43,16.08,+5.84%,150.76,142.44,+0.32%,20.43,+44.86%,643488.2,444206.74,4.28 Ar,+1.51%,+69.40%,147401.96,87013.31,3.94,29.06,0.00%,721449.15,721449.15,+19.60%,366209.67,306187.69,Microcredit,NMB Microfinance,NMBMF,593.70,+14.30%,10059136.26,8800616.07,+15.42%,8971477.44,7772979.23,+42.65%,1034684.57,725320.69,-0.05%,-11.67%,ok,skipped,0,,,,,,,,,,,,,,,0,,,,,,,,,,,,,,,,,,,,,,,2026-10-09 18:32,0.1355,8.2484
NMFBS,+6.47%,-9.93%,+13.56%,58.59,51.59,+7.63%,279.32,259.51,-0.25%,58.59,+51.27%,2064295.0,1364659.0,15.70 Ar,+4.59%,+51.41%,891304.0,588661.0,4.22,20.12,0.00%,1521363.0,1521363.0,+12.42%,2728039.0,2426669.0,Microcredit,National Microfinance Bittiya Sanstha Ltd.,NMFBS,"1,179.00",+10.00%,34745676.0,31587115.0,+10.34%,30496274.0,27639083.0,+40.89%,3575242.0,2537532.0,-1.10%,+10.63%,ok,skipped,0,,,,,,,,,,,,,,,0,,,,,,,,,,,,,,,,,,,,,,,2026-10-09 18:32,0.2098,7.1766
NMIC,-17.37%,+133.11%,+25.27%,5.68,4.54,+6.18%,106.36,100.17,+1.92%,5.68,+128.75%,138934.08,60736.62,5.92 Ar,-1.26%,+67.02%,42610.31,25512.39,5.74,139.05,0.00%,750000.0,750000.0,"-1,174.59%",20659.9,-1922.59,Non Life Insurance,Nepal Micro Insurance Company Limited,NMIC,790.00,-8.06%,1188157.42,1292292.92,-27.83%,390469.19,541034.64,+100.75%,199253.26,99255.14,-2.63%,-29.54%,ok,skipped,0,,,,,,,,,,,,,,,0,,,,,,,,,,,,,,,,,,,,,,,2026-10-09 18:32,0.0534,0.4895
NMLBBL,-9.43%,-46.77%,+303.63%,16.88,4.18,+3.60%,186.59,180.1,+1.39%,16.88,+44.09%,1294362.5,898298.57,6.94 Ar,+1.03%,+438.18%,235901.43,43833.1,2.66,29.44,0.00%,1397764.27,1397764.27,+8.10%,1210364.75,1119638.58,Microcredit,Nerude Mirmire Laghubitta Bittiya Sanstha Limited,NMLBBL,496.80,-0.26%,20959402.87,21014686.11,-0.79%,18351273.84,18497283.26,+39.42%,2485092.19,1782447.92,-3.49%,-21.35%,ok,skipped,0,,,,,,,,,,,,,,,0,,,,,,,,,,,,,,,,,,,,,,,2026-10-09 18:32,0.0905,7.0362
NRIC,-15.09%,-18.09%,,,,,,,+1.26%,-58.02,,,,107.91 Ar,-0.63%,,,,7.36,-13.86,,,,,,,ReInsurance,Nepal Reinsurance Company Limited,NRIC,804.00,,,,,,,,,,-1.12%,-39.25%,ok,skipped,0,,,,,,,,,,,,,,,0,,,,,,,,,,,,,,,,,,,,,,,2026-10-09 18:32,,
NRM,-12.81%,+1.31%,,,,,,,-1.36%,-3.18,,,,2.66 Ar,+1.42%,,,,3.21,-86.67,,,,,,,Media,Nepal Republic Media Limited,NRM,275.20,,,,,,,,,,-3.79%,-33.54%,ok,skipped,0,,,,,,,,,,,,,,,0,,,,,,,,,,,,,,,,,,,,,,,2026-10-09 18:32,,
NRN,-2.21%,+246.94%,-21.34%,-4.32,-5.49,-1.86%,169.23,172.44,+1.38%,-4.32,+87.12%,41300.97,22072.27,17.76 Ar,-2.90%,+4.88%,-77689.18,-74072.84,8.17,-320.1,0.00%,1798121.2,1798121.2,-4.43%,1244773.04,1302531.9,Organized Fund,NRN Infrastructure and Development Limited,NRN,"1,383.00",-4.51%,3329929.58,3487139.68,-25.73%,287035.35,386486.58,+75.00%,48628.97,27788.28,-1.29%,+6.22%,ok,skipped,0,,,,,,,,,,,,,,,0,,,,,,,,,,,,,,,,,,,,,,,2026-10-09 18:32,-0.0255,0.0943
NSIF2,+3.63%,+24.33%,,,,,,,+0.30%,,,,,1.23 Ar,+2.23%,,,,,,,,,,,,Mutual Fund,NMB Sulav Investment Fund - 2,NSIF2,10.10,,,,,,,,,,-0.20%,+9.74%,ok,skipped,0,,,,,,,,,,,,,,,0,,,,,,,,,,,,,,,,,,,,,,,2026-10-09 18:32,,
NSY,-7.52%,-12.81%,,,,,,,+2.82%,,,,,1.82 Ar,-1.67%,,,,,,,,,,,,Mutual Fund,Nepal Life Samriddhi Lagani Yojana,NSY,9.10,,,,,,,,,,-0.67%,-12.81%,ok,skipped,0,,,,,,,,,,,,,,,0,,,,,,,,,,,,,,,,,,,,,,,2026-10-09 18:32,,
NTC,+6.26%,+24.96%,+5.99%,49.25,46.47,+1.21%,557.54,550.88,-0.22%,49.25,+36.81%,33286625.0,24330301.0,161.64 Ar,+1.35%,+41.31%,8864638.0,6272997.0,1.61,18.23,0.00%,18000000.0,18000000.0,+1.48%,82356484.0,81158964.0,Telecom,Nepal Doorsanchar Company,NTC,898.00,+2.07%,138126092.0,135328493.0,+4.42%,37769608.0,36169529.0,+35.85%,39199646.0,28854894.0,-0.67%,+10.83%,ok,skipped,0,,,,,,,,,,,,,,,0,,,,,,,,,,,,,,,,,,,,,,,2026-10-09 18:32,0.0883,0.3764
NUBL,-3.22%,-35.10%,+69.80%,12.8,7.54,+3.15%,221.18,214.43,+0.81%,12.8,+35.14%,1884586.71,1394568.11,15.67 Ar,+5.36%,+126.41%,350980.63,155021.71,2.71,46.89,0.00%,2742683.74,2742683.74,+5.90%,3323559.95,3138320.0,Microcredit,Nirdhan Utthan Bank,NUBL,600.00,+3.63%,30551428.78,29480039.29,+3.76%,24485185.1,23599035.56,+35.86%,3678963.16,2707896.64,+0.66%,-15.33%,ok,skipped,0,,,,,,,,,,,,,,,0,,,,,,,,,,,,,,,,,,,,,,,2026-10-09 18:32,0.0579,4.0363
NWCL,-24.31%,+135.19%,,,,,,,-0.98%,-6.54,,,,3.68 Ar,-8.47%,,,,5.2,-81.81,,,,,,,Trading,Nepal Warehousing Company Limited,NWCL,534.70,,,,,,,,,,-6.77%,-33.29%,ok,skipped,0,,,,,,,,,,,,,,,0,,,,,,,,,,,,,,,,,,,,,,,2026-10-09 18:32,,
NYADI,-9.39%,+9.44%,-79.47%,2.45,11.94,-9.42%,62.55,69.05,-1.12%,2.45,-9.11%,352840.0,388185.0,5.04 Ar,-3.25%,-72.63%,40446.0,147778.0,5.37,137.07,0.00%,1650000.0,1650000.0,+21.02%,-617933.0,-510602.0,Hydro Power,Nyadi Hydropower Limited,NYADI,336.00,-3.32%,5525604.0,5715321.0,-1.80%,4493537.0,4575923.0,+6.93%,652012.0,609770.0,-2.19%,-15.05%,ok,skipped,0,,,,,,,,,,,,,,,0,,,,,,,,,,,,,,,,,,,,,,,2026-10-09 18:32,0.0392,4.3539
OHL,-8.96%,+29.05%,+21.24%,-4.01,-3.3,-0.47%,326.64,328.17,+0.90%,-4.01,+37.38%,217795.4,158537.31,7.29 Ar,+0.39%,+61.65%,-47447.15,-29351.36,1.88,-153.66,0.00%,1184494.96,1184494.96,-0.67%,2684597.71,2702693.41,Hotels,Oriental Hotels,OHL,615.50,+0.99%,6086173.8,6026554.95,+3.63%,2217081.13,2139366.58,+38.80%,1028164.49,740756.76,-2.09%,-10.29%,ok,skipped,0,,,,,,,,,,,,,,,0,,,,,,,,,,,,,,,,,,,,,,,2026-10-09 18:32,-0.0123,0.573
OMPL,-13.30%,+178.79%,-30.88%,-6.29,-9.1,+0.55%,98.04,97.5,-0.97%,-6.29,+48.28%,129459.48,87305.77,4.92 Ar,-8.00%,-7.84%,-37757.02,-40969.93,8.36,-130.31,0.00%,600000.0,600000.0,-21.46%,-11761.14,-14974.06,Manufacturing And Processing,Om Megashree Pharmaceuticals Limited,OMPL,820.00,+0.38%,1536027.3,1530153.41,+0.28%,947788.44,945127.47,+50.90%,211601.22,140229.71,-3.37%,-27.30%,ok,skipped,0,,,,,,,,,,,,,,,0,,,,,,,,,,,,,,,,,,,,,,,2026-10-09 18:32,-0.0642,1.6112
PBD93,+13.06%,+13.06%,,,,,,,-2.07%,,,,,0.00,+13.06%,,,,,,,,,,,,Bond,6.25% Prime Bank Debenture 2093,PBD93,"1,136.00",,,,,,,,,,+2.56%,+13.06%,ok,skipped,0,,,,,,,,,,,,,,,0,,,,,,,,,,,,,,,,,,,,,,,2026-10-09 18:32,,
PCBL,+11.54%,-26.70%,-0.16%,19.63,19.66,+2.64%,175.8,171.28,+1.53%,19.63,+34.66%,9212693.62,6841242.73,51.42 Ar,+8.75%,+33.12%,4112568.8,3089335.32,1.51,13.5,0.00%,20954781.77,20954781.77,+6.34%,15883611.59,14936221.84,Commercial Banks,Prime Commercial Bank,PCBL,265.00,+3.28%,336067949.3,325394310.6,+3.36%,299229555.9,289503307.0,+32.64%,21618585.43,16298745.7,0.00%,+17.64%,ok,skipped,0,,,,,,,,,,,,,,,0,,,,,,,,,,,,,,,,,,,,,,,2026-10-09 18:32,0.1117,8.1228
PCIL,-1.28%,+86.36%,-47.66%,1.07,2.04,-0.33%,129.15,129.58,-0.33%,1.07,+33.91%,791598.34,591154.39,22.99 Ar,+0.84%,-30.22%,39992.67,57311.54,4.75,574.79,0.00%,3750000.0,3750000.0,-1.44%,1093256.57,1109240.32,Manufacturing And Processing,Palpa Cement Industries Limited,PCIL,613.00,-6.16%,10315081.0,10991929.8,-10.78%,5471824.43,6132689.48,+40.07%,4784071.92,3415397.88,-0.36%,+86.36%,ok,skipped,0,,,,,,,,,,,,,,,0,,,,,,,,,,,,,,,,,,,,,,,2026-10-09 18:32,0.0083,1.1298
PFL,-9.89%,-37.42%,+48.59%,13.37,9.0,+10.41%,70.01,63.41,-0.30%,13.37,+27.01%,176435.6,138917.36,6.22 Ar,-12.06%,+247.99%,254299.52,73077.48,4.67,24.45,+75.65%,1901468.01,1082556.61,+43.97%,-570338.3,-396158.14,Finance,Pokhara Finance,PFL,327.00,+48.41%,12079719.34,8139422.65,+44.22%,10748589.64,7453024.18,+27.43%,549439.41,431165.34,-3.24%,-14.16%,ok,skipped,0,,,,,,,,,,,,,,,0,,,,,,,,,,,,,,,,,,,,,,,2026-10-09 18:32,0.191,8.0748
PHCL,+15.02%,+24.81%,"+1,302.63%",2.23,0.16,+2.01%,102.24,100.23,-0.03%,2.23,+42.82%,703820.32,492799.51,10.78 Ar,+13.47%,"+1,770.17%",71416.57,3818.73,3.3,150.96,0.00%,3200000.0,3200000.0,+863.38%,71800.85,7453.01,Hydro Power,Peoples Hydropower Company Limited,PHCL,336.90,+0.37%,11516943.16,11474659.39,-0.27%,8245142.31,8267206.38,+39.37%,1156058.78,829478.87,-1.03%,-10.42%,ok,skipped,0,,,,,,,,,,,,,,,0,,,,,,,,,,,,,,,,,,,,,,,2026-10-09 18:32,0.0218,2.5201
PMHPL,-3.83%,+3.93%,-39.10%,6.07,9.97,-1.66%,83.39,84.8,0.00%,6.07,+16.29%,295875.8,254426.7,3.34 Ar,+3.40%,-18.79%,66795.76,82255.25,3.65,50.06,0.00%,1100000.0,1100000.0,+9.24%,-182682.34,-167222.85,Hydro Power,Panchakanya Mai Hydropower,PMHPL,304.00,-1.24%,2484348.93,2515477.79,-0.99%,1567031.27,1582700.63,+19.04%,347144.36,291624.73,+1.33%,+1.00%,ok,skipped,0,,,,,,,,,,,,,,,0,,,,,,,,,,,,,,,,,,,,,,,2026-10-09 18:32,0.0728,1.7083
PMLI,-6.07%,-5.18%,+2.41%,7.08,6.91,+0.84%,116.58,115.6,+0.24%,7.08,+77.62%,1292577.74,727730.7,21.38 Ar,+4.24%,+36.54%,375593.04,275070.86,3.88,59.21,0.00%,5307793.92,5307793.92,+28.93%,428240.52,332145.55,Life Insurance,Prabhu Mahalaxmi Life Insurance Limited,PMLI,419.00,+6.92%,25758666.25,24092278.16,+8.99%,19571029.74,17956413.8,+47.77%,7474220.66,5057929.88,-0.31%,-8.44%,ok,skipped,0,,,,,,,,,,,,,,,0,,,,,,,,,,,,,,,,,,,,,,,2026-10-09 18:32,0.0607,3.1629
PPCL,+0.60%,-13.93%,+6.11%,8.85,8.34,+2.70%,98.65,96.06,0.00%,8.85,+33.61%,338965.86,253691.2,3.22 Ar,+0.15%,+41.48%,85163.28,60193.88,3.4,37.86,0.00%,962500.0,962500.0,-65.78%,-12991.95,-37961.36,Hydro Power,Panchthar Power Company Ltd.,PPCL,335.00,+0.44%,2877749.22,2865238.85,-0.64%,1928241.17,1940700.21,+30.61%,377816.87,289281.17,+0.60%,+10.96%,ok,skipped,0,,,,,,,,,,,,,,,0,,,,,,,,,,,,,,,,,,,,,,,2026-10-09 18:33,0.0897,2.0308
PPL,-3.76%,+55.69%,-9.52%,-2.29,-2.53,-0.38%,102.59,102.98,+1.76%,-2.29,+217.51%,75808.0,23876.0,3.06 Ar,+4.38%,+20.64%,-21763.0,-18040.0,3.15,-140.79,0.00%,948900.0,948900.0,-13.17%,24545.0,28268.0,Hydro Power,Peoples Power Limited,PPL,322.89,-0.60%,974853.0,980756.0,-60.71%,1410.0,3589.0,+67.71%,89890.0,53598.0,-2.40%,+7.93%,ok,skipped,0,,,,,,,,,,,,,,,0,,,,,,,,,,,,,,,,,,,,,,,2026-10-09 18:33,-0.0223,0.0014
PRIN,-14.89%,+19.63%,-19.62%,13.33,16.58,-7.90%,193.0,209.55,-0.26%,13.33,+29.53%,725459.09,560086.85,9.89 Ar,-1.85%,+16.49%,246443.35,211555.53,2.06,43.63,+8.70%,1848939.09,1700955.92,-58.19%,104151.54,249124.55,Non Life Insurance,Prabhu Insurance,PRIN,581.50,-3.15%,7437160.11,7678897.48,-5.98%,3868676.79,4114601.89,+35.44%,1008333.2,744488.18,-1.19%,-1.54%,ok,skipped,0,,,,,,,,,,,,,,,0,,,,,,,,,,,,,,,,,,,,,,,2026-10-09 18:33,0.0691,1.0841
PROFL,-15.00%,+0.65%,-252.07%,5.92,-3.89,+11.71%,83.84,75.05,+0.70%,5.92,+37.42%,193683.59,140944.24,3.22 Ar,0.00%,-302.76%,50169.59,-24743.25,4.49,63.66,0.00%,848106.0,848106.0,-35.22%,-137044.2,-211565.55,Finance,Progressive Finance,PROFL,376.60,+2.98%,8899819.29,8642470.12,+2.28%,8188757.49,8005929.68,+34.29%,541990.32,403602.17,-3.11%,-18.70%,ok,skipped,0,,,,,,,,,,,,,,,0,,,,,,,,,,,,,,,,,,,,,,,2026-10-09 18:33,0.0706,11.5162
PRSF,+4.18%,+57.57%,,,,,,,+0.83%,,,,,1.21 Ar,+1.68%,,,,,,,,,,,,Mutual Fund,Prabhu Smart Fund,PRSF,12.10,,,,,,,,,,-0.25%,+31.82%,ok,skipped,0,,,,,,,,,,,,,,,0,,,,,,,,,,,,,,,,,,,,,,,2026-10-09 18:33,,
PRVU,-4.05%,-44.79%,-121.25%,-1.02,4.82,-3.65%,140.92,146.26,+2.25%,-1.02,+29.02%,9265782.0,7181924.0,43.93 Ar,+1.16%,-128.33%,-241244.0,851523.0,1.32,-182.1,0.00%,23542490.0,23542490.0,-11.54%,9633511.0,10890798.0,Commercial Banks,Prabhu Bank,PRVU,186.60,+2.52%,412087634.0,401941268.0,+3.10%,378911634.0,367507981.0,+30.66%,21976924.0,16819667.0,-2.41%,-10.10%,ok,skipped,0,,,,,,,,,,,,,,,0,,,,,,,,,,,,,,,,,,,,,,,2026-10-09 18:33,-0.0072,11.4213
PSF,+0.24%,+64.50%,,,,,,,+0.92%,,,,,1.38 Ar,-1.25%,,,,,,,,,,,,Mutual Fund,Prabhu Select Fund,PSF,11.00,,,,,,,,,,0.00%,+15.29%,ok,skipped,0,,,,,,,,,,,,,,,0,,,,,,,,,,,,,,,,,,,,,,,2026-10-09 18:33,,
PURE,-0.80%,+140.10%,+62.01%,3.16,1.95,+1.67%,103.64,101.94,-0.52%,3.16,+40.08%,233447.73,166658.17,6.08 Ar,-0.65%,+116.02%,25301.75,11712.93,7.33,240.3,0.00%,800000.0,800000.0,+87.38%,29139.65,15550.83,Hydro Power,Pure Energy Limited,PURE,760.00,-1.06%,2345425.5,2370587.02,-2.49%,1516285.85,1555036.19,+39.90%,247616.83,176991.3,-2.90%,-0.26%,ok,skipped,0,,,,,,,,,,,,,,,0,,,,,,,,,,,,,,,,,,,,,,,2026-10-09 18:33,0.0305,1.8287
RADHI,+0.71%,+180.73%,-15.90%,19.75,23.49,-3.47%,170.14,176.26,+1.13%,19.75,+23.86%,101704.87,82113.99,13.17 Ar,+3.51%,+12.13%,363251.02,323942.44,4.21,36.25,0.00%,1838979.32,1838979.32,-8.03%,1289932.95,1402487.67,Hydro Power,Radhi Bidhyut Company,RADHI,716.00,-6.19%,3604241.27,3841886.62,-20.83%,475329.01,600419.63,+25.53%,137615.55,109625.7,-0.69%,+2.61%,ok,skipped,0,,,,,,,,,,,,,,,0,,,,,,,,,,,,,,,,,,,,,,,2026-10-09 18:33,0.1161,0.1519
RAWA,-4.22%,+49.16%,-12.55%,11.17,12.77,+1.88%,86.32,84.73,+0.24%,11.17,+27.27%,89983.61,70702.54,1.15 Ar,+1.21%,+16.60%,31262.96,26811.95,4.75,36.72,0.00%,280000.0,280000.0,-10.41%,-38293.21,-42744.22,Hydro Power,Rawa Energy Development Limited,RAWA,410.00,-0.46%,652219.49,655252.27,-1.79%,410512.7,417996.49,+29.53%,104782.96,80893.57,-0.73%,-43.90%,ok,skipped,0,,,,,,,,,,,,,,,0,,,,,,,,,,,,,,,,,,,,,,,2026-10-09 18:33,0.1294,1.6984
RBBF40,-8.34%,-4.45%,,,,,,,+0.22%,,,,,1.13 Ar,-0.99%,,,,,,,,,,,,Mutual Fund,RBB Focus 40,RBBF40,9.03,,,,,,,,,,+0.11%,-4.45%,ok,skipped,0,,,,,,,,,,,,,,,0,,,,,,,,,,,,,,,,,,,,,,,2026-10-09 18:33,,
RBCL,-3.69%,-21.67%,-10.60%,129.18,144.49,-1.79%,6407.05,6524.1,+0.33%,129.18,+34.46%,729925.21,542844.44,36.61 Ar,+2.27%,+19.20%,344437.91,288953.4,5.29,106.29,0.00%,266639.06,266639.06,-0.26%,2595584.48,2602479.76,Non Life Insurance,Rastriya Beema,RBCL,"13,730.00",-2.39%,24814700.71,25421466.6,-3.67%,7731005.48,8025657.65,+23.34%,912090.91,739468.46,-0.84%,-7.97%,ok,skipped,0,,,,,,,,,,,,,,,0,,,,,,,,,,,,,,,,,,,,,,,2026-10-09 18:33,0.0202,0.4525
RFPL,-2.37%,+68.63%,+52.54%,2.71,1.78,+1.16%,119.78,118.41,+1.82%,2.71,+24.25%,226908.72,182628.38,2.35 Ar,+0.55%,+103.39%,37945.5,18656.34,2.8,123.6,0.00%,1400000.0,1400000.0,+7.47%,276959.29,257717.23,Hydro Power,River Falls Power Limited,RFPL,335.00,-0.32%,2839149.67,2848256.67,-2.38%,1162190.38,1190539.43,+31.03%,264331.18,201739.78,-0.93%,-0.60%,ok,skipped,0,,,,,,,,,,,,,,,0,,,,,,,,,,,,,,,,,,,,,,,2026-10-09 18:33,0.0226,0.693
RHGCL,-1.91%,+21.77%,"-7,610.32%",-2.16,0.03,-2.28%,93.56,95.74,+3.50%,-2.16,-0.46%,60663.68,60942.65,3.26 Ar,+4.90%,"-10,113.75%",-26419.39,263.83,2.84,-123.4,0.00%,1225587.6,1225587.6,+51.21%,-78952.42,-52215.03,Hydro Power,Rapti Hydro And General Construction Limited,RHGCL,266.00,-1.50%,1769468.88,1796497.51,-0.04%,617799.38,618076.5,+10.59%,83970.77,75932.67,-1.15%,+7.53%,ok,skipped,0,,,,,,,,,,,,,,,0,,,,,,,,,,,,,,,,,,,,,,,2026-10-09 18:33,-0.0231,0.5364
RHPL,-36.65%,-52.06%,-12.52%,-21.13,-24.16,-4.32%,67.01,70.04,-0.42%,-21.13,+65.27%,956167.0,578552.0,11.27 Ar,+1.47%,+16.64%,-1445890.0,-1239653.0,2.46,-7.79,0.00%,6842100.0,6842100.0,+10.09%,-2257058.0,-2050234.0,Hydro Power,Rasuwagadhi Hydropower Company Limited,RHPL,164.70,+0.26%,23554436.0,23492441.0,+1.44%,18969392.0,18700575.0,+62.87%,1266672.0,777725.0,-1.55%,-38.76%,ok,skipped,0,,,,,,,,,,,,,,,0,,,,,,,,,,,,,,,,,,,,,,,2026-10-09 18:33,-0.3153,4.1372
RIDI,+3.70%,+1.56%,-52.61%,2.02,4.26,-1.14%,102.03,103.2,0.00%,2.02,+12.46%,293318.85,260822.07,7.81 Ar,-3.42%,-36.82%,46862.65,74171.95,3.29,166.58,0.00%,2323351.8,2323351.8,-36.72%,47062.02,74371.27,Hydro Power,Ridi Power Company Limited,RIDI,336.00,-1.66%,1101608.42,1120250.97,-1.52%,1469452.99,1492165.47,+22.28%,364781.69,298312.29,-0.59%,+50.00%,ok,skipped,0,,,,,,,,,,,,,,,0,,,,,,,,,,,,,,,,,,,,,,,2026-10-09 18:33,0.0198,-3.9948
RLEL,-10.40%,+119.67%,+15.80%,12.24,10.57,+3.32%,129.2,125.06,-7.85%,12.24,+42.70%,306273.32,214629.17,7.92 Ar,-4.98%,+54.40%,144992.24,93909.25,5.17,54.59,0.00%,1185000.0,1185000.0,+16.54%,346076.36,296947.43,Hydro Power,Ridge Line Energy Limited,RLEL,668.00,-0.27%,2667659.51,2675015.71,-4.73%,1136583.15,1193068.27,+42.42%,337237.71,236787.9,-2.16%,+119.67%,ok,skipped,0,,,,,,,,,,,,,,,0,,,,,,,,,,,,,,,,,,,,,,,2026-10-09 18:33,0.0947,0.7423
RLFL,-11.60%,-4.65%,+0.10%,4.51,4.51,+0.84%,116.78,115.8,+0.42%,4.51,+26.92%,283456.0,223334.0,4.61 Ar,-2.87%,+33.47%,50587.0,37901.0,3.52,91.11,0.00%,1121452.0,1121452.0,+6.18%,188159.0,177210.0,Finance,Reliance Finance,RLFL,411.00,+8.87%,12524051.0,11504147.0,+9.89%,11214440.0,10205485.0,+31.35%,784609.0,597327.0,-1.63%,-4.48%,ok,skipped,0,,,,,,,,,,,,,,,0,,,,,,,,,,,,,,,,,,,,,,,2026-10-09 18:33,0.0386,8.5632
RMF1,-2.65%,+18.97%,,,,,,,-1.51%,,,,,1.14 Ar,-2.75%,,,,,,,,,,,,Mutual Fund,RBB Mutual Fund 1,RMF1,9.11,,,,,,,,,,+2.66%,+8.19%,ok,skipped,0,,,,,,,,,,,,,,,0,,,,,,,,,,,,,,,,,,,,,,,2026-10-09 18:33,,
RMF2,-5.69%,+18.23%,,,,,,,+3.00%,,,,,78.52 Cr,-2.31%,,,,,,,,,,,,Mutual Fund,RBB Mutual Fund 2,RMF2,9.27,,,,,,,,,,-2.39%,+5.83%,ok,skipped,0,,,,,,,,,,,,,,,0,,,,,,,,,,,,,,,,,,,,,,,2026-10-09 18:33,,
RNLI,-1.78%,+18.85%,-7.11%,11.21,12.07,+1.59%,148.49,146.17,+0.57%,11.21,+49.80%,1624143.53,1084193.9,23.02 Ar,+7.18%,+23.85%,582602.87,470417.33,3.83,39.52,0.00%,5196800.0,5196800.0,+19.09%,813439.03,683021.34,Life Insurance,Reliable Nepal Life Insurance Limited,RNLI,443.00,+9.65%,26755295.92,24399824.83,+13.30%,19038635.31,16803889.91,+42.70%,7868951.57,5514498.89,+0.62%,+0.63%,ok,skipped,0,,,,,,,,,,,,,,,0,,,,,,,,,,,,,,,,,,,,,,,2026-10-09 18:33,0.0755,2.4672
RSDC,-5.23%,+2.84%,+57.93%,13.37,8.46,+5.64%,131.07,124.07,+0.74%,13.37,+29.75%,191542.5,147622.42,6.38 Ar,-1.75%,+110.58%,138238.25,65647.5,4.7,46.12,0.00%,1034064.42,1034064.42,+29.06%,321255.07,248923.86,Microcredit,RSDC Laghubitta Bittiya Sanstha Ltd.,RSDC,616.60,-5.17%,5668451.27,5977534.2,-8.12%,4313131.78,4694545.93,+25.51%,413915.29,329782.34,-0.63%,+0.97%,ok,skipped,0,,,,,,,,,,,,,,,0,,,,,,,,,,,,,,,,,,,,,,,2026-10-09 18:33,0.102,3.1824
RSML,-11.13%,+718.69%,+12.13%,21.0,18.73,+1.20%,503.32,497.37,-0.03%,21.0,+45.53%,1411887.71,970187.08,50.77 Ar,-9.73%,+49.51%,399029.67,266892.12,5.31,127.23,0.00%,1900000.0,1900000.0,+1.50%,7663097.2,7550066.61,Manufacturing And Processing,Reliance Spinning Mills Limited,RSML,"2,672.00",-0.11%,13993458.85,14008628.89,-2.81%,4430361.64,4558562.25,+40.15%,10486323.91,7482022.63,-2.45%,+718.69%,ok,skipped,0,,,,,,,,,,,,,,,0,,,,,,,,,,,,,,,,,,,,,,,2026-10-09 18:33,0.0417,0.4633
RSY,+0.50%,+11.92%,,,,,,,-0.74%,,,,,1.12 Ar,-0.63%,,,,,,,,,,,,Mutual Fund,Reliable Samriddhi Yojana,RSY,9.33,,,,,,,,,,+1.29%,+14.31%,ok,skipped,0,,,,,,,,,,,,,,,0,,,,,,,,,,,,,,,,,,,,,,,2026-10-09 18:33,,
RSY2,-1.44%,-1.44%,,,,,,,+0.67%,,,,,1.12 Ar,+1.14%,,,,,,,,,,,,Mutual Fund,Reliable Samriddhi Yojana -2,RSY2,8.96,,,,,,,,,,+0.56%,-1.44%,ok,skipped,0,,,,,,,,,,,,,,,0,,,,,,,,,,,,,,,,,,,,,,,2026-10-09 18:33,,
RURU,-5.18%,-21.07%,-21.52%,10.4,13.25,+0.39%,128.84,128.34,-0.08%,10.4,+10.75%,92156.69,83215.16,3.36 Ar,+0.44%,+4.64%,64909.12,62031.67,4.6,56.93,0.00%,624054.42,624054.42,+1.76%,179946.55,176826.21,Hydro Power,Ru Ru Jalbidhyut Pariyojana Limited,RURU,592.10,-1.76%,1038362.87,1057013.69,-8.50%,234361.9,256133.05,+17.56%,138735.79,118014.62,-2.37%,-9.36%,ok,skipped,0,,,,,,,,,,,,,,,0,,,,,,,,,,,,,,,,,,,,,,,2026-10-09 18:33,0.0807,0.2915
SABBL,-14.78%,+146.36%,-278.97%,1.46,-0.81,-0.22%,103.52,103.75,+0.26%,1.46,+13.79%,63436.31,55749.76,4.26 Ar,-9.06%,-338.60%,7609.91,-3189.36,7.87,559.53,0.00%,522388.0,522388.0,-6.12%,18393.81,19593.12,Development Bank,Salapa Bikas Bank Limited,SABBL,815.10,+5.87%,2186522.56,2065226.98,+8.04%,1645740.75,1523245.86,+23.67%,139536.92,112831.19,-4.35%,+146.36%,ok,skipped,0,,,,,,,,,,,,,,,0,,,,,,,,,,,,,,,,,,,,,,,2026-10-09 18:33,0.0141,3.0433
SADBL,+5.82%,+49.16%,+37.75%,23.83,17.3,+6.74%,169.5,158.79,+0.05%,23.83,+49.62%,2420107.94,1617555.56,14.26 Ar,+3.49%,+83.67%,889937.94,484531.08,2.37,16.83,0.00%,3734068.51,3734068.51,+18.21%,2595015.96,2195247.41,Development Bank,Shangrila Development Bank,SADBL,401.10,+2.94%,66042519.31,64156981.16,+2.55%,59713434.85,58227665.24,+40.37%,4774523.36,3401489.13,+1.78%,+11.08%,ok,skipped,0,,,,,,,,,,,,,,,0,,,,,,,,,,,,,,,,,,,,,,,2026-10-09 18:33,0.1406,9.4348
SAEF2,-3.16%,-3.16%,,,,,,,+1.74%,,,,,1.17 Ar,+2.22%,,,,,,,,,,,,Mutual Fund,Sanima Equity Fund-2,SAEF2,9.35,,,,,,,,,,+2.00%,-3.16%,ok,skipped,0,,,,,,,,,,,,,,,0,,,,,,,,,,,,,,,,,,,,,,,2026-10-09 18:33,,
SAGAR,-1.07%,+346.78%,+21.48%,-7.89,-6.49,-5.60%,119.96,127.08,0.00%,-7.89,+51.67%,97482.71,64274.16,11.40 Ar,+0.71%,+61.97%,-57269.66,-35357.2,13.09,-199.03,0.00%,726000.0,726000.0,-26.27%,144931.14,196575.03,Manufacturing And Processing,Sagar Distillery Limited,SAGAR,"1,570.00",+4.15%,1538116.19,1476786.82,+20.38%,667185.06,554211.79,+111.69%,208169.27,98336.28,-1.26%,+346.78%,ok,skipped,0,,,,,,,,,,,,,,,0,,,,,,,,,,,,,,,,,,,,,,,2026-10-09 18:33,-0.0658,0.7661
SAGF,-2.28%,+21.82%,,,,,,,+1.51%,,,,,63.22 Cr,-0.96%,,,,,,,,,,,,Mutual Fund,Sanima Growth Fund,SAGF,9.40,,,,,,,,,,-1.49%,+3.33%,ok,skipped,0,,,,,,,,,,,,,,,0,,,,,,,,,,,,,,,,,,,,,,,2026-10-09 18:33,,
SAHAS,+6.48%,+102.76%,-13.81%,29.72,34.48,+2.17%,180.58,176.74,+0.22%,29.72,+19.77%,2616251.76,2184467.24,26.14 Ar,-0.29%,+14.92%,1359156.44,1182718.34,3.83,23.27,0.00%,4573800.0,4573800.0,+5.01%,3685780.09,3510079.37,Hydro Power,Sahas Urja Limited,SAHAS,691.50,-0.41%,18461051.75,18536828.26,-2.41%,10201471.66,10452948.89,+21.88%,2844534.71,2333888.93,+0.29%,+34.86%,ok,skipped,0,,,,,,,,,,,,,,,0,,,,,,,,,,,,,,,,,,,,,,,2026-10-09 18:33,0.1646,1.2351
SAIL,+6.56%,+178.45%,-33.32%,1.09,1.64,-2.41%,108.23,110.9,+0.32%,1.09,+41.36%,251275.34,177759.94,15.12 Ar,-10.04%,-11.09%,17834.22,20058.68,8.56,847.81,0.00%,1631250.0,1631250.0,-24.52%,134212.82,177814.71,Manufacturing And Processing,Shreenagar Agritech Industries Limited,SAIL,926.90,+2.05%,3055124.97,2993609.2,+8.87%,1289662.14,1184544.48,+34.90%,1835716.95,1360773.0,-5.61%,+178.45%,ok,skipped,0,,,,,,,,,,,,,,,0,,,,,,,,,,,,,,,,,,,,,,,2026-10-09 18:33,0.0101,0.7305
SALICO,-11.37%,-42.79%,+76.27%,11.94,6.77,-0.40%,232.72,233.64,+0.94%,11.94,+68.22%,1221930.55,726397.43,14.03 Ar,+2.12%,+135.03%,313096.83,133213.73,1.6,44.81,0.00%,2622638.2,2622638.2,+84.87%,347904.21,188190.97,Non Life Insurance,Sagarmatha Lumbini Insurance Co. Limited,SALICO,535.00,-15.53%,12596174.23,14912080.64,-26.09%,6492883.76,8784550.93,+54.84%,3222729.13,2081389.18,+0.36%,-11.30%,ok,skipped,0,,,,,,,,,,,,,,,0,,,,,,,,,,,,,,,,,,,,,,,2026-10-09 18:33,0.0513,1.0638
SANIMA,+8.40%,+12.19%,+13.29%,22.78,20.11,+4.56%,177.07,169.34,+0.94%,22.78,+35.50%,6991583.5,5160016.18,51.20 Ar,+4.56%,+51.06%,3550144.53,2350202.92,2.13,16.55,0.00%,15581525.41,15581525.41,+11.14%,12008730.41,10804721.36,Commercial Banks,Sanima Bank,SANIMA,377.00,+6.21%,291212798.4,274189150.39,+6.38%,263622542.6,247802903.62,+33.75%,16603839.91,12414344.73,+2.89%,+22.66%,ok,skipped,0,,,,,,,,,,,,,,,0,,,,,,,,,,,,,,,,,,,,,,,2026-10-09 18:33,0.1286,9.5549
SANVI,-18.53%,+24.59%,-9.18%,-7.72,-8.5,-1.25%,106.21,107.55,+3.86%,-7.72,+20.01%,120679.47,100558.73,4.50 Ar,-11.83%,+21.09%,-67907.26,-56079.94,4.81,-66.22,0.00%,880000.0,880000.0,-17.79%,54640.89,66468.21,Hydro Power,Sanvi Energy Limited,SANVI,511.00,+1.11%,2775793.17,2745446.33,+2.34%,1841152.27,1798978.12,+19.56%,125505.15,104973.78,-5.38%,-17.17%,ok,skipped,0,,,,,,,,,,,,,,,0,,,,,,,,,,,,,,,,,,,,,,,2026-10-09 18:33,-0.0727,1.9699
SAPDBL,-27.38%,+55.26%,+91.20%,18.04,9.43,+18.94%,86.71,72.9,-0.19%,18.04,+51.93%,233425.94,153645.22,4.70 Ar,-10.60%,+154.93%,150473.89,59024.77,6.5,31.27,0.00%,834338.43,834338.43,-50.97%,-110842.88,-226069.32,Development Bank,Saptakoshi Development Bank Ltd,SAPDBL,563.90,+6.48%,10113056.75,9498006.83,+5.62%,9389561.2,8889737.72,+42.11%,551870.51,388336.17,-5.83%,-29.81%,ok,skipped,0,,,,,,,,,,,,,,,0,,,,,,,,,,,,,,,,,,,,,,,2026-10-09 18:33,0.208,12.978
SAPIL,+272.81%,+272.81%,0.00%,5.04,0.0,0.00%,112.1,0.0,+1.81%,5.04,0.00%,71902.3,0.0,4.05 Ar,+3.72%,0.00%,17152.86,0.0,10.62,235.86,0.00%,340000.0,0.0,0.00%,41124.09,0.0,Manufacturing And Processing,Sarvottam Paints Industries Limited,SAPIL,"1,189.90",0.00%,511556.02,0.0,0.00%,97824.57,0.0,0.00%,211591.57,0.0,-8.62%,+272.81%,ok,skipped,0,,,,,,,,,,,,,,,0,,,,,,,,,,,,,,,,,,,,,,,2026-10-09 18:34,0.045,0.2364
SARBTM,-0.49%,+52.61%,-8.31%,21.2,23.12,+1.97%,199.82,195.96,+0.19%,21.2,+28.41%,2500341.23,1947195.32,39.88 Ar,+0.45%,+22.26%,1107429.39,905813.24,4.01,37.81,0.00%,5224275.0,5224275.0,+4.02%,5214618.48,5013002.33,Manufacturing And Processing,Sarbottam Cement Limited,SARBTM,801.50,+0.30%,16600292.64,16550710.06,-2.41%,6161399.16,6313432.73,+45.02%,10435478.17,7195913.37,-1.96%,+1.04%,ok,skipped,0,,,,,,,,,,,,,,,0,,,,,,,,,,,,,,,,,,,,,,,2026-10-09 18:34,0.1061,0.5902
SBCF,-5.31%,+9.25%,,,,,,,-0.88%,,,,,1.13 Ar,-2.15%,,,,,,,,,,,,,,SBCF,9.01,,,,,,,,,,-1.09%,+1.91%,ok,skipped,0,,,,,,,,,,,,,,,0,,,,,,,,,,,,,,,,,,,,,,,2026-10-09 18:34,,
SBI,+4.19%,+48.59%,+4.89%,18.04,17.19,+2.72%,194.73,189.57,+0.62%,18.04,+37.86%,5334310.56,3869415.72,44.41 Ar,+0.75%,+39.85%,2044330.74,1461785.73,2.09,22.59,0.00%,11335124.39,11335124.39,+5.76%,10737764.07,10152982.77,Commercial Banks,Nepal Sbi Bank,SBI,407.50,-2.51%,248357523.0,254744083.2,-2.99%,226284634.5,233255976.0,+33.94%,14481046.05,10811896.3,+0.50%,+12.34%,ok,skipped,0,,,,,,,,,,,,,,,0,,,,,,,,,,,,,,,,,,,,,,,2026-10-09 18:34,0.0926,10.2517
SBID2090,+0.74%,+2.43%,,,,,,,+1.25%,,,,,0.00,+1.85%,,,,,,,,,,,,Bond,7% Nepal SBI Bank Debenture 2090,SBID2090,"1,105.70",,,,,,,,,,-2.93%,+2.43%,ok,skipped,0,,,,,,,,,,,,,,,0,,,,,,,,,,,,,,,,,,,,,,,2026-10-09 18:34,,
SBL,+16.44%,+37.48%,+31.01%,23.79,18.16,+4.23%,225.9,216.73,+1.71%,23.79,+38.63%,9051188.76,6528874.45,57.77 Ar,+6.60%,+74.67%,3519409.8,2014855.23,1.81,17.24,0.00%,18294479.2,18294479.2,+7.86%,18625719.67,17268937.88,Commercial Banks,Siddhartha Bank,SBL,410.00,+6.34%,389732817.3,366484968.2,+6.62%,352812618.4,330921551.1,+36.19%,21054091.97,15459263.84,-1.49%,+36.79%,ok,skipped,0,,,,,,,,,,,,,,,0,,,,,,,,,,,,,,,,,,,,,,,2026-10-09 18:34,0.1053,9.5561
SBLD2091,+3.88%,+10.52%,,,,,,,0.00%,,,,,0.00,+3.88%,,,,,,,,,,,,Bond,7.25% SBL Debenture 2091,SBLD2091,"1,124.00",,,,,,,,,,-3.93%,+7.35%,ok,skipped,0,,,,,,,,,,,,,,,0,,,,,,,,,,,,,,,,,,,,,,,2026-10-09 18:34,,
SBLD89,+2.28%,+29.73%,,,,,,,+0.77%,,,,,5.24 Ar,+0.23%,,,,,,,,,,,,Bond,10.75% SBL Debenture 2089,SBLD89,"1,310.00",,,,,,,,,,-4.41%,+6.12%,ok,skipped,0,,,,,,,,,,,,,,,0,,,,,,,,,,,,,,,,,,,,,,,2026-10-09 18:34,,
SCB,+3.12%,+63.99%,+2.69%,28.38,27.64,+3.29%,225.77,218.59,+0.89%,28.38,+35.29%,3943296.0,2914742.0,66.87 Ar,+1.37%,+36.92%,2850211.0,2081621.0,2.95,23.46,0.00%,10042368.0,10042368.0,+6.06%,12630627.0,11909065.0,Commercial Banks,Standard Chartered Bank,SCB,665.90,+2.62%,180062722.0,175457305.0,+2.53%,157389727.0,153505870.0,+35.06%,7423825.0,5496601.0,-0.15%,+9.49%,ok,skipped,0,,,,,,,,,,,,,,,0,,,,,,,,,,,,,,,,,,,,,,,2026-10-09 18:34,0.1257,6.9417
SEF,-2.02%,+26.71%,,,,,,,0.00%,,,,,1.46 Ar,+1.15%,,,,,,,,,,,,Mutual Fund,Siddhartha Equity Fund,SEF,9.71,,,,,,,,,,+1.15%,+5.89%,ok,skipped,0,,,,,,,,,,,,,,,0,,,,,,,,,,,,,,,,,,,,,,,2026-10-09 18:34,,
SEF2,-3.92%,-3.92%,,,,,,,-0.66%,,,,,1.13 Ar,+2.37%,,,,,,,,,,,,Mutual Fund,Siddhartha Equity Fund 2,SEF2,9.02,,,,,,,,,,+0.67%,-3.92%,ok,skipped,0,,,,,,,,,,,,,,,0,,,,,,,,,,,,,,,,,,,,,,,2026-10-09 18:34,,
SFEF,-6.15%,+10.26%,,,,,,,+0.11%,,,,,89.50 Cr,-1.87%,,,,,,,,,,,,Mutual Fund,Sunrise Focused Equity Fund,SFEF,8.94,,,,,,,,,,-0.78%,+3.41%,ok,skipped,0,,,,,,,,,,,,,,,0,,,,,,,,,,,,,,,,,,,,,,,2026-10-09 18:34,,
SFMF,-13.18%,+32.42%,,,,,,,+3.41%,,,,,80.84 Cr,-1.20%,,,,,,,,,,,,Mutual Fund,Sunrise First Mutual Fund,SFMF,9.40,,,,,,,,,,-0.22%,-6.86%,ok,skipped,0,,,,,,,,,,,,,,,0,,,,,,,,,,,,,,,,,,,,,,,2026-10-09 18:34,,
SGHC,-11.83%,-1.01%,-25.07%,11.13,14.86,-0.03%,83.65,83.67,+0.38%,11.13,+23.06%,759293.87,616992.99,4.68 Ar,+0.86%,-0.10%,177349.25,177523.61,3.51,26.41,0.00%,1593000.0,1593000.0,+0.18%,-260525.88,-260069.62,Hydro Power,Swet-Ganga Hydropower & Construction Limited,SGHC,294.00,-0.76%,6133171.4,6180067.15,-0.96%,4800697.28,4847136.77,+25.20%,847095.44,676602.13,-0.37%,-9.88%,ok,skipped,0,,,,,,,,,,,,,,,0,,,,,,,,,,,,,,,,,,,,,,,2026-10-09 18:34,0.1331,3.6028
SGHL,-1.53%,+34.82%,-23.36%,9.33,12.17,-1.68%,111.8,113.71,+1.01%,9.33,+27.66%,1052289.22,824320.17,13.36 Ar,-5.38%,+45.99%,265881.02,182122.63,4.19,50.23,+42.86%,2850000.0,1995000.0,+22.96%,336414.0,273600.24,Hydro Power,Sanigad Hydro Limited,SGHL,468.60,+0.64%,8490773.1,8436495.55,-13.92%,5309359.1,6167895.29,+34.73%,1110581.05,824320.17,-1.70%,+34.82%,ok,skipped,0,,,,,,,,,,,,,,,0,,,,,,,,,,,,,,,,,,,,,,,2026-10-09 18:34,0.0835,1.6689
SGIC,-19.23%,-28.47%,+80.83%,5.76,3.19,-3.73%,147.33,153.04,0.00%,5.76,+60.90%,671663.05,417434.31,8.12 Ar,-0.03%,+153.17%,130039.88,51364.04,1.26,65.6,+5.00%,2257500.0,2150000.0,-48.77%,98755.62,192758.0,Non Life Insurance,Sanima GIC Insurance Limited,SGIC,377.90,-0.96%,8801176.78,8886073.29,-2.15%,5475153.7,5595725.55,+57.02%,1420279.64,904522.81,-2.05%,-17.55%,ok,skipped,0,,,,,,,,,,,,,,,0,,,,,,,,,,,,,,,,,,,,,,,2026-10-09 18:34,0.0391,1.6462
SHEL,-0.34%,+19.31%,-24.36%,6.78,8.96,-0.01%,109.81,109.82,+0.47%,6.78,+20.92%,685247.78,566696.5,8.62 Ar,+2.07%,+0.85%,206462.19,204713.1,2.71,43.86,0.00%,3045000.0,3045000.0,-0.14%,298743.25,299164.16,Hydro Power,Singati Hydro Energy Limited,SHEL,297.39,-0.81%,6405186.63,6457411.73,-1.66%,3061443.38,3113247.57,+21.35%,702206.15,578684.44,-1.30%,+11.12%,ok,skipped,0,,,,,,,,,,,,,,,0,,,,,,,,,,,,,,,,,,,,,,,2026-10-09 18:34,0.0617,0.9156
SHINE,+7.64%,+45.70%,+12.37%,23.52,20.93,+4.20%,159.49,153.05,+0.03%,23.52,+37.22%,2826703.2,2060002.35,19.50 Ar,+4.15%,+49.83%,1181279.44,788404.48,2.51,17.01,0.00%,5021972.73,5021972.73,+12.12%,2987319.8,2664387.15,Development Bank,Shine Resunga Development Bank,SHINE,400.00,+3.70%,87704410.23,84576334.32,+3.65%,79695117.7,76889974.44,+34.36%,6009961.83,4472969.44,+0.83%,+12.09%,ok,skipped,0,,,,,,,,,,,,,,,0,,,,,,,,,,,,,,,,,,,,,,,2026-10-09 18:34,0.1475,9.9503
SHINED,+3.96%,+4.64%,,,,,,,0.00%,,,,,0.00,+4.54%,,,,,,,,,,,,Bond,Shine Resunga Debenture,SHINED,"1,151.00",,,,,,,,,,+2.31%,+4.64%,ok,skipped,0,,,,,,,,,,,,,,,0,,,,,,,,,,,,,,,,,,,,,,,2026-10-09 18:34,,
SHIVM,+9.42%,-30.95%,-4.98%,14.03,14.76,+1.86%,188.76,185.31,+0.63%,14.03,+36.29%,1730724.8,1269924.17,37.43 Ar,+2.88%,+26.69%,784474.15,619192.41,3.63,48.91,0.00%,5593228.71,5593228.71,+4.04%,4964337.17,4771677.43,Manufacturing And Processing,Shivam Cements Ltd,SHIVM,686.00,-0.13%,13072154.55,13088712.09,-7.68%,2514588.67,2723805.95,+38.87%,7055871.09,5080969.48,-0.48%,+21.61%,ok,skipped,0,,,,,,,,,,,,,,,0,,,,,,,,,,,,,,,,,,,,,,,2026-10-09 18:34,0.0743,0.2382
SHL,+3.45%,+219.01%,+3.65%,6.48,6.25,+6.70%,28.52,26.73,+1.37%,6.48,+35.12%,1101437.08,815168.9,52.83 Ar,+1.63%,+38.20%,761106.09,550732.62,18.13,79.83,0.00%,1175152.54,1175152.54,+10.70%,2176569.29,1966195.81,Hotels,Soaltee Hotel,SHL,517.00,+3.97%,3991535.92,3839072.93,-8.30%,639814.09,697724.58,+39.93%,3148091.7,2249778.82,+0.04%,+16.33%,ok,skipped,0,,,,,,,,,,,,,,,0,,,,,,,,,,,,,,,,,,,,,,,2026-10-09 18:34,0.2272,0.1909
SHLB,-15.71%,+22.92%,+54.30%,30.81,19.97,+5.72%,288.38,272.78,+0.57%,30.81,+50.23%,190763.56,126979.92,1.35 Ar,-2.23%,+105.74%,33700.43,16380.24,4.27,39.98,0.00%,109375.0,109375.0,+9.03%,206042.14,188976.69,Microcredit,Shrijanshil Laghubitta Bittiya Sanstha Limited,SHLB,"1,232.00",+4.71%,3160498.66,3018316.3,+4.60%,2845081.52,2719964.61,+41.19%,374288.31,265103.71,-4.09%,-31.94%,ok,skipped,0,,,,,,,,,,,,,,,0,,,,,,,,,,,,,,,,,,,,,,,2026-10-09 18:34,0.1068,9.0201
SHPC,+6.72%,+66.97%,+62.45%,7.85,4.83,+3.08%,137.5,133.39,0.00%,7.85,+76.95%,416136.49,235167.7,19.66 Ar,+2.53%,+116.60%,293450.42,135481.53,3.83,67.0,0.00%,3737993.71,3737993.71,+12.30%,1401717.55,1248162.9,Hydro Power,Sanima Mai Hydropower,SHPC,526.00,+0.67%,5454505.27,5418007.9,-27.11%,314794.01,431851.28,+64.72%,512739.99,311275.48,-0.94%,+5.20%,ok,skipped,0,,,,,,,,,,,,,,,0,,,,,,,,,,,,,,,,,,,,,,,2026-10-09 18:34,0.0571,0.0612
SICL,-14.05%,-47.34%,+38.24%,4.19,3.03,+1.24%,191.95,189.6,+0.75%,4.19,+68.97%,1274165.46,754082.72,15.67 Ar,-3.27%,+84.33%,130089.12,70575.61,1.47,127.79,0.00%,3101567.8,3101567.8,+48.78%,79866.55,53680.61,Non Life Insurance,Shikhar Insurance,SICL,536.00,-1.06%,15257874.19,15421870.9,-2.48%,9304418.8,9541274.33,+52.01%,2957474.86,1945567.22,-1.50%,-11.57%,ok,skipped,0,,,,,,,,,,,,,,,0,,,,,,,,,,,,,,,,,,,,,,,2026-10-09 18:34,0.0218,1.5629
SIFC,-11.26%,+15.01%,+36.67%,4.62,3.38,+0.53%,139.82,139.08,-0.43%,4.62,+37.51%,228277.65,166005.04,4.63 Ar,-0.85%,+82.23%,46216.28,25360.88,3.31,100.18,0.00%,1000000.0,1000000.0,+1.89%,398213.92,390843.42,Finance,Shree Investment Finance,SIFC,463.00,+0.11%,10446716.96,10435093.8,+0.05%,9048503.04,9044250.37,+32.68%,705713.3,531898.04,-2.72%,-5.22%,ok,skipped,0,,,,,,,,,,,,,,,0,,,,,,,,,,,,,,,,,,,,,,,2026-10-09 18:34,0.033,6.4715
SIGS2,-2.66%,+32.87%,,,,,,,0.00%,,,,,0.00,-3.62%,,,,,,,,,,,,Mutual Fund,Siddhartha Investment Growth Scheme 2,SIGS2,9.31,,,,,,,,,,-2.10%,+4.42%,ok,skipped,0,,,,,,,,,,,,,,,0,,,,,,,,,,,,,,,,,,,,,,,2026-10-09 18:34,,
SIGS3,+7.74%,+65.37%,,,,,,,-1.06%,,,,,82.43 Cr,+2.27%,,,,,,,,,,,,Mutual Fund,Siddhartha Investment Growth Scheme 3,SIGS3,10.23,,,,,,,,,,0.00%,+23.97%,ok,skipped,0,,,,,,,,,,,,,,,0,,,,,,,,,,,,,,,,,,,,,,,2026-10-09 18:34,,
SIKLES,+8.11%,+120.74%,-13.68%,14.07,16.3,+1.64%,114.13,112.28,-0.59%,14.07,+26.68%,298544.25,235666.68,5.01 Ar,+4.47%,+15.10%,137533.06,119491.51,5.17,41.93,0.00%,977500.0,977500.0,+15.03%,138097.81,120056.27,Hydro Power,Sikles Hydropower Limited,SIKLES,590.00,-0.45%,2030304.14,2039447.19,-2.89%,914706.32,941890.93,+30.57%,338841.24,259509.79,+5.32%,-0.68%,ok,skipped,0,,,,,,,,,,,,,,,0,,,,,,,,,,,,,,,,,,,,,,,2026-10-09 18:34,0.1233,0.8199
SINDU,-41.51%,-5.09%,-102.27%,0.18,-7.91,+6.11%,96.87,91.3,+4.22%,0.18,+42.54%,143564.83,100719.27,2.38 Ar,-3.10%,-103.03%,1001.55,-33073.69,4.41,2378.33,0.00%,557456.07,557456.07,-64.09%,-17424.6,-48516.74,Development Bank,Sindhu Bikash Bank,SINDU,427.30,-1.18%,6135068.74,6208492.65,-1.83%,5595037.27,5699553.32,+33.49%,391633.36,293380.01,-16.31%,-41.68%,ok,skipped,0,,,,,,,,,,,,,,,0,,,,,,,,,,,,,,,,,,,,,,,2026-10-09 18:34,0.0019,10.3606
SIPD,-10.50%,+71.73%,+16.80%,-7.73,-6.62,-2.97%,93.72,96.58,-1.64%,-7.73,+16.98%,27223.46,23271.72,5.18 Ar,-12.23%,+55.73%,-75784.4,-48664.51,5.64,-68.3,0.00%,980000.0,980000.0,+83.81%,-61564.61,-33493.07,Hydro Power,Shikhar Power Development Limited,SIPD,528.20,-1.74%,1591075.81,1619186.25,-0.01%,672640.42,672679.32,+39.97%,35674.54,25487.33,-4.16%,+71.73%,ok,skipped,0,,,,,,,,,,,,,,,0,,,,,,,,,,,,,,,,,,,,,,,2026-10-09 18:34,-0.0825,0.7324
SJCL,-12.92%,-31.27%,+185.46%,2.25,0.79,+2.02%,83.76,82.1,+2.31%,2.25,+36.02%,1403500.2,1031857.46,8.91 Ar,+2.80%,+280.61%,81978.42,21538.65,2.91,108.64,0.00%,3650000.0,3650000.0,-9.25%,-592808.9,-653248.72,Hydro Power,Sanjen Jalavidhyut Company Limited,SJCL,244.00,+0.28%,12720270.83,12685024.0,-0.26%,9663079.72,9688272.73,+37.81%,1641567.15,1191213.08,-1.45%,-18.29%,ok,skipped,0,,,,,,,,,,,,,,,0,,,,,,,,,,,,,,,,,,,,,,,2026-10-09 18:34,0.0269,3.1608
SJLIC,-0.34%,-27.71%,-13.67%,7.59,8.79,-2.24%,122.68,125.49,+0.51%,7.59,+53.83%,2214302.61,1439448.93,20.90 Ar,+3.72%,+15.10%,380219.38,330332.7,3.72,54.97,0.00%,5011947.8,5011947.8,+14.08%,609241.87,534025.02,Life Insurance,SuryaJyoti Life Insurance Company Limited,SJLIC,417.00,+8.60%,60956907.83,56130941.81,+9.96%,54808321.76,49841684.98,+47.44%,17099064.74,11597095.5,-0.98%,+3.52%,ok,skipped,0,,,,,,,,,,,,,,,0,,,,,,,,,,,,,,,,,,,,,,,2026-10-09 18:34,0.0619,8.914
SKBBL,+0.78%,+0.27%,+1.36%,13.26,13.08,+1.54%,221.76,218.4,-0.67%,13.26,+32.02%,1273970.4,964977.45,32.13 Ar,-0.13%,+35.15%,653145.93,483277.43,3.36,56.2,0.00%,4927170.08,4927170.08,+2.84%,5999545.43,5833929.2,Microcredit,Sana Kisan Bikas Bank,SKBBL,745.00,+3.33%,41996243.7,40644376.51,+3.97%,31069528.19,29883277.23,+32.79%,2088375.42,1572681.95,-1.70%,-1.42%,ok,skipped,0,,,,,,,,,,,,,,,0,,,,,,,,,,,,,,,,,,,,,,,2026-10-09 18:34,0.0598,2.8434
SKHEL,-17.11%,+141.77%,+10.11%,-4.81,-4.37,-1.67%,90.38,91.92,-0.79%,-4.81,+31.81%,201548.83,152905.16,5.17 Ar,-9.35%,+46.81%,-33191.18,-22608.47,8.3,-155.84,0.00%,689674.4,689674.4,+19.01%,-66334.15,-55737.91,Hydro Power,Suryakunda Hydro Electric Limited,SKHEL,750.00,+0.85%,2457998.96,2437335.99,+1.73%,1834658.71,1803399.5,+32.89%,228147.94,171683.76,-6.20%,+141.77%,ok,skipped,0,,,,,,,,,,,,,,,0,,,,,,,,,,,,,,,,,,,,,,,2026-10-09 18:34,-0.0532,2.9433
SKHL,-23.60%,+110.67%,+22.12%,19.1,15.64,+5.14%,145.29,138.19,+1.57%,19.1,0.00%,0.0,0.0,10.94 Ar,-4.77%,+62.83%,295976.51,181775.16,4.86,36.98,0.00%,1550000.0,1550000.0,+18.59%,701970.09,591950.58,Hydro Power,Super Khudi Hydropower Limited,SKHL,706.10,+15.56%,6397469.23,5536003.34,+22.14%,4145499.14,3394052.75,0.00%,0.0,0.0,-3.18%,+110.67%,ok,skipped,0,,,,,,,,,,,,,,,0,,,,,,,,,,,,,,,,,,,,,,,2026-10-09 18:34,0.1315,1.8408
SLBBL,+3.13%,+11.31%,+11.21%,34.8,31.3,+7.00%,171.23,160.03,+0.61%,34.8,+40.92%,758698.11,538381.84,6.49 Ar,+4.57%,+48.28%,311723.77,210230.76,4.84,23.79,0.00%,895633.63,895633.63,+18.66%,637962.23,537644.92,Microcredit,Swarojgar Laghu Bitta Bikas Bank,SLBBL,828.00,+3.99%,11863808.16,11408646.11,+3.56%,10330212.3,9975367.56,+38.03%,1413215.93,1023814.32,-0.11%,+7.98%,ok,skipped,0,,,,,,,,,,,,,,,0,,,,,,,,,,,,,,,,,,,,,,,2026-10-09 18:34,0.2032,6.7359
SLBSL,-25.04%,-32.33%,-32.82%,26.66,39.68,-5.57%,129.29,136.91,+3.31%,26.66,+25.49%,162949.25,129853.59,1.49 Ar,-1.51%,-10.43%,45534.2,50835.59,6.77,32.82,0.00%,170805.0,170805.0,-20.65%,50022.9,63038.06,Microcredit,Samudayik Laghubitta Bittiya Sanstha Limited,SLBSL,875.00,-5.97%,2230846.39,2372574.65,-6.02%,2010018.5,2138731.6,+29.22%,297850.87,230505.24,-4.29%,-39.28%,ok,skipped,0,,,,,,,,,,,,,,,0,,,,,,,,,,,,,,,,,,,,,,,2026-10-09 18:34,0.2062,9.1022
SLCF,-6.09%,+10.05%,,,,,,,-2.55%,,,,,1.10 Ar,+5.38%,,,,,,,,,,,,Mutual Fund,Sanima Large Cap Fund,SLCF,9.16,,,,,,,,,,+3.07%,0.00%,ok,skipped,0,,,,,,,,,,,,,,,0,,,,,,,,,,,,,,,,,,,,,,,2026-10-09 18:34,,
SMATA,-9.29%,-27.22%,+8.59%,18.04,16.62,+3.98%,145.11,139.56,+0.30%,18.04,+38.25%,471860.1,341320.02,4.25 Ar,-2.46%,+44.79%,119170.18,82307.53,4.66,37.47,0.00%,660504.14,660504.14,+14.03%,297965.38,261306.4,Microcredit,Samata Gharelu Laghubitta Bittiya Sanstha Limited,SMATA,676.00,+3.33%,7373423.65,7136080.91,+3.23%,6414954.13,6214270.37,+37.46%,814820.63,592750.76,-1.61%,-23.63%,ok,skipped,0,,,,,,,,,,,,,,,0,,,,,,,,,,,,,,,,,,,,,,,2026-10-09 18:34,0.1243,6.6929
SMB,-0.39%,+31.54%,+22.13%,56.82,46.53,+11.87%,205.13,183.37,-0.06%,56.82,+37.94%,184945.86,134079.81,2.20 Ar,+2.79%,+62.84%,76184.95,46784.43,8.78,31.68,0.00%,134075.58,134075.58,+26.10%,140948.75,111778.2,Microcredit,Support Microfinance Bittiya Sanstha Ltd.,SMB,"1,800.00",+1.90%,2353888.54,2309946.02,+0.72%,2078864.21,2064092.25,+36.36%,307760.87,225702.88,0.00%,-10.09%,ok,skipped,0,,,,,,,,,,,,,,,0,,,,,,,,,,,,,,,,,,,,,,,2026-10-09 18:35,0.277,7.5588
SMFBS,-17.32%,-18.30%,-11.05%,33.77,37.96,-8.39%,197.5,215.59,-0.08%,33.77,+35.29%,237367.98,175447.84,2.03 Ar,-4.27%,+18.61%,51819.35,43690.18,6.68,39.09,0.00%,153445.51,153445.51,-15.65%,149612.58,177374.16,Microcredit,Swabhimaan Laghubitta Bittiya Sanstha Ltd,SMFBS,"1,320.00",-3.28%,3250683.93,3361080.06,-2.73%,2947625.84,3030260.39,+34.10%,419557.35,312868.45,-0.68%,-21.22%,ok,skipped,0,,,,,,,,,,,,,,,0,,,,,,,,,,,,,,,,,,,,,,,2026-10-09 18:35,0.171,9.7263
SMH,+0.58%,+55.35%,-7.61%,9.42,10.19,+1.52%,130.95,128.99,+1.93%,9.42,+47.63%,119462.93,80918.62,2.82 Ar,+2.99%,+38.58%,37792.06,27270.74,4.02,55.95,0.00%,535000.0,535000.0,+6.78%,165598.97,155077.65,Hydro Power,Super Mai Hydropower Limited,SMH,527.00,+1.56%,1364771.69,1343849.89,+1.59%,664172.72,653772.25,+47.52%,138409.18,93826.04,+1.69%,-25.57%,ok,skipped,0,,,,,,,,,,,,,,,0,,,,,,,,,,,,,,,,,,,,,,,2026-10-09 18:35,0.0719,0.948
SMHL,+15.10%,+83.50%,+30.84%,18.4,14.06,+7.03%,119.5,111.65,-0.32%,18.4,+46.84%,1299931.55,885282.91,10.39 Ar,+1.22%,+74.46%,425993.1,244182.51,3.94,25.61,0.00%,2315250.0,2315250.0,+67.43%,451432.24,269621.7,Hydro Power,Super Madi Hydropower Limited,SMHL,471.20,-0.35%,9613485.99,9647551.38,-3.06%,6846803.75,7062679.68,+42.07%,1330432.29,936435.75,+0.49%,-30.26%,ok,skipped,0,,,,,,,,,,,,,,,0,,,,,,,,,,,,,,,,,,,,,,,2026-10-09 18:35,0.154,2.4747
SMJC,-11.63%,+21.74%,+24.08%,3.78,3.05,+1.38%,109.59,108.09,+0.51%,3.78,+16.80%,177073.93,151608.94,4.66 Ar,-2.23%,+65.44%,44387.81,26829.35,3.62,104.93,0.00%,1173200.0,1173200.0,+18.49%,112501.23,94942.77,Hydro Power,Sagarmatha Jalabidhyut Company Limited,SMJC,397.00,+5.08%,2586660.14,2461554.34,+9.01%,1300958.9,1193411.58,+28.97%,223447.15,173249.34,-2.35%,-23.89%,ok,skipped,0,,,,,,,,,,,,,,,0,,,,,,,,,,,,,,,,,,,,,,,2026-10-09 18:35,0.0345,1.0119
SMPDA,-8.44%,-41.96%,+29.03%,32.52,25.2,+8.67%,173.92,160.04,0.00%,32.52,+48.31%,847098.48,571152.66,5.02 Ar,-1.24%,+72.03%,227902.85,132475.74,4.12,22.02,0.00%,700858.35,700858.35,+23.10%,518056.14,420825.43,Microcredit,Sampada Laghubitta Bittiya Sanstha Limited,SMPDA,716.00,-1.23%,10830454.43,10965801.95,-2.36%,9611539.94,9844118.18,+40.93%,1422209.52,1009153.77,-0.84%,-19.55%,ok,skipped,0,,,,,,,,,,,,,,,0,,,,,,,,,,,,,,,,,,,,,,,2026-10-09 18:35,0.187,7.8853
SNLI,-5.08%,+37.30%,-7.67%,7.92,8.58,+1.06%,142.88,141.38,+0.05%,7.92,+38.41%,1375901.0,994102.52,20.43 Ar,+5.40%,+23.11%,418599.55,340023.15,3.8,51.24,0.00%,5282793.6,5282793.6,+20.24%,368423.98,306409.62,Life Insurance,Sun Nepal Life Insurance Company Limited,SNLI,406.00,+6.54%,20907531.44,19623988.16,+9.91%,13359695.13,12155219.38,+45.85%,6079830.16,4168670.89,-1.67%,-0.29%,ok,skipped,0,,,,,,,,,,,,,,,0,,,,,,,,,,,,,,,,,,,,,,,2026-10-09 18:35,0.0554,1.77
SNORL,+22.87%,+181.32%,+34.11%,11.93,8.89,+4.60%,112.09,107.16,-1.03%,11.93,+54.08%,341183.78,221428.37,8.15 Ar,+9.81%,+123.52%,111818.24,50026.43,7.75,72.86,+25.00%,937500.0,750000.0,+110.98%,113360.21,53731.46,Hydro Power,Snow Rivers Limited,SNORL,869.00,+2.86%,3015430.19,2931580.22,-7.67%,1964569.99,2127848.76,+51.31%,377510.89,249500.79,+4.04%,+181.32%,ok,skipped,0,,,,,,,,,,,,,,,0,,,,,,,,,,,,,,,,,,,,,,,2026-10-09 18:35,0.1064,1.8695
SOHL,+5.52%,+86.09%,-2.64%,11.14,11.44,+1.89%,138.04,135.49,+4.05%,11.14,+30.60%,1380251.75,1056881.39,63.90 Ar,-5.52%,+29.81%,1113879.58,858102.79,4.63,57.37,0.00%,10000000.0,10000000.0,+7.21%,3804387.72,3548610.93,Hydro Power,Solu Hydropower Limited,SOHL,639.00,-22.06%,25953095.76,33297901.92,-38.49%,12148708.04,19749290.99,+24.46%,2629245.89,2112492.26,-2.52%,+86.09%,ok,skipped,0,,,,,,,,,,,,,,,0,,,,,,,,,,,,,,,,,,,,,,,2026-10-09 18:35,0.0807,0.8801
SONA,+3.71%,+36.51%,+11.82%,10.96,9.81,+1.82%,200.81,197.22,-0.23%,10.96,+45.26%,1280339.82,881394.75,13.19 Ar,+8.86%,+49.09%,337147.95,226134.71,2.14,39.13,0.00%,3075050.0,3075050.0,+3.69%,3100100.91,2989715.49,Manufacturing And Processing,Sonapur Minerals And Oil Limited,SONA,429.00,+5.90%,15352901.37,14497461.3,+8.84%,9177750.16,8432695.81,+45.20%,4419490.8,3043812.17,+2.38%,+2.09%,ok,skipped,0,,,,,,,,,,,,,,,0,,,,,,,,,,,,,,,,,,,,,,,2026-10-09 18:35,0.0546,1.4862
SOPL,-24.67%,+104.87%,,,,,,,-1.28%,,,,,10.55 Ar,-14.77%,,,,,,,,,,,,Manufacturing And Processing,Sopan Pharmaceuticals Limited,SOPL,615.00,,,,,,,,,,-5.91%,+104.87%,ok,skipped,0,,,,,,,,,,,,,,,0,,,,,,,,,,,,,,,,,,,,,,,2026-10-09 18:35,,
SPC,-9.54%,+19.19%,"-1,246.48%",3.97,-0.35,+2.94%,109.88,106.74,-0.79%,3.97,+57.07%,208896.33,132998.2,1.90 Ar,-2.05%,"-1,628.64%",19848.57,-1298.44,3.45,95.47,0.00%,500000.0,500000.0,+46.63%,49399.42,33688.88,Hydro Power,Samling Power Company Limited,SPC,379.00,-0.56%,2129734.25,2141774.6,-1.73%,1580334.84,1608085.73,+53.61%,235192.15,153109.33,-1.70%,-19.90%,ok,skipped,0,,,,,,,,,,,,,,,0,,,,,,,,,,,,,,,,,,,,,,,2026-10-09 18:35,0.0361,2.8765
SPDL,-6.72%,+25.72%,+13.40%,6.05,5.33,+1.88%,109.19,107.18,+0.71%,6.05,+40.06%,213627.76,152521.47,4.26 Ar,+1.42%,+51.20%,80495.39,53236.54,3.23,58.26,0.00%,1330848.75,1330848.75,+28.02%,122256.25,95498.98,Hydro Power,Synergy Power Development Ltd.,SPDL,352.40,+1.84%,1795359.64,1762872.73,+1.70%,342254.64,336525.0,+42.03%,230469.11,162269.05,+0.60%,-8.25%,ok,skipped,0,,,,,,,,,,,,,,,0,,,,,,,,,,,,,,,,,,,,,,,2026-10-09 18:35,0.0554,0.2355
SPHL,-8.81%,+136.23%,-80.19%,1.0,5.05,-2.95%,91.84,94.63,-2.08%,1.0,+4.25%,44156.17,42354.42,1.49 Ar,-1.56%,-73.58%,3004.66,11372.97,5.39,494.73,0.00%,300000.0,300000.0,+51.98%,-24466.41,-16098.1,Hydro Power,Sayapatri Hydropower Limited,SPHL,495.50,-1.65%,508548.89,517094.16,-0.08%,233015.3,233192.26,+8.01%,50249.14,46523.37,-3.44%,-2.32%,ok,skipped,0,,,,,,,,,,,,,,,0,,,,,,,,,,,,,,,,,,,,,,,2026-10-09 18:35,0.0109,0.8457
SPIL,-10.74%,-17.33%,+510.80%,11.65,1.91,+4.08%,260.26,250.06,-1.14%,11.65,+130.79%,1311430.26,568230.87,17.06 Ar,+4.59%,+714.39%,326852.23,40134.37,1.29,52.21,0.00%,2806549.9,2806549.9,+64.75%,548278.56,332788.43,Non Life Insurance,Siddhartha Premier Insurance Limited,SPIL,608.00,-4.88%,20314929.94,21357020.33,-9.27%,13010473.81,14339072.81,+60.86%,3092178.32,1922225.74,+1.15%,-8.25%,ok,skipped,0,,,,,,,,,,,,,,,0,,,,,,,,,,,,,,,,,,,,,,,2026-10-09 18:35,0.0448,1.7812
SPL,-14.29%,+95.54%,-35.15%,5.29,8.16,+0.11%,101.23,101.11,+0.35%,5.29,+28.18%,16532.23,12897.86,1.14 Ar,-12.98%,-13.53%,10578.04,12233.32,5.65,108.15,0.00%,200000.0,200000.0,+10.27%,2451.04,2222.8,Hydro Power,Shuvam Power Limited,SPL,572.00,-1.17%,237494.83,240306.75,-7.98%,35043.79,38083.95,+30.47%,20486.45,15701.77,-3.68%,-36.74%,ok,skipped,0,,,,,,,,,,,,,,,0,,,,,,,,,,,,,,,,,,,,,,,2026-10-09 18:35,0.0523,0.1731
SRLI,-3.42%,-10.51%,-15.54%,7.65,9.06,+0.86%,112.62,111.65,+1.36%,7.65,+43.51%,1400687.32,976018.97,18.65 Ar,+3.35%,+12.62%,383865.02,340858.58,3.47,48.59,0.00%,5014924.06,5014924.06,+11.46%,359883.81,322871.84,Life Insurance,Sanima Reliance Life Insurance Limited,SRLI,371.90,+7.29%,32268660.68,30077097.11,+8.76%,26621028.92,24477877.05,+44.87%,9499907.64,6557629.81,-0.60%,-0.33%,ok,skipped,0,,,,,,,,,,,,,,,0,,,,,,,,,,,,,,,,,,,,,,,2026-10-09 18:35,0.0679,4.7137
SRLIP,-0.81%,-12.11%,,,,,,,0.00%,7.65,,,,0.00,0.00%,,,,3.3,48.59,,,,,,,Life Insurance,Sanima Reliance Life Insurance Limited Promoter Share,SRLIP,196.00,,,,,,,,,,0.00%,-2.00%,ok,skipped,0,,,,,,,,,,,,,,,0,,,,,,,,,,,,,,,,,,,,,,,2026-10-09 18:35,,
SSHL,+5.32%,-3.79%,+29.67%,-4.03,-3.11,-3.12%,52.89,54.59,+0.96%,-4.03,+16.05%,363091.89,312874.56,3.10 Ar,+8.90%,+72.90%,-119110.37,-68890.55,3.97,-52.06,0.00%,2952800.0,2952800.0,+3.75%,-1391116.22,-1340896.41,Hydro Power,Shiva Shree Hydropower Ltd,SSHL,210.00,-0.72%,4917861.5,4953418.78,+0.44%,3356177.72,3341515.19,+17.00%,375129.34,320610.66,-0.29%,+19.68%,ok,skipped,0,,,,,,,,,,,,,,,0,,,,,,,,,,,,,,,,,,,,,,,2026-10-09 18:35,-0.0762,2.1491
STC,+5.24%,+27.32%,,,,,,,+1.66%,38.83,,,,17.67 Ar,+2.98%,,,,10.85,141.91,,,,,,,Trading,Salt Trading Corporation,STC,"5,510.00",,,,,,,,,,-2.45%,+12.46%,ok,skipped,0,,,,,,,,,,,,,,,0,,,,,,,,,,,,,,,,,,,,,,,2026-10-09 18:35,,
SWASTIK,-18.61%,+311.14%,-1.05%,21.11,21.33,-7.76%,146.61,158.94,-0.90%,21.11,+24.82%,52587.21,42129.68,95.86 Cr,-8.22%,+31.93%,12191.29,9240.49,11.32,78.63,0.00%,57750.0,57750.0,-20.92%,26917.95,34037.12,Microcredit,Swastik Laghubitta Bittiya Sanstha Limited,SWASTIK,"1,660.00",+12.98%,855649.04,757323.68,+15.84%,770981.09,665536.56,+28.11%,93412.14,72913.39,-4.88%,+311.14%,ok,skipped,0,,,,,,,,,,,,,,,0,,,,,,,,,,,,,,,,,,,,,,,2026-10-09 18:35,0.144,9.1059
SWBBL,-0.57%,-23.67%,+44.03%,35.41,24.59,+6.76%,241.91,226.59,+1.32%,35.41,+46.74%,2071206.13,1411465.93,11.41 Ar,+0.74%,+92.04%,619756.39,322725.55,2.85,19.46,0.00%,1750000.0,1750000.0,+12.11%,2483509.75,2215311.35,Microcredit,Swabalamban Bikas Bank,SWBBL,689.00,+5.59%,28092868.49,26606639.95,+5.38%,23859358.75,22641328.6,+42.32%,3656323.85,2569172.06,-2.17%,-9.70%,ok,skipped,0,,,,,,,,,,,,,,,0,,,,,,,,,,,,,,,,,,,,,,,2026-10-09 18:35,0.1464,5.6358
SWMF,-4.02%,-33.03%,-13.72%,19.69,22.82,+1.59%,155.26,152.82,-0.82%,19.69,+53.08%,1011181.45,660545.98,6.53 Ar,+1.87%,+15.03%,217849.11,189376.76,3.8,29.96,0.00%,1106286.3,1106286.3,+4.61%,611329.55,584391.58,Microcredit,Suryodaya Womi Laghubitta Bittiya Sanstha Limited,SWMF,590.00,+1.32%,13210267.62,13037997.22,+1.28%,11492651.77,11347319.34,+44.66%,1745722.05,1206743.43,-2.12%,-13.85%,ok,skipped,0,,,,,,,,,,,,,,,0,,,,,,,,,,,,,,,,,,,,,,,2026-10-09 18:35,0.1268,6.691
SYPNL,-2.51%,+275.32%,+67.56%,5.16,3.08,+2.61%,111.78,108.94,-1.59%,5.16,+64.55%,295611.36,179652.52,16.99 Ar,-0.53%,+123.42%,67516.49,30219.74,11.62,251.68,0.00%,1308136.1,1308136.1,+31.87%,154148.24,116896.18,Manufacturing And Processing,SY Panel Nepal Limited,SYPNL,"1,299.00",+1.03%,1734566.35,1716943.48,-6.56%,272282.01,291410.93,+53.20%,815901.29,532575.49,-3.93%,+275.32%,ok,skipped,0,,,,,,,,,,,,,,,0,,,,,,,,,,,,,,,,,,,,,,,2026-10-09 18:35,0.0462,0.1862
TAMOR,+24.53%,+68.47%,+86.53%,18.73,10.04,+9.49%,128.83,117.67,+1.05%,18.73,+56.25%,1772759.9,1134531.53,18.23 Ar,+10.86%,+148.71%,624291.37,251016.36,4.25,29.2,0.00%,3332497.0,3332497.0,+63.16%,960859.72,588890.38,Hydro Power,Sanima Middle Tamor Hydropower Limited,TAMOR,547.00,+2.02%,14339356.98,14056020.73,-0.87%,10046000.26,10134633.34,+54.39%,2025176.1,1311728.6,+3.79%,+16.99%,ok,skipped,0,,,,,,,,,,,,,,,0,,,,,,,,,,,,,,,,,,,,,,,2026-10-09 18:35,0.1454,2.3399
TPC,+2.24%,+100.45%,+6.44%,11.17,10.49,+3.17%,103.64,100.45,+0.06%,11.17,+39.41%,124604.16,89377.58,2.88 Ar,+3.18%,+41.93%,89339.14,62947.97,3.48,32.25,0.00%,800000.0,800000.0,+708.93%,29094.41,3596.63,Hydro Power,Terhathum Power Company Limited,TPC,360.20,-1.88%,1176004.35,1198513.28,-12.16%,346909.94,394916.64,+39.99%,182612.26,130443.86,+0.28%,+13.60%,ok,skipped,0,,,,,,,,,,,,,,,0,,,,,,,,,,,,,,,,,,,,,,,2026-10-09 18:35,0.1078,0.4184
TPKHL,-6.86%,+37.68%,-43.07%,2.96,5.21,-1.53%,102.44,104.03,+1.05%,2.96,+37.08%,233612.87,170423.5,5.76 Ar,-5.38%,+17.24%,35575.68,30345.11,4.69,161.91,+54.45%,1200000.0,776933.2,-6.35%,29327.7,31315.87,Hydro Power,Taksar Pikhuwa Khola Hydropower Limited,TPKHL,480.00,+2.38%,2086644.42,2038232.19,-30.30%,857316.71,1229983.12,+29.15%,250247.77,193768.84,-2.66%,+37.68%,ok,skipped,0,,,,,,,,,,,,,,,0,,,,,,,,,,,,,,,,,,,,,,,2026-10-09 18:35,0.0289,0.6974
TRH,+4.39%,+144.10%,+265.49%,-35.97,-9.84,-19.41%,118.71,147.3,+1.22%,-35.97,-213.89%,77984.81,-68473.32,16.09 Ar,+5.90%,+387.32%,-705788.59,-144831.73,6.91,-22.8,0.00%,1962120.16,1962120.16,-60.45%,367029.61,927986.46,Hotels,Taragaon Regency Hotel,TRH,820.00,-12.21%,3601445.93,4102545.77,+4.94%,1272296.16,1212439.14,+76.98%,416221.93,235174.53,+0.97%,-0.39%,ok,skipped,0,,,,,,,,,,,,,,,0,,,,,,,,,,,,,,,,,,,,,,,2026-10-09 18:35,-0.303,0.5462
TSHL,-11.64%,+19.39%,-30.28%,-6.4,-9.18,+0.79%,61.47,60.99,+1.22%,-6.4,+118.18%,119131.66,54602.21,1.67 Ar,-2.08%,-7.04%,-31523.66,-33911.15,5.51,-52.96,0.00%,492500.0,492500.0,-1.24%,-189746.63,-192134.11,Hydro Power,Three Star Hydropower Limited,TSHL,339.00,+4.89%,1414217.91,1348289.69,+6.06%,1111464.54,1047923.79,+38.60%,135868.57,98028.85,-1.93%,-61.94%,ok,skipped,0,,,,,,,,,,,,,,,0,,,,,,,,,,,,,,,,,,,,,,,2026-10-09 18:35,-0.1041,3.6712
TTL,-12.15%,+58.93%,,,,,,,+1.56%,0.91,,,,5.30 Ar,-6.46%,,,,6.18,718.07,,,,,,,Trading,Trade Tower Limited,TTL,650.00,,,,,,,,,,-4.90%,-10.61%,ok,skipped,0,,,,,,,,,,,,,,,0,,,,,,,,,,,,,,,,,,,,,,,2026-10-09 18:35,,
TVCL,-39.87%,-4.34%,+5.01%,-7.36,-7.01,-2.69%,76.12,78.22,+1.77%,-7.36,0.00%,0.0,0.0,5.32 Ar,-3.79%,+40.01%,-131655.36,-94033.04,3.77,-39.0,0.00%,1789162.77,1789162.77,+9.66%,-427285.6,-389663.28,Hydro Power,Trishuli Jal Vidhyut Company Limited,TVCL,287.00,+7.63%,8355917.38,7763608.88,+9.90%,6994040.21,6364109.39,0.00%,0.0,0.0,-2.76%,-36.04%,ok,skipped,0,,,,,,,,,,,,,,,0,,,,,,,,,,,,,,,,,,,,,,,2026-10-09 18:35,-0.0967,5.1356
UAIL,-17.66%,-13.74%,-167.81%,2.73,-4.03,+7.60%,188.01,174.73,+1.11%,2.73,+100.35%,743980.46,371348.1,8.39 Ar,-1.02%,-190.41%,63099.83,-69790.49,1.38,132.89,0.00%,2310000.0,2310000.0,+161.76%,143910.18,54977.97,Non Life Insurance,United Ajod Insurance Limited,UAIL,363.00,+15.75%,9053967.9,7822137.16,+24.44%,4710849.31,3785778.19,+42.95%,1805210.21,1262868.41,-1.70%,-11.16%,ok,skipped,0,,,,,,,,,,,,,,,0,,,,,,,,,,,,,,,,,,,,,,,2026-10-09 18:35,0.0145,1.0847
UHEWA,+2.86%,+365.65%,+0.99%,18.91,18.72,+4.36%,119.99,114.97,+0.16%,18.91,+35.05%,252990.59,187332.96,2.90 Ar,-1.50%,+34.65%,108703.99,80728.39,4.83,30.68,0.00%,575000.0,575000.0,+33.50%,114925.46,86084.63,Hydro Power,Upper Hewakhola Hydropower Company Limited,UHEWA,580.00,+2.17%,1608019.71,1573815.51,+0.59%,918094.25,912730.87,+36.60%,261670.88,191556.86,-1.18%,+19.93%,ok,skipped,0,,,,,,,,,,,,,,,0,,,,,,,,,,,,,,,,,,,,,,,2026-10-09 18:35,0.1576,1.3307
ULBSL,-11.41%,+223.29%,+37.47%,52.93,38.5,+10.32%,305.54,276.96,+0.28%,52.93,+42.16%,215388.0,151509.0,2.68 Ar,+0.72%,+83.29%,56182.0,30652.02,8.26,47.67,0.00%,106148.2,106148.2,+16.15%,218176.59,187839.27,Microcredit,Upakar Laghubitta Bittiya Sanstha Limited,ULBSL,"2,523.00",-12.58%,2882694.2,3297432.14,-14.82%,2558369.41,3003444.68,+37.78%,379140.0,275187.0,-1.10%,-28.03%,ok,skipped,0,,,,,,,,,,,,,,,0,,,,,,,,,,,,,,,,,,,,,,,2026-10-09 18:35,0.1732,7.8883
ULHC,-15.67%,+25.00%,+427.23%,-5.69,-1.08,-5.34%,88.51,93.5,+1.42%,-5.69,+25.59%,53212.4,42369.78,1.71 Ar,+10.37%,+602.97%,-29018.59,-4127.97,3.78,-58.8,0.00%,509804.0,509804.0,+76.87%,-58594.01,-33128.39,Hydro Power,Upper Lohore Khola Hydropower Company Limited,ULHC,334.70,-2.06%,1189910.0,1214930.15,+8.23%,738700.01,682509.45,+24.19%,69820.76,56219.68,-5.71%,-27.95%,ok,skipped,0,,,,,,,,,,,,,,,0,,,,,,,,,,,,,,,,,,,,,,,2026-10-09 18:35,-0.0643,1.6372
UMHL,-4.50%,+45.06%,+5.41%,5.74,5.44,-5.10%,105.98,111.68,-0.60%,5.74,+33.26%,267858.0,201008.0,6.78 Ar,+0.16%,+50.39%,75562.0,50245.0,5.2,95.94,+7.00%,1316635.0,1230500.0,-45.22%,78735.0,143728.0,Hydro Power,United Modi Hydropower,UMHL,550.60,+1.51%,2210594.0,2177697.0,+1.51%,815584.0,803471.0,+31.44%,282985.0,215298.0,+0.38%,+13.60%,ok,skipped,0,,,,,,,,,,,,,,,0,,,,,,,,,,,,,,,,,,,,,,,2026-10-09 18:35,0.0542,0.5846
UMRH,-0.97%,+21.01%,-39.82%,11.53,19.15,-2.47%,112.0,114.84,-0.27%,11.53,+11.75%,157112.38,140587.04,2.34 Ar,-1.16%,-19.75%,55777.8,69508.4,4.54,44.12,0.00%,483865.2,483865.2,-19.12%,58068.94,71799.54,Hydro Power,United IDI Mardi RB Hydropower Limited,UMRH,508.60,-1.92%,1404031.95,1431564.61,-1.58%,862097.82,875899.88,+12.78%,180288.54,159856.26,-0.20%,-5.01%,ok,skipped,0,,,,,,,,,,,,,,,0,,,,,,,,,,,,,,,,,,,,,,,2026-10-09 18:35,0.1029,1.5908
UNHPL,-8.53%,+9.63%,-16.80%,4.36,5.24,+0.41%,105.02,104.59,+0.56%,4.36,+28.01%,79389.37,62016.98,2.67 Ar,+0.06%,+10.94%,32678.58,29457.2,3.39,81.7,0.00%,750000.0,750000.0,+9.37%,37619.34,34397.96,Hydro Power,Union Hydropower Limited,UNHPL,356.00,+0.39%,790772.42,787686.24,-4.11%,3153.08,3288.28,+28.03%,81315.96,63512.38,-1.12%,-29.20%,ok,skipped,0,,,,,,,,,,,,,,,0,,,,,,,,,,,,,,,,,,,,,,,2026-10-09 18:35,0.0415,0.004
UNL,+1.69%,+196.94%,-0.28%,1712.27,1717.12,+8.25%,5537.13,5114.98,+1.04%,1712.27,+37.30%,4118200.0,2999500.0,44.65 Ar,+4.35%,+32.96%,1577000.0,1186100.0,8.76,28.32,0.00%,92100.0,92100.0,+8.42%,5007600.0,4618800.0,Manufacturing And Processing,Unilever Nepal,UNL,"48,500.00",+5.92%,7729400.0,7297100.0,+1.68%,2629900.0,2586400.0,+39.46%,8036200.0,5762300.0,-2.24%,+3.44%,ok,skipped,0,,,,,,,,,,,,,,,0,,,,,,,,,,,,,,,,,,,,,,,2026-10-09 18:36,0.3092,0.5157
UNLB,-5.32%,+24.31%,+183.17%,34.39,12.15,+11.34%,247.59,222.36,-0.41%,34.39,+36.47%,261372.0,191525.95,1.82 Ar,+1.20%,+277.55%,51097.79,13533.87,4.95,35.61,0.00%,148575.0,148575.0,+20.62%,219280.49,181799.59,Microcredit,Unique Nepal Laghubitta Bittiya Sanstha Limited,UNLB,"1,224.80",+3.10%,3873077.76,3756779.46,+2.30%,3505222.28,3426404.87,+35.79%,510745.66,376116.13,+0.81%,-38.99%,ok,skipped,0,,,,,,,,,,,,,,,0,,,,,,,,,,,,,,,,,,,,,,,2026-10-09 18:36,0.1389,9.5288
UPCL,-10.28%,+8.00%,+2.29%,1.13,1.1,-4.59%,109.67,114.95,+3.25%,1.13,+31.66%,184591.51,140207.22,7.60 Ar,-6.24%,+36.39%,27968.11,20506.23,3.04,296.33,0.00%,2485123.62,2485123.62,-35.32%,240308.41,371552.09,Hydro Power,Universal Power Company Ltd,UPCL,333.50,-3.68%,4245653.64,4407679.28,-1.98%,1520221.61,1551003.58,+34.22%,239675.99,178563.99,-3.26%,-10.77%,ok,skipped,0,,,,,,,,,,,,,,,0,,,,,,,,,,,,,,,,,,,,,,,2026-10-09 18:36,0.0103,0.5578
UPPER,-0.78%,-45.86%,+142.17%,4.37,1.81,-4.74%,44.48,46.69,+0.52%,4.37,+38.25%,10409836.54,7529543.63,40.75 Ar,+4.02%,+222.90%,925934.77,286757.55,4.33,44.01,0.00%,21180000.0,21180000.0,+4.15%,-11758926.02,-11290524.53,Hydro Power,Upper Tamakoshi Hydropower Ltd,UPPER,192.40,-0.46%,80943425.81,81320181.88,+0.13%,71522351.83,71430706.4,+38.23%,10668812.79,7718105.75,+0.21%,+4.99%,ok,skipped,0,,,,,,,,,,,,,,,0,,,,,,,,,,,,,,,,,,,,,,,2026-10-09 18:36,0.0982,7.5917
USHEC,+2.29%,+38.96%,-24.30%,15.46,20.43,+0.06%,119.02,118.95,+0.79%,15.46,+15.78%,635997.24,549336.8,6.75 Ar,+0.43%,+0.93%,208763.01,206841.8,4.2,32.33,0.00%,1350000.0,1350000.0,+0.37%,256755.35,255803.05,Hydro Power,Upper Solu Hydro Electric Company Limited,USHEC,500.00,-0.77%,4810204.56,4847388.14,-1.18%,3203449.22,3241585.09,+18.34%,738286.14,623873.44,+0.12%,+6.69%,ok,skipped,0,,,,,,,,,,,,,,,0,,,,,,,,,,,,,,,,,,,,,,,2026-10-09 18:36,0.1299,1.9937
USHL,+5.96%,+82.86%,-83.35%,0.87,5.2,+4.56%,100.1,95.74,+0.20%,0.87,+17.60%,62356.86,53024.6,1.12 Ar,-0.39%,-77.79%,1906.44,8585.48,5.1,589.68,0.00%,220000.0,220000.0,-102.32%,217.85,-9378.77,Hydro Power,Upper Syange Hydropower Limited,USHL,511.00,+2.16%,608492.41,595614.96,+0.85%,388274.56,384993.73,+18.50%,65534.33,55301.0,-0.97%,-29.56%,ok,skipped,0,,,,,,,,,,,,,,,0,,,,,,,,,,,,,,,,,,,,,,,2026-10-09 18:36,0.0087,1.7631
USLB,-13.64%,-36.52%,+17.02%,28.02,23.94,+5.96%,178.87,168.81,-0.44%,28.02,+40.38%,311350.8,221785.78,2.57 Ar,+3.06%,+56.03%,69161.09,44325.54,5.82,37.14,0.00%,246865.74,246865.74,+14.62%,194692.14,169856.58,Microcredit,Unnati Sahakarya Laghubitta Bittiya Sanstha Limited,USLB,"1,040.40",+2.66%,4410752.86,4296551.49,+2.30%,3969194.99,3880021.06,+37.75%,546659.36,396858.76,-9.13%,-42.93%,ok,skipped,0,,,,,,,,,,,,,,,0,,,,,,,,,,,,,,,,,,,,,,,2026-10-09 18:36,0.1567,8.9891
VLBS,-12.22%,-49.59%,-649.03%,24.78,-4.51,+9.74%,173.82,158.39,+0.46%,24.78,+131.53%,742451.39,320671.53,4.42 Ar,-4.62%,-832.04%,196159.56,-26796.15,3.41,23.93,0.00%,791722.06,791722.06,+26.42%,584453.69,462308.5,Microcredit,Vijaya Laghubitta Bittiya Sanstha,VLBS,593.00,-1.70%,11773047.99,11977210.9,-3.04%,10396872.24,10723180.34,+73.71%,1348655.39,776365.04,-4.40%,-26.49%,ok,skipped,0,,,,,,,,,,,,,,,0,,,,,,,,,,,,,,,,,,,,,,,2026-10-09 18:36,0.1426,7.5549
VLUCL,-14.02%,-6.92%,-167.46%,4.73,-7.01,+7.82%,137.71,127.73,-0.53%,4.73,+48.18%,528206.59,356472.09,7.11 Ar,-1.55%,-189.95%,90455.71,-100566.89,2.7,78.65,0.00%,1912500.0,1912500.0,+36.03%,721269.75,530247.16,Hydro Power,Vision Lumbini Urja Company Limited,VLUCL,372.00,+2.97%,6683226.33,6490381.55,+0.05%,4049456.58,4047634.4,+49.58%,582327.54,389315.49,-1.55%,-34.75%,ok,skipped,0,,,,,,,,,,,,,,,0,,,,,,,,,,,,,,,,,,,,,,,2026-10-09 18:36,0.0343,1.5375
YMHL,-14.94%,+39.10%,-40.25%,-16.04,-26.85,-6.25%,93.47,99.71,+3.13%,-16.04,+6.26%,142611.8,134210.72,3.46 Ar,-15.05%,+32.77%,-112279.3,-84564.96,5.29,-30.85,+66.67%,700000.0,420000.0,"+3,656.98%",-45683.28,-1215.96,Hydro Power,Yambaling Hydropower Limited,YMHL,494.90,-0.46%,1861868.21,1870463.04,-16.72%,1215811.44,1459938.94,+21.07%,180118.75,148767.45,-4.97%,+39.10%,ok,skipped,0,,,,,,,,,,,,,,,0,,,,,,,,,,,,,,,,,,,,,,,2026-10-09 18:36,-0.1716,1.8819
